mention_id,document,footnote_ordinal,note_id,unit_ordinal,text,mention_type,explicit_payload,explicit_locator,effective_locator,relation_type,relation_surface,antecedent_mention_id,explicit_author,inherited_author,inherited_work_id,resolved_work_id,candidate_work_ids,resolution,resolution_method,confidence,abbreviation,abbreviation_expansion,source_family,warnings
mention-0001,ВВЕДЕНИЕ_ВЕРСИЯ_3.docx,1,1,1,"Берман Г.Дж. Западная традиция права: эпоха формирования / пер. с англ. Н.Р. Никоновой, Н. Н. Деева. 2-е изд. М.: Изд-во МГУ; Издательская группа ИНФРА-М—НОРМА, 1998. С. 26.",full_reference,"Берман Г.Дж. Западная традиция права: эпоха формирования / пер. с англ. Н.Р. Никоновой, Н. Н. Деева. 2-е изд. М.: Изд-во МГУ; Издательская группа ИНФРА-М—НОРМА, 1998. С. 26.",С. 26,С. 26,,,,,,,korneeva-research-021,korneeva-research-021,resolved_explicit,token_overlap,1.0,,,,
mention-0002,ВВЕДЕНИЕ_ВЕРСИЯ_3.docx,2,2,1,В историографии понятие правовой культуры первоначально оформилось в рамках социологии права и связывалось с ценностными ориентациями общества по отношению к правовой системе:,commentary,В историографии понятие правовой культуры первоначально оформилось в рамках социологии права и связывалось с ценностными ориентациями общества по отношению к правовой системе:,,,,,,,,,,,not_bibliographic,commentary_or_internal_cross_reference,,,,,
mention-0003,ВВЕДЕНИЕ_ВЕРСИЯ_3.docx,2,2,2,"Friedman L.M. Legal Culture and Social Development // Law & Society Review. 1969. Vol. 4, № 1. P. 29–44",full_reference,"Friedman L.M. Legal Culture and Social Development // Law & Society Review. 1969. Vol. 4, № 1. P. 29–44","Vol. 4, № 1; P. 29–44","Vol. 4, № 1; P. 29–44",,,,,,,korneeva-footnote-001,korneeva-footnote-001,new_footnote_only_record,new_footnote_only_record,0.9,,,,
mention-0004,ВВЕДЕНИЕ_ВЕРСИЯ_3.docx,2,2,3,"Idem. The Legal System: A Social Science Perspective. New York: Russell Sage Foundation, 1975. В сравнительно-правовых исследованиях близкая проблематика развивалась через понятие правовой традиции, позволявшее рассматривать право не только как систему норм, но и как совокупность устойчивых представлений о природе права, его роли, способах применения, изучения и передачи:",full_reference,"The Legal System: A Social Science Perspective. New York: Russell Sage Foundation, 1975. В сравнительно-правовых исследованиях близкая проблематика развивалась через понятие правовой традиции, позволявшее рассматривать право не только как систему норм, но и как совокупность устойчивых представлений о природе права, его роли, способах применения, изучения и передачи:",,,same_author,Idem.,mention-0003,,"Friedman, L",,korneeva-footnote-002,korneeva-footnote-002,new_footnote_only_record,new_footnote_only_record,0.9,,,,
mention-0005,ВВЕДЕНИЕ_ВЕРСИЯ_3.docx,2,2,4,"Merryman J.H. The Civil Law Tradition: An Introduction to the Legal Systems of Western Europe and Latin America. Stanford: Stanford University Press, 1969. Для анализа сосуществования различных нормативных порядков и взаимодействия официального права, обычая и социальных практик принципиальное значение получили исследования правового плюрализма:",full_reference,"Merryman J.H. The Civil Law Tradition: An Introduction to the Legal Systems of Western Europe and Latin America. Stanford: Stanford University Press, 1969. Для анализа сосуществования различных нормативных порядков и взаимодействия официального права, обычая и социальных практик принципиальное значение получили исследования правового плюрализма:",,,,,,,,,korneeva-footnote-003,korneeva-footnote-003,new_footnote_only_record,new_footnote_only_record,0.9,,,,
mention-0006,ВВЕДЕНИЕ_ВЕРСИЯ_3.docx,2,2,5,"Merry S. E. Legal Pluralism // Law & Society Review. 1988. Vol. 22, № 5. P. 869–896. В более поздней литературе понятие правовой культуры стало использоваться осторожнее: исследователи подчёркивали необходимость учитывать его связь с социальными практиками, правовым воображением, профессиональным знанием и формами правовой коммуникации:",full_reference,"Merry S. E. Legal Pluralism // Law & Society Review. 1988. Vol. 22, № 5. P. 869–896. В более поздней литературе понятие правовой культуры стало использоваться осторожнее: исследователи подчёркивали необходимость учитывать его связь с социальными практиками, правовым воображением, профессиональным знанием и формами правовой коммуникации:","Vol. 22, № 5; P. 869–896","Vol. 22, № 5; P. 869–896",,,,,,,korneeva-footnote-004,korneeva-footnote-004,new_footnote_only_record,new_footnote_only_record,0.9,,,,
mention-0007,ВВЕДЕНИЕ_ВЕРСИЯ_3.docx,2,2,6,Nelken D. Using the Concept of Legal Culture // Australian Journal of Legal Philosophy. 2004. Vol. 29. P. 1–26,full_reference,Nelken D. Using the Concept of Legal Culture // Australian Journal of Legal Philosophy. 2004. Vol. 29. P. 1–26,Vol. 29; P. 1–26,Vol. 29; P. 1–26,,,,,,,korneeva-footnote-005,korneeva-footnote-005,new_footnote_only_record,new_footnote_only_record,0.9,,,,
mention-0008,ВВЕДЕНИЕ_ВЕРСИЯ_3.docx,2,2,7,"Cotterrell R. Law, Culture and Society: Legal Ideas in the Mirror of Social Theory. Aldershot: Ashgate, 2006. В медиевистике близкая исследовательская перспектива позволила рассматривать право как часть интеллектуальной, текстовой и социальной жизни средневекового общества, где обычай, авторитет, память, письменная форма и судебная практика не отделены друг от друга:",full_reference,"Cotterrell R. Law, Culture and Society: Legal Ideas in the Mirror of Social Theory. Aldershot: Ashgate, 2006. В медиевистике близкая исследовательская перспектива позволила рассматривать право как часть интеллектуальной, текстовой и социальной жизни средневекового общества, где обычай, авторитет, память, письменная форма и судебная практика не отделены друг от друга:",,,,,,,,,korneeva-footnote-006,korneeva-footnote-006,new_footnote_only_record,new_footnote_only_record,0.9,,,,
mention-0009,ВВЕДЕНИЕ_ВЕРСИЯ_3.docx,2,2,8,"Берман Г.Дж. Западная традиция права: эпоха формирования / пер. с англ. Н.Р. Никоновой, Н. Н. Деева. 2-е изд. М.: Изд-во МГУ; Издательская группа ИНФРА-М—НОРМА, 1998",full_reference,"Берман Г.Дж. Западная традиция права: эпоха формирования / пер. с англ. Н.Р. Никоновой, Н. Н. Деева. 2-е изд. М.: Изд-во МГУ; Издательская группа ИНФРА-М—НОРМА, 1998",,,,,,,,,korneeva-research-021,korneeva-research-021,resolved_explicit,token_overlap,1.0,,,,
mention-0010,ВВЕДЕНИЕ_ВЕРСИЯ_3.docx,2,2,9,"Grossi P. L’ordine giuridico medievale. Roma; Bari: Laterza, 1995",full_reference,"Grossi P. L’ordine giuridico medievale. Roma; Bari: Laterza, 1995",,,,,,,,,korneeva-footnote-007,korneeva-footnote-007,new_footnote_only_record,new_footnote_only_record,0.9,,,,
mention-0011,ВВЕДЕНИЕ_ВЕРСИЯ_3.docx,2,2,10,"Wormald P. Legal Culture in the Early Medieval West: Law as Text, Image and Experience. London: Hambledon Press, 1999.",full_reference,"Wormald P. Legal Culture in the Early Medieval West: Law as Text, Image and Experience. London: Hambledon Press, 1999.",,,,,,,,,korneeva-footnote-008,korneeva-footnote-008,new_footnote_only_record,new_footnote_only_record,0.9,,,,
mention-0012,ВВЕДЕНИЕ_ВЕРСИЯ_3.docx,3,3,1,См. об историко-антропологическом и правовом подходе:,commentary,См. об историко-антропологическом и правовом подходе:,,,,,,,,,,,not_bibliographic,commentary_or_internal_cross_reference,,,,,
mention-0013,ВВЕДЕНИЕ_ВЕРСИЯ_3.docx,3,3,2,"Блок М. Апология истории, или Ремесло историка. М., 1986. С. 17–31",full_reference,"Блок М. Апология истории, или Ремесло историка. М., 1986. С. 17–31",С. 17–31,С. 17–31,,,,,,,korneeva-research-025,korneeva-research-025,resolved_explicit,exact_title,0.98,,,,
mention-0014,ВВЕДЕНИЕ_ВЕРСИЯ_3.docx,3,3,3,"Варьяш О.И. История права и антропология права // Варьяш О.И. Пиренейские тетради: право, общество, власть и человек в средние века. М.: Наука, 2006. С. 28–29",full_reference,"Варьяш О.И. История права и антропология права // Варьяш О.И. Пиренейские тетради: право, общество, власть и человек в средние века. М.: Наука, 2006. С. 28–29",С. 28–29,С. 28–29,,,,,,,korneeva-research-033,korneeva-research-033,resolved_explicit,exact_title,0.98,,,,
mention-0015,ВВЕДЕНИЕ_ВЕРСИЯ_3.docx,3,3,4,"Репина Л.П., Зверева В.В., Парамонова М.Ю. История исторического знания. М.: Дрофа, 2004. С. 245.",full_reference,"Репина Л.П., Зверева В.В., Парамонова М.Ю. История исторического знания. М.: Дрофа, 2004. С. 245.",С. 245,С. 245,,,,,,,korneeva-research-102,korneeva-research-102,resolved_explicit,token_overlap,0.856,,,,
mention-0016,ВВЕДЕНИЕ_ВЕРСИЯ_3.docx,4,4,1,"Варьяш О.И. Язык средневекового права // Варьяш О.И. Пиренейские тетради: право, общество, власть и человек в средние века. М.: Наука, 2006. С. 90.",full_reference,"Варьяш О.И. Язык средневекового права // Варьяш О.И. Пиренейские тетради: право, общество, власть и человек в средние века. М.: Наука, 2006. С. 90.",С. 90,С. 90,,,,,,,korneeva-research-039,korneeva-research-039,resolved_explicit,exact_title,0.98,,,,
mention-0017,ВВЕДЕНИЕ_ВЕРСИЯ_3.docx,5,5,1,"См. например, работу нашей коллеги с добротным историографическим обзором:",commentary,"См. например, работу нашей коллеги с добротным историографическим обзором:",,,,,,,,,,,not_bibliographic,commentary_or_internal_cross_reference,,,,,
mention-0018,ВВЕДЕНИЕ_ВЕРСИЯ_3.docx,5,5,2,Сафронова Д.П. Устная речь в правовой и документальной практике Леонского королевства X–XI веков // Диалог со временем. 2020. № 72. С. 125.,full_reference,Сафронова Д.П. Устная речь в правовой и документальной практике Леонского королевства X–XI веков // Диалог со временем. 2020. № 72. С. 125.,С. 125,С. 125,,,,,,,korneeva-research-105,korneeva-research-105,resolved_explicit,exact_title,0.98,,,,
mention-0019,ВВЕДЕНИЕ_ВЕРСИЯ_3.docx,6,6,1,"Составленные Петром извлечения из римских законов / пер., ввод. ст. и коммент. Д.Ю. Полдникова; под ред. Л.Л. Кофанова // Древнее право. Ius antiquum. 2003. № 1 (11). С. 216–262; 2003. № 2 (12). С. 212–231; 2004. № 1 (13). С. 188–207.",full_reference,"Составленные Петром извлечения из римских законов / пер., ввод. ст. и коммент. Д.Ю. Полдникова; под ред. Л.Л. Кофанова // Древнее право. Ius antiquum. 2003. № 1 (11). С. 216–262; 2003. № 2 (12). С. 212–231; 2004. № 1 (13). С. 188–207.",С. 216–262; С. 212–231; С. 188–207,С. 216–262; С. 212–231; С. 188–207,,,,,,,korneeva-sources-002,korneeva-sources-002,resolved_explicit,exact_title,0.98,,,,
mention-0020,ВВЕДЕНИЕ_ВЕРСИЯ_3.docx,7,7,1,"Для исследования особенно значимо понятие правового пространства, позволяющее рассматривать территорию не только как географическую область, но и как совокупность пересекающихся юрисдикций, норм, статусов и механизмов правового взаимодействия:",commentary,"Для исследования особенно значимо понятие правового пространства, позволяющее рассматривать территорию не только как географическую область, но и как совокупность пересекающихся юрисдикций, норм, статусов и механизмов правового взаимодействия:",,,,,,,,,,,not_bibliographic,commentary_or_internal_cross_reference,,,,,
mention-0021,ВВЕДЕНИЕ_ВЕРСИЯ_3.docx,7,7,2,"Варьяш И.И. Сарацины под властью арагонских королей: исследование правового пространства XIV в. СПб.: Евразия Clio, 2016. С. 7–8.",full_reference,"Варьяш И.И. Сарацины под властью арагонских королей: исследование правового пространства XIV в. СПб.: Евразия Clio, 2016. С. 7–8.",С. 7–8,С. 7–8,,,,,,,korneeva-research-032,korneeva-research-032,resolved_explicit,exact_title,0.98,,,,
mention-0022,ВВЕДЕНИЕ_ВЕРСИЯ_3.docx,8,8,1,Подробнее см. раздел «Каталонские графства в XI–XIII вв.».,commentary,Подробнее см. раздел «Каталонские графства в XI–XIII вв.».,,,,,,,,,,,not_bibliographic,commentary_or_internal_cross_reference,,,,,
mention-0023,ИСТОРИОГРАФИЯ_ВЕРСИЯ_3.docx,1,1,1,"Brocà i de Montagut G.M. de. Els Usatges de Barcelona // Anuario del Instituto de Estudios Catalanes. Barcelona: Institut d'Estudis Catalans, 1915. P. 357–389.",full_reference,"Brocà i de Montagut G.M. de. Els Usatges de Barcelona // Anuario del Instituto de Estudios Catalanes. Barcelona: Institut d'Estudis Catalans, 1915. P. 357–389.",P. 357–389,P. 357–389,,,,,,,korneeva-research-208,korneeva-research-208,resolved_explicit,token_overlap,0.804,,,,
mention-0024,ИСТОРИОГРАФИЯ_ВЕРСИЯ_3.docx,2,2,1,"Coroleu i Inglada J. Código de los Usajes de Barcelona. Estudio crítico // Boletín de la Real Academia de la Historia. Vol. 4. Cuad. II. Madrid, 1884. P. 85–104.",full_reference,"Coroleu i Inglada J. Código de los Usajes de Barcelona. Estudio crítico // Boletín de la Real Academia de la Historia. Vol. 4. Cuad. II. Madrid, 1884. P. 85–104.",Vol. 4; P. 85–104,Vol. 4; P. 85–104,,,,,,,korneeva-research-218,korneeva-research-218,resolved_explicit,exact_title,0.98,,,,
mention-0025,ИСТОРИОГРАФИЯ_ВЕРСИЯ_3.docx,3,3,1,"Пискорский В.К. Крепостное право в Каталонии в Средние века. Киев: Тип. Ун-та св. Владимира Н.Т. Корчак-Новицкого, 1901. C. 5.",full_reference,"Пискорский В.К. Крепостное право в Каталонии в Средние века. Киев: Тип. Ун-та св. Владимира Н.Т. Корчак-Новицкого, 1901. C. 5.","Т. Корчак-Новицкого, 1901","Т. Корчак-Новицкого, 1901",,,,,,,korneeva-footnote-009,korneeva-footnote-009,new_footnote_only_record,new_footnote_only_record,0.9,,,,
mention-0026,ИСТОРИОГРАФИЯ_ВЕРСИЯ_3.docx,4,4,1,Fita y Colomé F. Cortes y usajes de Barcelona en 1064. Textos inéditos // Boletín de la Real Academia de la Historia. 1890. T. 5. № 17. P. 385–428,full_reference,Fita y Colomé F. Cortes y usajes de Barcelona en 1064. Textos inéditos // Boletín de la Real Academia de la Historia. 1890. T. 5. № 17. P. 385–428,P. 385–428,P. 385–428,,,,,,,korneeva-research-239,korneeva-research-239,resolved_explicit,exact_title,0.98,,,,
mention-0027,ИСТОРИОГРАФИЯ_ВЕРСИЯ_3.docx,4,4,2,Idem. El obispo Guisliberto y los Usajes de Barcelona // Boletín de la Real Academia de la Historia. 1891. T. 6. № 18. P. 228–246.,full_reference,El obispo Guisliberto y los Usajes de Barcelona // Boletín de la Real Academia de la Historia. 1891. T. 6. № 18. P. 228–246.,P. 228–246,P. 228–246,same_author,Idem.,mention-0026,,"Fita y Colomé, F.",,korneeva-research-240,korneeva-research-240,resolved_explicit,exact_title,0.98,,,,
mention-0028,ИСТОРИОГРАФИЯ_ВЕРСИЯ_3.docx,5,5,1,"Costums de Tortosa; Libre de les costums generals scrites de la insigne ciutat de Tortosa: texto auténtico de siglo XIII que da a luz nuevamente, ilustrado con observaciones crítico-literarias y un copioso vocabulario / ed. B. Oliver y Esteller. Madrid: Impr. de M. Ginesta, 1881.",short_title_reference,"Costums de Tortosa; Libre de les costums generals scrites de la insigne ciutat de Tortosa: texto auténtico de siglo XIII que da a luz nuevamente, ilustrado con observaciones crítico-literarias y un copioso vocabulario / ed. B. Oliver y Esteller. Madrid: Impr. de M. Ginesta, 1881.",,,,,,,,,korneeva-sources-015,korneeva-sources-015,resolved_explicit,source_family_unique,0.97,,,costums_de_tortosa,
mention-0029,ИСТОРИОГРАФИЯ_ВЕРСИЯ_3.docx,6,6,1,Giraud Ch. Op. cit. P. 465–509.,relational_reference,P. 465–509,P. 465–509,P. 465–509,op_cit,Op. cit.,,Giraud Ch,,korneeva-sources-024,korneeva-sources-024,korneeva-sources-024,resolved_relation,op_cit_unique_canonical_work_by_author_and_locator,0.85,,,,
mention-0030,ИСТОРИОГРАФИЯ_ВЕРСИЯ_3.docx,7,7,1,Ficker J. Über die Usatici Barchinonae und deren Zusammenhang mit den Exceptiones Legum Romanorum // Mitteilungen des Instituts für Österreichische Geschichtsforschung. 1888. Erg.-Bd. II. S. 236–276.,full_reference,Ficker J. Über die Usatici Barchinonae und deren Zusammenhang mit den Exceptiones Legum Romanorum // Mitteilungen des Instituts für Österreichische Geschichtsforschung. 1888. Erg.-Bd. II. S. 236–276.,Bd. II,Bd. II,,,,,,,korneeva-research-236,korneeva-research-236,resolved_explicit,exact_title,0.98,,,,
mention-0031,ИСТОРИОГРАФИЯ_ВЕРСИЯ_3.docx,8,8,1,"Brutails A. Étude sur l’article 72 des Usages de Barcelone: Connu, sous le nom cle loi stratæ // Nouvelle revue historique de droit français et étranger. 1888. Vol. 12. P. 59–79.",full_reference,"Brutails A. Étude sur l’article 72 des Usages de Barcelone: Connu, sous le nom cle loi stratæ // Nouvelle revue historique de droit français et étranger. 1888. Vol. 12. P. 59–79.",Vol. 12; P. 59–79,Vol. 12; P. 59–79,,,,,,,korneeva-research-211,korneeva-research-211,resolved_explicit,exact_title,0.98,,,,
mention-0032,ИСТОРИОГРАФИЯ_ВЕРСИЯ_3.docx,9,9,1,"Besta E. Usatici ed usi curiali di Barcellona // Rendication Istituto Lombardo. 1925. Ser. II, Vol. 58. P. 637–652.",full_reference,"Besta E. Usatici ed usi curiali di Barcellona // Rendication Istituto Lombardo. 1925. Ser. II, Vol. 58. P. 637–652.",Vol. 58; P. 637–652,Vol. 58; P. 637–652,,,,,,,korneeva-research-188,korneeva-research-188,resolved_explicit,exact_title,0.98,,,,
mention-0033,ИСТОРИОГРАФИЯ_ВЕРСИЯ_3.docx,10,10,1,Valls i Taberner F. El problema de la formació dels «Usatges» de Barcelona // Revista de Catalunya. 1925. № 7. P. 26–33,full_reference,Valls i Taberner F. El problema de la formació dels «Usatges» de Barcelona // Revista de Catalunya. 1925. № 7. P. 26–33,P. 26–33,P. 26–33,,,,,,,korneeva-research-409,korneeva-research-409,resolved_explicit,token_overlap,0.884,,,,
mention-0034,ИСТОРИОГРАФИЯ_ВЕРСИЯ_3.docx,10,10,2,"Idem. Les consuetuds i franqueses de Barcelona de 1284, o «Recognoverunt proceres» // Revista de Catalunya. 1927. № 39. P. 248–254",full_reference,"Les consuetuds i franqueses de Barcelona de 1284, o «Recognoverunt proceres» // Revista de Catalunya. 1927. № 39. P. 248–254",P. 248–254,P. 248–254,same_author,Idem.,mention-0033,,"Valls Taberner, F.",,korneeva-footnote-010,korneeva-footnote-010,new_footnote_only_record,new_footnote_only_record,0.9,,,,
mention-0035,ИСТОРИОГРАФИЯ_ВЕРСИЯ_3.docx,10,10,3,"Idem. Els elements fonamentals del Dret català antic: Conferència pronunciada a l’Ateneu Barcelonès, el dia 7 de febrer de 1928 // Revista de Catalunya. 1928. № 47. P. 467–479",full_reference,"Els elements fonamentals del Dret català antic: Conferència pronunciada a l’Ateneu Barcelonès, el dia 7 de febrer de 1928 // Revista de Catalunya. 1928. № 47. P. 467–479",P. 467–479,P. 467–479,same_author,Idem.,mention-0034,,"Valls Taberner, F.",,korneeva-footnote-011,korneeva-footnote-011,new_footnote_only_record,new_footnote_only_record,0.9,,,,
mention-0036,ИСТОРИОГРАФИЯ_ВЕРСИЯ_3.docx,10,10,4,Idem. La cour comtale Barcelonaise // Revue historique de droit français et étranger. 1935. № 4 (14). P. 662–682,full_reference,La cour comtale Barcelonaise // Revue historique de droit français et étranger. 1935. № 4 (14). P. 662–682,P. 662–682,P. 662–682,same_author,Idem.,mention-0035,,"Valls Taberner, F.",,korneeva-research-406,korneeva-research-406,resolved_explicit,exact_title,0.98,,,,
mention-0037,ИСТОРИОГРАФИЯ_ВЕРСИЯ_3.docx,10,10,5,Idem. El problema de la formació deIs Usatges de Barcelona // Revista de Catalunya. 1925. № 7 (2). P. 26–33,full_reference,El problema de la formació deIs Usatges de Barcelona // Revista de Catalunya. 1925. № 7 (2). P. 26–33,P. 26–33,P. 26–33,same_author,Idem.,mention-0036,,"Valls i Taberner, F.",,korneeva-research-409,korneeva-research-409,resolved_explicit,exact_title,0.98,,,,
mention-0038,ИСТОРИОГРАФИЯ_ВЕРСИЯ_3.docx,10,10,6,Idem. Els «Usualia de curialibus usibus Barchinonae» (Assaig de reconstrucció) // Estudis universitaris catalans. 1934. № 19. P. 270–280,full_reference,Els «Usualia de curialibus usibus Barchinonae» (Assaig de reconstrucció) // Estudis universitaris catalans. 1934. № 19. P. 270–280,P. 270–280,P. 270–280,same_author,Idem.,mention-0037,,"Valls Taberner, F.",,korneeva-research-410,korneeva-research-410,resolved_explicit,exact_title,0.98,,,,
mention-0039,ИСТОРИОГРАФИЯ_ВЕРСИЯ_3.docx,10,10,7,Idem. Noves recerques sobre els Usatges de Barcelona // Estudis universitaris catalans. 1935. № 20. P. 69–83.,full_reference,Noves recerques sobre els Usatges de Barcelona // Estudis universitaris catalans. 1935. № 20. P. 69–83.,P. 69–83,P. 69–83,same_author,Idem.,mention-0038,,"Valls Taberner, F.",,korneeva-research-408,korneeva-research-408,resolved_explicit,exact_title,0.98,,,,
mention-0040,ИСТОРИОГРАФИЯ_ВЕРСИЯ_3.docx,11,11,1,d’Abadal Vinyals R. de. La Data i el lloc de la mort del comte Berenguer Ramon I // Butlletí de la Societat Catalana d’Estudis Històrics. 1952. № 1. P. 43–44,full_reference,d’Abadal Vinyals R. de. La Data i el lloc de la mort del comte Berenguer Ramon I // Butlletí de la Societat Catalana d’Estudis Històrics. 1952. № 1. P. 43–44,P. 43–44,P. 43–44,,,,,,,korneeva-footnote-012,korneeva-footnote-012,new_footnote_only_record,new_footnote_only_record,0.9,,,,
mention-0041,ИСТОРИОГРАФИЯ_ВЕРСИЯ_3.docx,11,11,2,Idem. El renaixement monàstic a Catalunya després de l’expulsió dels sarraïns // Studia monastica. 1961. № 3. P. 165–177.,full_reference,El renaixement monàstic a Catalunya després de l’expulsió dels sarraïns // Studia monastica. 1961. № 3. P. 165–177.,P. 165–177,P. 165–177,same_author,Idem.,mention-0040,,"d’Abadal Vinyals, R.",,korneeva-footnote-013,korneeva-footnote-013,new_footnote_only_record,new_footnote_only_record,0.9,,,,
mention-0042,ИСТОРИОГРАФИЯ_ВЕРСИЯ_3.docx,11,11,3,Idem. La institució comtal carolíngia en la pre-Catalunya del segle IX // Anuario de estudios medievales. 1964. № 1. P. 29–75,full_reference,La institució comtal carolíngia en la pre-Catalunya del segle IX // Anuario de estudios medievales. 1964. № 1. P. 29–75,P. 29–75,P. 29–75,same_author,Idem.,mention-0041,,"d’Abadal Vinyals, R.",,korneeva-footnote-014,korneeva-footnote-014,new_footnote_only_record,new_footnote_only_record,0.9,,,,
mention-0043,ИСТОРИОГРАФИЯ_ВЕРСИЯ_3.docx,11,11,4,"Idem. El dominio Carolingio en la marca peninsular hispánica, siglos IX y X // Hispania: Revista española de historia. 1968. № 2. P. 33–50.",full_reference,"El dominio Carolingio en la marca peninsular hispánica, siglos IX y X // Hispania: Revista española de historia. 1968. № 2. P. 33–50.",P. 33–50,P. 33–50,same_author,Idem.,mention-0042,,"d’Abadal Vinyals, R.",,korneeva-footnote-015,korneeva-footnote-015,new_footnote_only_record,new_footnote_only_record,0.9,,,,
mention-0044,ИСТОРИОГРАФИЯ_ВЕРСИЯ_3.docx,12,12,1,Mor C.G. En torno a la formación del texto de los «Usatici Barchinonae» // Anuario de Historia del Derecho Español. 1958. T. 27–28. P. 413–460.,full_reference,Mor C.G. En torno a la formación del texto de los «Usatici Barchinonae» // Anuario de Historia del Derecho Español. 1958. T. 27–28. P. 413–460.,P. 413–460,P. 413–460,,,,,,,korneeva-footnote-016,korneeva-footnote-016,new_footnote_only_record,new_footnote_only_record,0.9,,,,
mention-0045,ИСТОРИОГРАФИЯ_ВЕРСИЯ_3.docx,13,13,1,"Oliver y Esteller B. Historia del derecho en Cataluña, Mallorca y Valencia. Código de las costumbres de Tortosa. Madrid: Impr. de M. Ginesta, 1876. 4 vol.",full_reference,"Oliver y Esteller B. Historia del derecho en Cataluña, Mallorca y Valencia. Código de las costumbres de Tortosa. Madrid: Impr. de M. Ginesta, 1876. 4 vol.",,,,,,,,,korneeva-footnote-017,korneeva-footnote-017,new_footnote_only_record,new_footnote_only_record,0.9,,,,
mention-0046,ИСТОРИОГРАФИЯ_ВЕРСИЯ_3.docx,14,14,1,"Marín i Luna M.A. Els Usatges de Barcelona // Revista Jurídica de Catalunya. Barcelona, 1930. Vol. XXXVI (Abril-maig-juny 1930). P. 97–135.",full_reference,"Marín i Luna M.A. Els Usatges de Barcelona // Revista Jurídica de Catalunya. Barcelona, 1930. Vol. XXXVI (Abril-maig-juny 1930). P. 97–135.",Vol. XXXVI (Abril-maig-juny 1930); P. 97–135,Vol. XXXVI (Abril-maig-juny 1930); P. 97–135,,,,,,,korneeva-research-328,korneeva-research-328,resolved_explicit,token_overlap,0.923,,,,
mention-0047,ИСТОРИОГРАФИЯ_ВЕРСИЯ_3.docx,15,15,1,"Balari y Jovany D.J. Origenes Históricos de Cataluña. Barcelona: Hijos de J. Jepús, 1899.",full_reference,"Balari y Jovany D.J. Origenes Históricos de Cataluña. Barcelona: Hijos de J. Jepús, 1899.",,,,,,,,,korneeva-research-178,korneeva-research-178,resolved_explicit,exact_title,0.98,,,,
mention-0048,ИСТОРИОГРАФИЯ_ВЕРСИЯ_3.docx,16,16,1,Idem. Op. cit. P. 453–466.,relational_reference,P. 453–466,P. 453–466,P. 453–466,same_author_op_cit,Idem. Op. cit.,mention-0047,,"Balari y Jovany, D",korneeva-research-178,korneeva-research-178,korneeva-research-178,resolved_relation,op_cit_nearest_prior_work_by_author,0.95,,,,
mention-0049,ИСТОРИОГРАФИЯ_ВЕРСИЯ_3.docx,17,17,1,Sabaté i Curull F. The Catalonia of the 10th to12th centuries and the historiographic definition of feudalism // Catalan Historical Review. 2010. Vol. 3. P. 31–53.,full_reference,Sabaté i Curull F. The Catalonia of the 10th to12th centuries and the historiographic definition of feudalism // Catalan Historical Review. 2010. Vol. 3. P. 31–53.,Vol. 3; P. 31–53,Vol. 3; P. 31–53,,,,,,,korneeva-footnote-018,korneeva-footnote-018,new_footnote_only_record,new_footnote_only_record,0.9,,,,
mention-0050,ИСТОРИОГРАФИЯ_ВЕРСИЯ_3.docx,18,18,1,"Salrach J.M. La historiografía medieval en Cataluña, 1970–1990 // Cuadernos de Historia de España. 2022. № 89. P. 113–154. DOI: 10.34096/che.n89.12228. URL: https://revistascientificas.filo.uba.ar/index.php/che/article/view/12228 (дата обращения: 01.05.2026).",full_reference,"Salrach J.M. La historiografía medieval en Cataluña, 1970–1990 // Cuadernos de Historia de España. 2022. № 89. P. 113–154. DOI: 10.34096/che.n89.12228. URL: https://revistascientificas.filo.uba.ar/index.php/che/article/view/12228 (дата обращения: 01.05.2026).",P. 113–154,P. 113–154,,,,,,,korneeva-footnote-019,korneeva-footnote-019,new_footnote_only_record,new_footnote_only_record,0.9,,,,
mention-0051,ИСТОРИОГРАФИЯ_ВЕРСИЯ_3.docx,19,19,1,Эмфитевзис (лат. emphyteusis от греч. ἐμφύτευσις) — постоянная наследственная аренда полевых земельных участков. (см.,commentary,Эмфитевзис (лат. emphyteusis от греч. ἐμφύτευσις) — постоянная наследственная аренда полевых земельных участков. (см.,,,,,,,,,,,not_bibliographic,commentary_or_internal_cross_reference,,,,,
mention-0052,ИСТОРИОГРАФИЯ_ВЕРСИЯ_3.docx,19,19,2,"Бартошек М. Римское право: понятия, термины, определения / пер. с чеш. Ю.В. Преснякова; спец. науч. ред. и авт. предисл. З.М. Черниловский. М.: Юридическая литература, 1989. С. 120).",full_reference,"Бартошек М. Римское право: понятия, термины, определения / пер. с чеш. Ю.В. Преснякова; спец. науч. ред. и авт. предисл. З.М. Черниловский. М.: Юридическая литература, 1989. С. 120).",С. 120,С. 120,,,,,,,korneeva-reference-002,korneeva-reference-002,resolved_explicit,exact_title,0.98,,,,
mention-0053,ИСТОРИОГРАФИЯ_ВЕРСИЯ_3.docx,20,20,1,Pons Guri J.M. Entre l’emfiteusi i el feudalisme (els reculls de dret gironins) // Estudi general: Revista de la Facultat de Lletres de la Universitat de Girona. Nº 5–6. 1985–1986. P. 411–418.,full_reference,Pons Guri J.M. Entre l’emfiteusi i el feudalisme (els reculls de dret gironins) // Estudi general: Revista de la Facultat de Lletres de la Universitat de Girona. Nº 5–6. 1985–1986. P. 411–418.,P. 411–418,P. 411–418,,,,,,,korneeva-footnote-020,korneeva-footnote-020,new_footnote_only_record,new_footnote_only_record,0.9,,,,
mention-0054,ИСТОРИОГРАФИЯ_ВЕРСИЯ_3.docx,21,21,1,Idem. Relació jurídica de la remença i els mals usos a les terres gironines // Revista de Girona. 1986. Vol. 32. P. 36–43.,full_reference,Relació jurídica de la remença i els mals usos a les terres gironines // Revista de Girona. 1986. Vol. 32. P. 36–43.,Vol. 32; P. 36–43,Vol. 32; P. 36–43,same_author,Idem.,mention-0053,,"Pons Guri, J",,korneeva-footnote-021,korneeva-footnote-021,new_footnote_only_record,new_footnote_only_record,0.9,,,,
mention-0055,ИСТОРИОГРАФИЯ_ВЕРСИЯ_3.docx,22,22,1,Idem. Documents sobre aplicació dels Usatges de Barcelona anteriors al segle XIII // Acta historica et archaeologica mediaevalia. 1993. № 14–15. P. 39–46.,full_reference,Documents sobre aplicació dels Usatges de Barcelona anteriors al segle XIII // Acta historica et archaeologica mediaevalia. 1993. № 14–15. P. 39–46.,P. 39–46,P. 39–46,same_author,Idem.,mention-0054,,"Pons Guri, J",,korneeva-research-354,korneeva-research-354,resolved_explicit,exact_title,0.98,,,,
mention-0056,ИСТОРИОГРАФИЯ_ВЕРСИЯ_3.docx,23,23,1,"Idem., Pladevall Font A. Particularismes catalans en els costumaris deis segles XIII–XVIII // II Congrés litúrgic de Montserrat. 1967. № 3 (2). P. 103–159.",full_reference,Pladevall Font A. Particularismes catalans en els costumaris deis segles XIII–XVIII // II Congrés litúrgic de Montserrat. 1967. № 3 (2). P. 103–159.,P. 103–159,P. 103–159,same_author,"Idem.,",mention-0055,,"Pons i Guri, J",,korneeva-footnote-022,korneeva-footnote-022,new_footnote_only_record,new_footnote_only_record,0.9,,,,
mention-0057,ИСТОРИОГРАФИЯ_ВЕРСИЯ_3.docx,24,24,1,Idem. Document d’aplicació del dret senyorial // Recull d'estudis d'història jurídica catalana. 1989. T. 2. P. 193–196.,full_reference,Document d’aplicació del dret senyorial // Recull d'estudis d'història jurídica catalana. 1989. T. 2. P. 193–196.,P. 193–196,P. 193–196,same_author,Idem.,mention-0056,,"Pons i Guri, J",,korneeva-footnote-023,korneeva-footnote-023,new_footnote_only_record,new_footnote_only_record,0.9,,,,
mention-0058,ИСТОРИОГРАФИЯ_ВЕРСИЯ_3.docx,25,25,1,"Bonnassie P. La Catalogne du milieu du Xe à la fin du XIe siècle: croissance et mutations d’une société. Toulouse: Association des publications de l’Université de Toulouse-Le Mirail, 1975. T. 2. P. 718–728.",full_reference,"Bonnassie P. La Catalogne du milieu du Xe à la fin du XIe siècle: croissance et mutations d’une société. Toulouse: Association des publications de l’Université de Toulouse-Le Mirail, 1975. T. 2. P. 718–728.",P. 718–728,P. 718–728,,,,,,,korneeva-research-202,korneeva-research-202,resolved_explicit,exact_title,0.98,,,,
mention-0059,ИСТОРИОГРАФИЯ_ВЕРСИЯ_3.docx,26,26,1,Idem. Les conventions féodales dans la Catalogne du XIe siècle // Annales du midi. 1968. Т. 80. P. 529–561.,full_reference,Les conventions féodales dans la Catalogne du XIe siècle // Annales du midi. 1968. Т. 80. P. 529–561.,Т. 80; P. 529–561,Т. 80; P. 529–561,same_author,Idem.,mention-0058,,"Bonnassie, P.",,korneeva-footnote-024,korneeva-footnote-024,new_footnote_only_record,new_footnote_only_record,0.9,,,,
mention-0060,ИСТОРИОГРАФИЯ_ВЕРСИЯ_3.docx,27,27,1,"Idem. El feudalisme català, segle XI // L’avenç. Història dels Països Catalans. 1988. T. 117. P. 24–28.",full_reference,"El feudalisme català, segle XI // L’avenç. Història dels Països Catalans. 1988. T. 117. P. 24–28.",P. 24–28,P. 24–28,same_author,Idem.,mention-0059,,"Bonnassie, P.",,korneeva-research-199,korneeva-research-199,resolved_explicit,exact_title,0.98,,,,
mention-0061,ИСТОРИОГРАФИЯ_ВЕРСИЯ_3.docx,28,28,1,"Idem., Guichard P. Les communautés rurales en Catalogne et dans le pays valencien (IXe milieu XIVe siècle). 1984. P. 79–115.",full_reference,Guichard P. Les communautés rurales en Catalogne et dans le pays valencien (IXe milieu XIVe siècle). 1984. P. 79–115.,P. 79–115,P. 79–115,same_author,"Idem.,",mention-0060,,"Bonnassié, P.",,korneeva-footnote-025,korneeva-footnote-025,new_footnote_only_record,new_footnote_only_record,0.9,,,,
mention-0062,ИСТОРИОГРАФИЯ_ВЕРСИЯ_3.docx,29,29,1,"Idem. Emergence de la Catalogne, VIIIe — milieu XIIe siècle // Histoire des Espagnols 1. 1985. P. 159–183",full_reference,"Emergence de la Catalogne, VIIIe — milieu XIIe siècle // Histoire des Espagnols 1. 1985. P. 159–183",P. 159–183,P. 159–183,same_author,Idem.,mention-0061,,"Bonnassié, P.",,korneeva-research-201,korneeva-research-201,resolved_explicit,exact_title,0.98,,,,
mention-0063,ИСТОРИОГРАФИЯ_ВЕРСИЯ_3.docx,29,29,2,Idem. Le comté de Toulouse et le comté de Barcelone au début du IXe au début du XIIIe siècle: P. 801–1213 – esquisse d’histoire comparée // Actes del vuitè Col.loqui Internacional de Llengua i Literatura Catalanes. 1989. Т. 1. P. 27–45.,full_reference,Le comté de Toulouse et le comté de Barcelone au début du IXe au début du XIIIe siècle: P. 801–1213 – esquisse d’histoire comparée // Actes del vuitè Col.loqui Internacional de Llengua i Literatura Catalanes. 1989. Т. 1. P. 27–45.,P. 801–1213 –; Т. 1; P. 27–45,P. 801–1213 –; Т. 1; P. 27–45,same_author,Idem.,mention-0062,,"Bonnassié, P.",,korneeva-research-203,korneeva-research-203,resolved_explicit,token_overlap,0.99,,,,
mention-0064,ИСТОРИОГРАФИЯ_ВЕРСИЯ_3.docx,30,30,1,Idem. Sur les «Origines» de la Catalogne: Quelques remarches et orientations de recherche // Symposium internacional sobre els orígens de Catalunya (segles VIII–XI). 1991. Т. 1. P. 437–445.,full_reference,Sur les «Origines» de la Catalogne: Quelques remarches et orientations de recherche // Symposium internacional sobre els orígens de Catalunya (segles VIII–XI). 1991. Т. 1. P. 437–445.,Т. 1; P. 437–445,Т. 1; P. 437–445,same_author,Idem.,mention-0063,,"Bonnassié, P.",,korneeva-research-206,korneeva-research-206,resolved_explicit,exact_title,0.98,,,,
mention-0065,ИСТОРИОГРАФИЯ_ВЕРСИЯ_3.docx,31,31,1,Idem. El proceso der feudalización en Cataluña y Francia del Sur: similitudes y diferencias // Los orígenes del feudalismo en el mundo mediterráneo. 1994. P. 101–117.,full_reference,El proceso der feudalización en Cataluña y Francia del Sur: similitudes y diferencias // Los orígenes del feudalismo en el mundo mediterráneo. 1994. P. 101–117.,P. 101–117,P. 101–117,same_author,Idem.,mention-0064,,"Bonnassié, P.",,korneeva-research-200,korneeva-research-200,resolved_explicit,exact_title,0.98,,,,
mention-0066,ИСТОРИОГРАФИЯ_ВЕРСИЯ_3.docx,32,32,1,Idem. Nouveautes linguistiques et mutations economico- sociales dans la Catalogne des IXe-XIe siècles // Langages et peuples d’Europe. 2002. P. 47–66.,full_reference,Nouveautes linguistiques et mutations economico- sociales dans la Catalogne des IXe-XIe siècles // Langages et peuples d’Europe. 2002. P. 47–66.,P. 47–66,P. 47–66,same_author,Idem.,mention-0065,,"Bonnassié, P.",,korneeva-research-205,korneeva-research-205,resolved_explicit,exact_title,0.98,,,,
mention-0067,ИСТОРИОГРАФИЯ_ВЕРСИЯ_3.docx,33,33,1,"Подробнее о биографии П. Боннасси, логике его творчества и тех, на кого он оказал влияние, см. мемориальный очерк:",commentary,"Подробнее о биографии П. Боннасси, логике его творчества и тех, на кого он оказал влияние, см. мемориальный очерк:",,,,,,,,,,,not_bibliographic,commentary_or_internal_cross_reference,,,,,
mention-0068,ИСТОРИОГРАФИЯ_ВЕРСИЯ_3.docx,33,33,2,Филиппов И.С. Пьер Боннасси (24.11.1932 — 14.03.2005) // СВ. 2006. № 67. С. 316–325.,full_reference,Филиппов И.С. Пьер Боннасси (24.11.1932 — 14.03.2005) // СВ. 2006. № 67. С. 316–325.,С. 316–325,С. 316–325,,,,,,,korneeva-research-129,korneeva-research-129,resolved_explicit,token_overlap,0.923,,,,
mention-0069,ИСТОРИОГРАФИЯ_ВЕРСИЯ_3.docx,34,34,1,To Figueras L. Señorío y familia: los orígenes del «hereu» catalán (siglos X–XII) // Studia historica. Historia medieval. 1993. № 11. P. 57–80,full_reference,To Figueras L. Señorío y familia: los orígenes del «hereu» catalán (siglos X–XII) // Studia historica. Historia medieval. 1993. № 11. P. 57–80,P. 57–80,P. 57–80,,,,,,,korneeva-footnote-026,korneeva-footnote-026,new_footnote_only_record,new_footnote_only_record,0.9,,,,
mention-0070,ИСТОРИОГРАФИЯ_ВЕРСИЯ_3.docx,34,34,2,"Idem. Anthroponymie et pratiques successorales (à propos de la Catalogne, Xe–XIIe siècle) // Actes du colloque international organisé par l’École française de Rome avec le concours du GDR 955 du C.N.R.S. «Genèse médiévale de l’anthroponymie moderne» (Rome, 6–8 octobre 1994). 1996. Vol. 226. P. 42–433",full_reference,"Anthroponymie et pratiques successorales (à propos de la Catalogne, Xe–XIIe siècle) // Actes du colloque international organisé par l’École française de Rome avec le concours du GDR 955 du C.N.R.S. «Genèse médiévale de l’anthroponymie moderne» (Rome, 6–8 octobre 1994). 1996. Vol. 226. P. 42–433",Vol. 226; P. 42–433,Vol. 226; P. 42–433,same_author,Idem.,mention-0069,,"To Figueras, L.",,korneeva-research-402,korneeva-research-402,resolved_explicit,exact_title,0.98,,,,
mention-0071,ИСТОРИОГРАФИЯ_ВЕРСИЯ_3.docx,34,34,3,"Idem. Família i hereu a la Catalunya nord-oriental (segles X–XII). Barcelona: Publicacions de l’Abadia de Montserrat, 1997.",full_reference,"Família i hereu a la Catalunya nord-oriental (segles X–XII). Barcelona: Publicacions de l’Abadia de Montserrat, 1997.",,,same_author,Idem.,mention-0070,,"To Figueras, L.",,korneeva-footnote-027,korneeva-footnote-027,new_footnote_only_record,new_footnote_only_record,0.9,,,,
mention-0072,ИСТОРИОГРАФИЯ_ВЕРСИЯ_3.docx,35,35,1,Idem. Le mas catalan du XIIe s. : genèse et évolution d’une structure d’encadrement et d’asservissement de la paysannerie // Cahiers de Civilisation Médiévale. 1993. № 142 (36e année). P. 151–177.,full_reference,Le mas catalan du XIIe s. : genèse et évolution d’une structure d’encadrement et d’asservissement de la paysannerie // Cahiers de Civilisation Médiévale. 1993. № 142 (36e année). P. 151–177.,P. 151–177,P. 151–177,same_author,Idem.,mention-0071,,"To Figueras, L.",,korneeva-research-403,korneeva-research-403,resolved_explicit,exact_title,0.98,,,,
mention-0073,ИСТОРИОГРАФИЯ_ВЕРСИЯ_3.docx,36,36,1,Idem. Servitude et mobilité paysanne : les origines de la «Remença» catalane (Xie–XIIIe siècle) // Mélanges de l’école française de Rome. 2000. № 2 (112). P. 827–865.,full_reference,Servitude et mobilité paysanne : les origines de la «Remença» catalane (Xie–XIIIe siècle) // Mélanges de l’école française de Rome. 2000. № 2 (112). P. 827–865.,P. 827–865,P. 827–865,same_author,Idem.,mention-0072,,"To Figueras, L.",,korneeva-research-404,korneeva-research-404,resolved_explicit,exact_title,0.98,,,,
mention-0074,ИСТОРИОГРАФИЯ_ВЕРСИЯ_3.docx,37,37,1,"Sobrequés Vidal S., Font i Rius J. M. Història de la producció del dret català fins al Decret de Nova Planta. Girona: Universitat de Girona, 1978",full_reference,"Sobrequés Vidal S., Font i Rius J. M. Història de la producció del dret català fins al Decret de Nova Planta. Girona: Universitat de Girona, 1978",,,,,,,,,korneeva-footnote-028,korneeva-footnote-028,new_footnote_only_record,new_footnote_only_record,0.9,,,,
mention-0075,ИСТОРИОГРАФИЯ_ВЕРСИЯ_3.docx,37,37,2,"Sobrequés Vidal S., Peláez M.J. Historia general del derecho catalán hasta el siglo XVIII. Barcelona: Promociones y Publicaciones Universitarias, 1989.",full_reference,"Sobrequés Vidal S., Peláez M.J. Historia general del derecho catalán hasta el siglo XVIII. Barcelona: Promociones y Publicaciones Universitarias, 1989.",,,,,,,,,korneeva-footnote-029,korneeva-footnote-029,new_footnote_only_record,new_footnote_only_record,0.9,,,,
mention-0076,ИСТОРИОГРАФИЯ_ВЕРСИЯ_3.docx,38,38,1,Idem. Régimen municipal en la Baja Edad Media: La «insaculación» // Annals de l’Institut d’Estudis Gironins. 1955. № 10. P. 165–234.,full_reference,Régimen municipal en la Baja Edad Media: La «insaculación» // Annals de l’Institut d’Estudis Gironins. 1955. № 10. P. 165–234.,P. 165–234,P. 165–234,same_author,Idem.,mention-0075,,"Sobrequés Vidal, S",,korneeva-footnote-030,korneeva-footnote-030,new_footnote_only_record,new_footnote_only_record,0.9,,,,
mention-0077,ИСТОРИОГРАФИЯ_ВЕРСИЯ_3.docx,39,39,1,Idem. La nobleza catalana en el siglo XIV // Anuario de estudios medievales. 1970. № 7. P. 513–532.,full_reference,La nobleza catalana en el siglo XIV // Anuario de estudios medievales. 1970. № 7. P. 513–532.,P. 513–532,P. 513–532,same_author,Idem.,mention-0076,,"Sobrequés Vidal, S",,korneeva-footnote-031,korneeva-footnote-031,new_footnote_only_record,new_footnote_only_record,0.9,,,,
mention-0078,ИСТОРИОГРАФИЯ_ВЕРСИЯ_3.docx,40,40,1,"Idem. Societat i estructura política de la Girona medieval / ed. a cura de J. Sobrequés i Callicó. Barcelona: Curial, 1975.",full_reference,"Societat i estructura política de la Girona medieval / ed. a cura de J. Sobrequés i Callicó. Barcelona: Curial, 1975.",,,same_author,Idem.,mention-0077,,"Sobrequés Vidal, S",,korneeva-footnote-032,korneeva-footnote-032,new_footnote_only_record,new_footnote_only_record,0.9,,,,
mention-0079,ИСТОРИОГРАФИЯ_ВЕРСИЯ_3.docx,41,41,1,"Massip Fonollosa J. La gestació de les costums de Tortosa. [Tortosa]: Consell Intercomarcal de les Terres de l’Ebre, 1984. 430 p.",full_reference,"Massip Fonollosa J. La gestació de les costums de Tortosa. [Tortosa]: Consell Intercomarcal de les Terres de l’Ebre, 1984. 430 p.",,,,,,,,,korneeva-research-333,korneeva-research-333,resolved_explicit,exact_title,0.98,,,,
mention-0080,ИСТОРИОГРАФИЯ_ВЕРСИЯ_3.docx,41,41,2,"Idem. La Població de Tortosa: antecedents i context històric // Les Cartes de població cristiana i de seguretat de jueus i sarraïns de Tortosa (1148–1149): Actes de les Jornades d'Estudi commemoratives del 850è aniversari de la seva concessió, Tortosa, 14, 15 i 16 de maig de 1999. 2000. P. 151–168.",full_reference,"La Població de Tortosa: antecedents i context històric // Les Cartes de població cristiana i de seguretat de jueus i sarraïns de Tortosa (1148–1149): Actes de les Jornades d'Estudi commemoratives del 850è aniversari de la seva concessió, Tortosa, 14, 15 i 16 de maig de 1999. 2000. P. 151–168.",P. 151–168,P. 151–168,same_author,Idem.,mention-0079,,"Massip Fonollosa, J.",,korneeva-research-334,korneeva-research-334,resolved_explicit,exact_title,0.98,,,,
mention-0081,ИСТОРИОГРАФИЯ_ВЕРСИЯ_3.docx,42,42,1,Idem. Els organs de la administració de justicia a Tortosa des de la carta de població a les costums // Jaime I y su época. 1979. T. 2. P. 461–473.,full_reference,Els organs de la administració de justicia a Tortosa des de la carta de població a les costums // Jaime I y su época. 1979. T. 2. P. 461–473.,P. 461–473,P. 461–473,same_author,Idem.,mention-0080,,"Massip Fonollosa, J.",,korneeva-research-332,korneeva-research-332,resolved_explicit,exact_title,0.98,,,,
mention-0082,ИСТОРИОГРАФИЯ_ВЕРСИЯ_3.docx,43,43,1,Idem. Problemes de la toponímia de les Terres de l’Ebre // Societat d’Onomàstica: butlletí interior. 1984. № 17. P. 9–11.,full_reference,Problemes de la toponímia de les Terres de l’Ebre // Societat d’Onomàstica: butlletí interior. 1984. № 17. P. 9–11.,P. 9–11,P. 9–11,same_author,Idem.,mention-0081,,"Massip Fonollosa, J.",,korneeva-research-335,korneeva-research-335,resolved_explicit,exact_title,0.98,,,,
mention-0083,ИСТОРИОГРАФИЯ_ВЕРСИЯ_3.docx,44,44,1,Idem. Un manuscrit de Les Costums de Tortosa retrobat a Mallorca // Revista de llengua i dret. 1986. № 7. P. 61–68.,full_reference,Un manuscrit de Les Costums de Tortosa retrobat a Mallorca // Revista de llengua i dret. 1986. № 7. P. 61–68.,P. 61–68,P. 61–68,same_author,Idem.,mention-0082,,"Massip Fonollosa, J.",,korneeva-research-336,korneeva-research-336,resolved_explicit,exact_title,0.98,,,,
mention-0084,ИСТОРИОГРАФИЯ_ВЕРСИЯ_3.docx,45,45,1,Gouron A. Aux origines de l' influence des glossateurs en Espagne // Historia. Instituciones. Documentos. 1983. № 10. P. 325–346.,full_reference,Gouron A. Aux origines de l' influence des glossateurs en Espagne // Historia. Instituciones. Documentos. 1983. № 10. P. 325–346.,P. 325–346,P. 325–346,,,,,,,korneeva-footnote-033,korneeva-footnote-033,new_footnote_only_record,new_footnote_only_record,0.9,,,,
mention-0085,ИСТОРИОГРАФИЯ_ВЕРСИЯ_3.docx,46,46,1,Idem. Le droit commun a-t-il été l’héritier du droit romain? // Les séances de l’Académie des Inscriptions et Belles-Lettres. 1998. Vol. 142. № 1. P. 283–292;,full_reference,Le droit commun a-t-il été l’héritier du droit romain? // Les séances de l’Académie des Inscriptions et Belles-Lettres. 1998. Vol. 142. № 1. P. 283–292;,Vol. 142; P. 283–292,Vol. 142; P. 283–292,same_author,Idem.,mention-0084,,"Gouron, A.",,korneeva-research-252,korneeva-research-252,resolved_explicit,exact_title,0.98,,,,
mention-0086,ИСТОРИОГРАФИЯ_ВЕРСИЯ_3.docx,47,47,1,"Bisson T. N. The Organized Peace in Southern France and Catalonia, ca. 1140 – ca. 1233 // The American Historical Review. 1977. № 2 (82). P. 290–311",full_reference,"Bisson T. N. The Organized Peace in Southern France and Catalonia, ca. 1140 – ca. 1233 // The American Historical Review. 1977. № 2 (82). P. 290–311",P. 290–311,P. 290–311,,,,,,,korneeva-research-194,korneeva-research-194,resolved_explicit,exact_title,0.98,,,,
mention-0087,ИСТОРИОГРАФИЯ_ВЕРСИЯ_3.docx,47,47,2,"Idem. The Problem of Feudal Monarchy: Aragon, Catalonia, and France // Speculum. 1978. № 3 (53). P. 460–478.",full_reference,"The Problem of Feudal Monarchy: Aragon, Catalonia, and France // Speculum. 1978. № 3 (53). P. 460–478.",P. 460–478,P. 460–478,same_author,Idem.,mention-0086,,"Bisson, T",,korneeva-research-195,korneeva-research-195,resolved_explicit,exact_title,0.98,,,,
mention-0088,ИСТОРИОГРАФИЯ_ВЕРСИЯ_3.docx,48,48,1,Idem. The «Feudal Revolution» // Past & Present. 1994. № 142. P. 6–42.,full_reference,The «Feudal Revolution» // Past & Present. 1994. № 142. P. 6–42.,P. 6–42,P. 6–42,same_author,Idem.,mention-0087,,"Bisson, T",,korneeva-research-193,korneeva-research-193,resolved_explicit,exact_title,0.98,,,,
mention-0089,ИСТОРИОГРАФИЯ_ВЕРСИЯ_3.docx,49,49,1,"Idem. Celebration and Persuasion: Reflections on the Cultural Evolution of Medieval Consultation // Legislative Studies Quarterly. 1982. Т. VII. № 2 (May, 1982). P. 181–204.",full_reference,"Celebration and Persuasion: Reflections on the Cultural Evolution of Medieval Consultation // Legislative Studies Quarterly. 1982. Т. VII. № 2 (May, 1982). P. 181–204.",Т. VII; P. 181–204,Т. VII; P. 181–204,same_author,Idem.,mention-0088,,"Bisson, T",,korneeva-research-189,korneeva-research-189,resolved_explicit,exact_title,0.98,,,,
mention-0090,ИСТОРИОГРАФИЯ_ВЕРСИЯ_3.docx,50,50,1,"Idem. Tormented Voices: Power, Crisis, and Humanity in Rural Catalonia, 1140–1200. Cambridge; London: Harvard University Press, 1998.",full_reference,"Tormented Voices: Power, Crisis, and Humanity in Rural Catalonia, 1140–1200. Cambridge; London: Harvard University Press, 1998.",,,same_author,Idem.,mention-0089,,"Bisson, T",,korneeva-research-196,korneeva-research-196,resolved_explicit,exact_title,0.98,,,,
mention-0091,ИСТОРИОГРАФИЯ_ВЕРСИЯ_3.docx,51,51,1,"Idem. The Crisis of the Twelfth Century: Power, Lordship, and the Origins of European Government. Princeton; Oxford: Princeton University Press, 2015.",full_reference,"The Crisis of the Twelfth Century: Power, Lordship, and the Origins of European Government. Princeton; Oxford: Princeton University Press, 2015.",,,same_author,Idem.,mention-0090,,"Bisson, T",,korneeva-research-197,korneeva-research-197,resolved_explicit,exact_title,0.98,,,,
mention-0092,ИСТОРИОГРАФИЯ_ВЕРСИЯ_3.docx,52,52,1,Freedman P.H. An Unsuccessful Attempt at Urban Organization in Twelfth-Century Catalonia // Speculum. Vol. 54. № 3. 1979. P. 479–491,full_reference,Freedman P.H. An Unsuccessful Attempt at Urban Organization in Twelfth-Century Catalonia // Speculum. Vol. 54. № 3. 1979. P. 479–491,Vol. 54; P. 479–491,Vol. 54; P. 479–491,,,,,,,korneeva-research-242,korneeva-research-242,resolved_explicit,exact_title,0.98,,,,
mention-0093,ИСТОРИОГРАФИЯ_ВЕРСИЯ_3.docx,52,52,2,Idem. Military Orders and Peasant Servitude in Catalonia: Twelfth and Thirteenth Centuries // The Hispanic American Historical Review. 1985. Т. 65. No. 1. P. 91–110,full_reference,Military Orders and Peasant Servitude in Catalonia: Twelfth and Thirteenth Centuries // The Hispanic American Historical Review. 1985. Т. 65. No. 1. P. 91–110,Т. 65; No. 1.; P. 91–110,Т. 65; No. 1.; P. 91–110,same_author,Idem.,mention-0092,,"Freedman, P",,korneeva-research-243,korneeva-research-243,resolved_explicit,exact_title,0.98,,,,
mention-0094,ИСТОРИОГРАФИЯ_ВЕРСИЯ_3.docx,52,52,3,Idem. Peasant servitude in the thirteenth century // Estudi General. 1986. № 5–6. P. 437–445,full_reference,Peasant servitude in the thirteenth century // Estudi General. 1986. № 5–6. P. 437–445,P. 437–445,P. 437–445,same_author,Idem.,mention-0093,,"Freedman, P.",,korneeva-footnote-034,korneeva-footnote-034,new_footnote_only_record,new_footnote_only_record,0.9,,,,
mention-0095,ИСТОРИОГРАФИЯ_ВЕРСИЯ_3.docx,52,52,4,Idem. La condition des paysans dans un village catalan du XIIIe siècle // Annales du Midi. 1982. Т. 94. № 158. P. 231–244.,full_reference,La condition des paysans dans un village catalan du XIIIe siècle // Annales du Midi. 1982. Т. 94. № 158. P. 231–244.,Т. 94; P. 231–244,Т. 94; P. 231–244,same_author,Idem.,mention-0094,,"Freedman, P.",,korneeva-footnote-035,korneeva-footnote-035,new_footnote_only_record,new_footnote_only_record,0.9,,,,
mention-0096,ИСТОРИОГРАФИЯ_ВЕРСИЯ_3.docx,53,53,1,Idem. Catalan Lawyers and the Origins of Serfdom // Mediaeval Studies. 1986. Т. 48. № 1. P. 288–314,full_reference,Catalan Lawyers and the Origins of Serfdom // Mediaeval Studies. 1986. Т. 48. № 1. P. 288–314,Т. 48; P. 288–314,Т. 48; P. 288–314,same_author,Idem.,mention-0095,,"Freedman, P.",,korneeva-footnote-036,korneeva-footnote-036,new_footnote_only_record,new_footnote_only_record,0.9,,,,
mention-0097,ИСТОРИОГРАФИЯ_ВЕРСИЯ_3.docx,53,53,2,"Idem. The Catalan Ius Maletractandi // Recueil de mémoires et travaux publié par la Société d’Histoire du Droit et des Institutions des Anciens Pays du Droit Écrit. Montpellier : Faculté de droit et des sciences économiques de Montpellier, 1985. № 13. P. 39–53.",full_reference,"The Catalan Ius Maletractandi // Recueil de mémoires et travaux publié par la Société d’Histoire du Droit et des Institutions des Anciens Pays du Droit Écrit. Montpellier : Faculté de droit et des sciences économiques de Montpellier, 1985. № 13. P. 39–53.",P. 39–53,P. 39–53,same_author,Idem.,mention-0096,,"Freedman, P.",,korneeva-footnote-037,korneeva-footnote-037,new_footnote_only_record,new_footnote_only_record,0.9,,,,
mention-0098,ИСТОРИОГРАФИЯ_ВЕРСИЯ_3.docx,54,54,1,"Idem. The Llobregat as a frontier in the thirteenth century // Miscel·lània en homenatge al P. Agustí Altisent. Tarragona: Diputación Provincial de Tarragona, 1991. P. 109–118.",full_reference,"The Llobregat as a frontier in the thirteenth century // Miscel·lània en homenatge al P. Agustí Altisent. Tarragona: Diputación Provincial de Tarragona, 1991. P. 109–118.",P. 109–118,P. 109–118,same_author,Idem.,mention-0097,,"Freedman, P.",,korneeva-footnote-038,korneeva-footnote-038,new_footnote_only_record,new_footnote_only_record,0.9,,,,
mention-0099,ИСТОРИОГРАФИЯ_ВЕРСИЯ_3.docx,55,55,1,"Idem. Cowardice, Heroism and the Legendary Origins of Catalonia // Past & Present. 1988. Vol. 121. P. 3–28.",full_reference,"Cowardice, Heroism and the Legendary Origins of Catalonia // Past & Present. 1988. Vol. 121. P. 3–28.",Vol. 121; P. 3–28,Vol. 121; P. 3–28,same_author,Idem.,mention-0098,,"Freedman, P.",,korneeva-footnote-039,korneeva-footnote-039,new_footnote_only_record,new_footnote_only_record,0.9,,,,
mention-0100,ИСТОРИОГРАФИЯ_ВЕРСИЯ_3.docx,56,56,1,"Idem. The Origins of Peasant Servitude in Medieval Catalonia. Cambridge; New York: Cambridge University Press, 1991.",full_reference,"The Origins of Peasant Servitude in Medieval Catalonia. Cambridge; New York: Cambridge University Press, 1991.",,,same_author,Idem.,mention-0099,,"Freedman, P.",,korneeva-research-133,korneeva-research-133,resolved_explicit,token_overlap,0.688,,,,
mention-0101,ИСТОРИОГРАФИЯ_ВЕРСИЯ_3.docx,57,57,1,Подробнее об этой монографии на русском языке см.:,commentary,Подробнее об этой монографии на русском языке см.:,,,,,,,,,,,not_bibliographic,commentary_or_internal_cross_reference,,,,,
mention-0102,ИСТОРИОГРАФИЯ_ВЕРСИЯ_3.docx,57,57,2,"Филиппов И.С. Рец.: Freedman P. The Origins of Peasant Serfdom in Medieval Catalonia. Cambridge New York, 1991 // СВ. 1993. Т. 56. С. 272–273.",full_reference,"Филиппов И.С. Рец.: Freedman P. The Origins of Peasant Serfdom in Medieval Catalonia. Cambridge New York, 1991 // СВ. 1993. Т. 56. С. 272–273.",Т. 56; С. 272–273,Т. 56; С. 272–273,,,,,,,korneeva-research-133,korneeva-research-133,resolved_explicit,exact_title,0.98,,,,
mention-0103,ИСТОРИОГРАФИЯ_ВЕРСИЯ_3.docx,58,58,1,"Freedman P.H. L’elaboració del dret i el règim senyorial en el regnat de Jaume I // Jaume I: commemoració del VIII centenari del naixement de Jaume I (L’economia rural ; L’articulació urbana ; Les institucions eclesiàstiques ; L’expansió territorial ; El comerç). Barceona: Institut d’Estudis Catalans, 2013. Vol. 2. P. 61–71",full_reference,"Freedman P.H. L’elaboració del dret i el règim senyorial en el regnat de Jaume I // Jaume I: commemoració del VIII centenari del naixement de Jaume I (L’economia rural ; L’articulació urbana ; Les institucions eclesiàstiques ; L’expansió territorial ; El comerç). Barceona: Institut d’Estudis Catalans, 2013. Vol. 2. P. 61–71",Vol. 2; P. 61–71,Vol. 2; P. 61–71,,,,,,,korneeva-footnote-040,korneeva-footnote-040,new_footnote_only_record,new_footnote_only_record,0.9,,,,
mention-0104,ИСТОРИОГРАФИЯ_ВЕРСИЯ_3.docx,58,58,2,"Idem.  “Remences” and the Lordship of Sant Pere de Casserres // La Corona catalanoaragonesa, l’Islam i el món mediterrani: estudis d’història medieval en homenatge a la Doctora María Teresa Ferrer i Mallol. Barcelona : CSIC, Institució Milà i Fontanals, Departament de Ciències Històriques-Estudis Medievals, 2013. P. 277–282.",full_reference,"“Remences” and the Lordship of Sant Pere de Casserres // La Corona catalanoaragonesa, l’Islam i el món mediterrani: estudis d’història medieval en homenatge a la Doctora María Teresa Ferrer i Mallol. Barcelona : CSIC, Institució Milà i Fontanals, Departament de Ciències Històriques-Estudis Medievals, 2013. P. 277–282.",P. 277–282,P. 277–282,same_author,Idem.,mention-0103,,"Freedman, P",,korneeva-footnote-041,korneeva-footnote-041,new_footnote_only_record,new_footnote_only_record,0.9,,,,
mention-0105,ИСТОРИОГРАФИЯ_ВЕРСИЯ_3.docx,59,59,1,"Kagay D.J. Introduction // The Usatges of Barcelona: The Fundamental Law of Catalonia. Philadelphia, 1994. P. 3–66.",full_reference,"Kagay D.J. Introduction // The Usatges of Barcelona: The Fundamental Law of Catalonia. Philadelphia, 1994. P. 3–66.",P. 3–66,P. 3–66,,,,,,,korneeva-sources-038,korneeva-sources-038,resolved_explicit,token_overlap,0.678,,,,
mention-0106,ИСТОРИОГРАФИЯ_ВЕРСИЯ_3.docx,60,60,1,Ibid. P. 18.,relational_reference,P. 18.,P. 18,P. 18,same_work,Ibid.,mention-0105,,Kagay D.J.,korneeva-sources-038,korneeva-sources-038,korneeva-sources-038,resolved_relation,same_work_previous_citation,1.0,,,,
mention-0107,ИСТОРИОГРАФИЯ_ВЕРСИЯ_3.docx,61,61,1,Ibid. P. 3.,relational_reference,P. 3.,P. 3,P. 3,same_work,Ibid.,mention-0106,,Kagay D.J.,korneeva-sources-038,korneeva-sources-038,korneeva-sources-038,resolved_relation,same_work_previous_citation,1.0,,,,
mention-0108,ИСТОРИОГРАФИЯ_ВЕРСИЯ_3.docx,62,62,1,Idem. Royal Power in an Urban Setting: James I and the Towns of the Crown of Aragon // Mediaevistik. 1995. Vol. 8. P. 161–170,full_reference,Royal Power in an Urban Setting: James I and the Towns of the Crown of Aragon // Mediaevistik. 1995. Vol. 8. P. 161–170,Vol. 8; P. 161–170,Vol. 8; P. 161–170,same_author,Idem.,mention-0107,,Kagay D.J.,,korneeva-footnote-042,korneeva-footnote-042,new_footnote_only_record,new_footnote_only_record,0.9,,,,
mention-0109,ИСТОРИОГРАФИЯ_ВЕРСИЯ_3.docx,62,62,2,Idem. The line between memoir and history: James I of Aragon and the Llibre del Feyts // Mediterranean Historical Review. 1996. P. 165–176.,full_reference,The line between memoir and history: James I of Aragon and the Llibre del Feyts // Mediterranean Historical Review. 1996. P. 165–176.,P. 165–176,P. 165–176,same_author,Idem.,mention-0108,,Kagay D.J.,,korneeva-footnote-043,korneeva-footnote-043,new_footnote_only_record,new_footnote_only_record,0.9,,,,
mention-0110,ИСТОРИОГРАФИЯ_ВЕРСИЯ_3.docx,63,63,1,"Idem. Army Mobilization, Royal Administration, and the Realm in the Thirteenth-Century Crown of Aragon Brill, 1996. P. 95–115",author_inherited_reference,"Army Mobilization, Royal Administration, and the Realm in the Thirteenth-Century Crown of Aragon Brill, 1996. P. 95–115",P. 95–115,P. 95–115,same_author,Idem.,mention-0109,,Kagay D.J.,,work-inferred-001,,resolved_work_edition_missing,work_identity_inferred_from_author_and_short_title,0.85,,,,
mention-0111,ИСТОРИОГРАФИЯ_ВЕРСИЯ_3.docx,63,63,2,"Kagay D.J. War, government, and society in the medieval Crown of Aragon. Aldershot [England] ; Burlington, VT : Ashgate/Variorum, 2007.",full_reference,"Kagay D.J. War, government, and society in the medieval Crown of Aragon. Aldershot [England] ; Burlington, VT : Ashgate/Variorum, 2007.",,,,,,,,,korneeva-research-314,korneeva-research-314,resolved_explicit,exact_title,0.98,,,,
mention-0112,ИСТОРИОГРАФИЯ_ВЕРСИЯ_3.docx,64,64,1,"Idem. Rebellion on trial: The Aragonese Union and its Uneasy connection to royal law, 1265–1301 // The Journal of Legal History. 1997. Vol. 18. P. 30–43",full_reference,"Rebellion on trial: The Aragonese Union and its Uneasy connection to royal law, 1265–1301 // The Journal of Legal History. 1997. Vol. 18. P. 30–43",Vol. 18; P. 30–43,Vol. 18; P. 30–43,same_author,Idem.,mention-0111,,"Kagay, D",,korneeva-footnote-044,korneeva-footnote-044,new_footnote_only_record,new_footnote_only_record,0.9,,,,
mention-0113,ИСТОРИОГРАФИЯ_ВЕРСИЯ_3.docx,64,64,2,Idem. The Treason of Center and Periphery: The Uncertain Contest of Government and Individual in the Medieval Crown of Aragon // Mediterranean Studies. 2003. Vol. 12. P. 17–35.,full_reference,The Treason of Center and Periphery: The Uncertain Contest of Government and Individual in the Medieval Crown of Aragon // Mediterranean Studies. 2003. Vol. 12. P. 17–35.,Vol. 12; P. 17–35,Vol. 12; P. 17–35,same_author,Idem.,mention-0112,,"Kagay, D",,korneeva-research-314,korneeva-research-314,resolved_explicit,inherited_author_and_title,0.667,,,,
mention-0114,ИСТОРИОГРАФИЯ_ВЕРСИЯ_3.docx,65,65,1,"Kosto A. J. The""convenientiae"" of the Catalan counts in the eleventh century: a diplomatic and historical analysis //Acta historica et archaeologica mediaevalia. 1998. № 19. P. 191–228.",full_reference,"Kosto A. J. The""convenientiae"" of the Catalan counts in the eleventh century: a diplomatic and historical analysis //Acta historica et archaeologica mediaevalia. 1998. № 19. P. 191–228.",P. 191–228,P. 191–228,,,,,,,korneeva-footnote-045,korneeva-footnote-045,new_footnote_only_record,new_footnote_only_record,0.9,,,,
mention-0115,ИСТОРИОГРАФИЯ_ВЕРСИЯ_3.docx,66,66,1,"Idem. The limited impact of the «Usatges de Barcelona» in Twelfth-century Catalonia // Traditio. Cambridge: Cambridge University Press, 2001. Т. 56. P. 53–88.",full_reference,"The limited impact of the «Usatges de Barcelona» in Twelfth-century Catalonia // Traditio. Cambridge: Cambridge University Press, 2001. Т. 56. P. 53–88.",Т. 56; P. 53–88,Т. 56; P. 53–88,same_author,Idem.,mention-0114,,"Kosto, A",,korneeva-research-322,korneeva-research-322,resolved_explicit,exact_title,0.98,,,,
mention-0116,ИСТОРИОГРАФИЯ_ВЕРСИЯ_3.docx,67,67,1,"Idem. Making agreements in medieval Catalonia: power, order and the written word, 1000–2000. Cambridge: Cambridge University Press, 2001. P. 14.",full_reference,"Making agreements in medieval Catalonia: power, order and the written word, 1000–2000. Cambridge: Cambridge University Press, 2001. P. 14.",P. 14,P. 14,same_author,Idem.,mention-0115,,"Kosto, A",,korneeva-research-323,korneeva-research-323,resolved_explicit,exact_title,0.98,,,,
mention-0117,ИСТОРИОГРАФИЯ_ВЕРСИЯ_3.docx,68,68,1,"Idem. Laymen, clerics, and documentary practices in the early Middle Ages: the example of Catalonia // Speculum. 2005. Т. 80. №. 1. P. 44–74.",full_reference,"Laymen, clerics, and documentary practices in the early Middle Ages: the example of Catalonia // Speculum. 2005. Т. 80. №. 1. P. 44–74.",Т. 80; P. 44–74,Т. 80; P. 44–74,same_author,Idem.,mention-0116,,"Kosto, A.",,korneeva-research-321,korneeva-research-321,resolved_explicit,exact_title,0.98,,,,
mention-0118,ИСТОРИОГРАФИЯ_ВЕРСИЯ_3.docx,69,69,1,"Idem. Versatile Participants in Medieval Judicial Processes: Catalonia, 900–1100 // Records and Processes of Dispute Settlement in Early Medieval Societies: Iberia and Beyond. 2024. P. 311–337.",full_reference,"Versatile Participants in Medieval Judicial Processes: Catalonia, 900–1100 // Records and Processes of Dispute Settlement in Early Medieval Societies: Iberia and Beyond. 2024. P. 311–337.",P. 311–337,P. 311–337,same_author,Idem.,mention-0117,,"Kosto, A",,korneeva-footnote-046,korneeva-footnote-046,new_footnote_only_record,new_footnote_only_record,0.9,,,,
mention-0119,ИСТОРИОГРАФИЯ_ВЕРСИЯ_3.docx,70,70,1,"См. обобщающие работы, задуманные одновременно и как монографии, и как справочно-обучающие материалы для студентов-историков и правоведов:",commentary,"См. обобщающие работы, задуманные одновременно и как монографии, и как справочно-обучающие материалы для студентов-историков и правоведов:",,,,,,,,,,,not_bibliographic,commentary_or_internal_cross_reference,,,,,
mention-0120,ИСТОРИОГРАФИЯ_ВЕРСИЯ_3.docx,70,70,2,"Montagut i Estragués T. de, Maluquer de Motes i Bernet C.J. Història del dret espanyol. Barcelona: Edicions de la Universitat Oberta de Catalunya, 1997.",full_reference,"Montagut i Estragués T. de, Maluquer de Motes i Bernet C.J. Història del dret espanyol. Barcelona: Edicions de la Universitat Oberta de Catalunya, 1997.",,,,,,,,,korneeva-footnote-047,korneeva-footnote-047,new_footnote_only_record,new_footnote_only_record,0.9,,,,
mention-0121,ИСТОРИОГРАФИЯ_ВЕРСИЯ_3.docx,70,70,3,"Montagut i Estragués T. de, Ferro Delgado V., Serrano Daura J. Història del dret català. Universitat Oberta de Catalunya, 2009.",full_reference,"Montagut i Estragués T. de, Ferro Delgado V., Serrano Daura J. Història del dret català. Universitat Oberta de Catalunya, 2009.",,,,,,,,,korneeva-footnote-048,korneeva-footnote-048,new_footnote_only_record,new_footnote_only_record,0.9,,,,
mention-0122,ИСТОРИОГРАФИЯ_ВЕРСИЯ_3.docx,71,71,1,Montagut i Estragués T. de. La recepción del derecho feudal común en Cataluña I ( 1211–1330): (La alienación del feudo sin el consentimiento del Señor) // Glossae: European Journal of Legal History. 1992. № 4. P. 9–145.,full_reference,Montagut i Estragués T. de. La recepción del derecho feudal común en Cataluña I ( 1211–1330): (La alienación del feudo sin el consentimiento del Señor) // Glossae: European Journal of Legal History. 1992. № 4. P. 9–145.,P. 9–145,P. 9–145,,,,,,,korneeva-footnote-049,korneeva-footnote-049,new_footnote_only_record,new_footnote_only_record,0.9,,,,
mention-0123,ИСТОРИОГРАФИЯ_ВЕРСИЯ_3.docx,72,72,1,Idem. Presencia de Las Partidas en el derecho catalán // Espacios y fueros en Castilla-La Mancha (siglos XI–XV): una perspectiva metodológica. 1995. № 2. P. 487–505.,full_reference,Presencia de Las Partidas en el derecho catalán // Espacios y fueros en Castilla-La Mancha (siglos XI–XV): una perspectiva metodológica. 1995. № 2. P. 487–505.,P. 487–505,P. 487–505,same_author,Idem.,mention-0122,,"Montagut i Estragués, T.",,korneeva-footnote-050,korneeva-footnote-050,new_footnote_only_record,new_footnote_only_record,0.9,,,,
mention-0124,ИСТОРИОГРАФИЯ_ВЕРСИЯ_3.docx,73,73,1,Idem. La cultura jurídica europea del ius commune (S. XII–XV): la teoría y la práctica de sus juristas // Ius Publicum. 2008. № 20. P. 39–51.,full_reference,La cultura jurídica europea del ius commune (S. XII–XV): la teoría y la práctica de sus juristas // Ius Publicum. 2008. № 20. P. 39–51.,P. 39–51,P. 39–51,same_author,Idem.,mention-0123,,"Montagut i Estragués, T.",,korneeva-footnote-051,korneeva-footnote-051,new_footnote_only_record,new_footnote_only_record,0.9,,,,
mention-0125,ИСТОРИОГРАФИЯ_ВЕРСИЯ_3.docx,74,74,1,"Idem. La Carta de Tortosa i el dret comú // Les Cartes de població cristiana i de seguretat de jueus i sarraïns de Tortosa (1148-1149): Actes de les Jornades d'Estudi commemoratives del 850è aniversari de la seva concessió, Tortosa, 14, 15 i 16 de maig de 1999, Barcelona: Universitat Internacional de Catalunya, 2000. P. 169–177.",full_reference,"La Carta de Tortosa i el dret comú // Les Cartes de població cristiana i de seguretat de jueus i sarraïns de Tortosa (1148-1149): Actes de les Jornades d'Estudi commemoratives del 850è aniversari de la seva concessió, Tortosa, 14, 15 i 16 de maig de 1999, Barcelona: Universitat Internacional de Catalunya, 2000. P. 169–177.",P. 169–177,P. 169–177,same_author,Idem.,mention-0124,,"Montagut i Estragués, T.",,korneeva-research-334,korneeva-research-334,resolved_explicit,token_overlap,0.689,,,,
mention-0126,ИСТОРИОГРАФИЯ_ВЕРСИЯ_3.docx,74,74,2,Idem. La recepción del derecho feudal común en Cataluña I ( 1211–1330 ): ( La alienación del feudo sin el consentimiento del Señor ) // Glossae: European Journal of Legal History. 1992. № 4. P. 9–145.,full_reference,La recepción del derecho feudal común en Cataluña I ( 1211–1330 ): ( La alienación del feudo sin el consentimiento del Señor ) // Glossae: European Journal of Legal History. 1992. № 4. P. 9–145.,P. 9–145,P. 9–145,same_author,Idem.,mention-0125,,"Massip Fonollosa, J.",,korneeva-footnote-049,korneeva-footnote-049,resolved_explicit,token_overlap,0.959,,,,
mention-0127,ИСТОРИОГРАФИЯ_ВЕРСИЯ_3.docx,75,75,1,Idem. La societat de Barcelona i el seu dret: Segles XI–XIII // Catalan Historical Review. 2008. № 1. P. 183–193.,full_reference,La societat de Barcelona i el seu dret: Segles XI–XIII // Catalan Historical Review. 2008. № 1. P. 183–193.,P. 183–193,P. 183–193,same_author,Idem.,mention-0126,,"Montagut i Estragués, T.",,korneeva-footnote-052,korneeva-footnote-052,new_footnote_only_record,new_footnote_only_record,0.9,,,,
mention-0128,ИСТОРИОГРАФИЯ_ВЕРСИЯ_3.docx,76,76,1,"Idem. Recognoverunt proceres Barchinone, et antiqui et sapientes in iure Diputación Provincial de Tarragona, 2020. P. 121–144",full_reference,"Recognoverunt proceres Barchinone, et antiqui et sapientes in iure Diputación Provincial de Tarragona, 2020. P. 121–144",P. 121–144,P. 121–144,same_author,Idem.,mention-0127,,"Montagut i Estragués, T.",,work-family-recognoverunt_proceres,korneeva-sources-034;korneeva-sources-035,resolved_work_edition_ambiguous,work_resolved_edition_ambiguous,0.9,,,recognoverunt_proceres,
mention-0129,ИСТОРИОГРАФИЯ_ВЕРСИЯ_3.docx,76,76,2,"Idem. Els usages de Barcelona, un text jurídic medieval de doble transició // La justícia a la Catalunya medieval: actes del VII Seminari d'Estudis Medievals d'Hostalric : (18 i 19 de novembre de 2021). Hostalric: Ajuntament d'Hostalric, 2022. P. 85–93.",full_reference,"Els usages de Barcelona, un text jurídic medieval de doble transició // La justícia a la Catalunya medieval: actes del VII Seminari d'Estudis Medievals d'Hostalric : (18 i 19 de novembre de 2021). Hostalric: Ajuntament d'Hostalric, 2022. P. 85–93.",P. 85–93,P. 85–93,same_author,Idem.,mention-0128,,"Montagut i Estragués, T.",,korneeva-footnote-053,korneeva-footnote-053,new_footnote_only_record,new_footnote_only_record,0.9,,,,
mention-0130,ИСТОРИОГРАФИЯ_ВЕРСИЯ_3.docx,77,77,1,"Kagay D.J. The Essential Enemy: The Image of the Muslim as Adversary and Vassal in the Law and Literature of the Medieval Crown of Aragon / D. R. Blanks, M. Frassetto, New York: Palgrave Macmillan US, 1999. P. 119–136.",full_reference,"Kagay D.J. The Essential Enemy: The Image of the Muslim as Adversary and Vassal in the Law and Literature of the Medieval Crown of Aragon / D. R. Blanks, M. Frassetto, New York: Palgrave Macmillan US, 1999. P. 119–136.",P. 119–136,P. 119–136,,,,,,,korneeva-footnote-054,korneeva-footnote-054,new_footnote_only_record,new_footnote_only_record,0.9,,,,
mention-0131,ИСТОРИОГРАФИЯ_ВЕРСИЯ_3.docx,78,78,1,"Idem. Pere Albert: Barcelona Canon, Royal Advocate, Feudal Theorist // Anuario de Estudios Medievales. 2002. № 1 (32). P. 39–74.",full_reference,"Pere Albert: Barcelona Canon, Royal Advocate, Feudal Theorist // Anuario de Estudios Medievales. 2002. № 1 (32). P. 39–74.",P. 39–74,P. 39–74,same_author,Idem.,mention-0130,,"Kagay, D",,korneeva-footnote-055,korneeva-footnote-055,new_footnote_only_record,new_footnote_only_record,0.9,,,,
mention-0132,ИСТОРИОГРАФИЯ_ВЕРСИЯ_3.docx,79,79,1,Idem. The Murder of the Abbot: A Homicide and its Wider Impact in Fourteenth-Century Catalonia // Mediaevistik. 2008. Vol. 21. P. 87–111.,full_reference,The Murder of the Abbot: A Homicide and its Wider Impact in Fourteenth-Century Catalonia // Mediaevistik. 2008. Vol. 21. P. 87–111.,Vol. 21; P. 87–111,Vol. 21; P. 87–111,same_author,Idem.,mention-0131,,"Kagay, D",,korneeva-research-313,korneeva-research-313,resolved_explicit,exact_title,0.98,,,,
mention-0133,ИСТОРИОГРАФИЯ_ВЕРСИЯ_3.docx,80,80,1,Iglesia Ferreirós A. Glosas y Usatges: el ms. BNP Latin 4670 A Edición // Initium: Revista catalana d’historia del dret. 2002. № 7. P. 363–847,full_reference,Iglesia Ferreirós A. Glosas y Usatges: el ms. BNP Latin 4670 A Edición // Initium: Revista catalana d’historia del dret. 2002. № 7. P. 363–847,P. 363–847,P. 363–847,,,,,,,korneeva-research-276,korneeva-research-276,resolved_explicit,exact_title,0.98,,,,
mention-0134,ИСТОРИОГРАФИЯ_ВЕРСИЯ_3.docx,80,80,2,Idem. La compilación catalana del «ms». E // Initium: Revista catalana d’historia del dret. 2005. № 10. P. 381–544,full_reference,La compilación catalana del «ms». E // Initium: Revista catalana d’historia del dret. 2005. № 10. P. 381–544,P. 381–544,P. 381–544,same_author,Idem.,mention-0133,,"Iglesia Ferreirós, A.",,korneeva-research-280,korneeva-research-280,resolved_explicit,exact_title,0.98,,,,
mention-0135,ИСТОРИОГРАФИЯ_ВЕРСИЯ_3.docx,80,80,3,Idem. Variaciones sobre un mismo tema: los usatges de Barcelona // Initium: Revista catalana d’historia del dret. 2006. № 11. P. 3–105 и др. его работы.,full_reference,Variaciones sobre un mismo tema: los usatges de Barcelona // Initium: Revista catalana d’historia del dret. 2006. № 11. P. 3–105 и др. его работы.,P. 3–105,P. 3–105,same_author,Idem.,mention-0134,,"Iglesia Ferreirós, A.",,korneeva-research-310,korneeva-research-310,resolved_explicit,exact_title,0.98,,,,
mention-0136,ИСТОРИОГРАФИЯ_ВЕРСИЯ_3.docx,81,81,1,Idem. El derecho en la Cataluña altomedieval // Memorias de la Real Academia de Buenas Letras de Barcelona. 1991. Vol 24. P. 27–34.,full_reference,El derecho en la Cataluña altomedieval // Memorias de la Real Academia de Buenas Letras de Barcelona. 1991. Vol 24. P. 27–34.,P. 27–34,P. 27–34,same_author,Idem.,mention-0135,,"Iglesia Ferreirós, A.",,korneeva-footnote-056,korneeva-footnote-056,new_footnote_only_record,new_footnote_only_record,0.9,,,,
mention-0137,ИСТОРИОГРАФИЯ_ВЕРСИЯ_3.docx,82,82,1,"Idem.Un pequeño enigma el origen de los “Usatici” // Mundos medievales: espacios, sociedades y poder : homenaje al profesor José Ángel García de Cortázar y Ruiz de Aguirre. 2012. Vol. 1. P. 521–609.",full_reference,"Un pequeño enigma el origen de los “Usatici” // Mundos medievales: espacios, sociedades y poder : homenaje al profesor José Ángel García de Cortázar y Ruiz de Aguirre. 2012. Vol. 1. P. 521–609.",Vol. 1; P. 521–609,Vol. 1; P. 521–609,same_author,Idem.,mention-0136,,"Iglesia Ferreirós, A.",,korneeva-footnote-057,korneeva-footnote-057,new_footnote_only_record,new_footnote_only_record,0.9,,,,
mention-0138,ИСТОРИОГРАФИЯ_ВЕРСИЯ_3.docx,83,83,1,Idem. The Birth of the Usatici // Imago temporis. Medium Aevum. 2011. № 5. P. 119–134.,full_reference,The Birth of the Usatici // Imago temporis. Medium Aevum. 2011. № 5. P. 119–134.,P. 119–134,P. 119–134,same_author,Idem.,mention-0137,,"Iglesia Ferreirós, A.",,korneeva-research-300,korneeva-research-300,resolved_explicit,exact_title,0.98,,,,
mention-0139,ИСТОРИОГРАФИЯ_ВЕРСИЯ_3.docx,84,84,1,"Idem. Giraud, D’Abadal y Valls, Mor y los Usatges // Initium: Revista catalana d’historia del dret. 2002. № 7. P. 3–78.",full_reference,"Giraud, D’Abadal y Valls, Mor y los Usatges // Initium: Revista catalana d’historia del dret. 2002. № 7. P. 3–78.",P. 3–78,P. 3–78,same_author,Idem.,mention-0138,,"Iglesia Ferreirós, A.",,korneeva-research-275,korneeva-research-275,resolved_explicit,exact_title,0.98,,,,
mention-0140,ИСТОРИОГРАФИЯ_ВЕРСИЯ_3.docx,85,85,1,Sabaté i Curull F. Ejes vertebradores de la oligarquía urbana en Cataluña // Revista d’Historia Medieval. 1998. № 9. P. 127–149.,full_reference,Sabaté i Curull F. Ejes vertebradores de la oligarquía urbana en Cataluña // Revista d’Historia Medieval. 1998. № 9. P. 127–149.,P. 127–149,P. 127–149,,,,,,,korneeva-research-368,korneeva-research-368,resolved_explicit,token_overlap,0.843,,,,
mention-0141,ИСТОРИОГРАФИЯ_ВЕРСИЯ_3.docx,86,86,1,Idem. La Governació al Principat de Catalunya i als comtats de Roselló i Cerdanya // Anales de la Universidad de Alicante. 1999. № 12. P. 21–62.,full_reference,La Governació al Principat de Catalunya i als comtats de Roselló i Cerdanya // Anales de la Universidad de Alicante. 1999. № 12. P. 21–62.,P. 21–62,P. 21–62,same_author,Idem.,mention-0140,,"Sabaté i Curull, F.",,korneeva-footnote-058,korneeva-footnote-058,new_footnote_only_record,new_footnote_only_record,0.9,,,,
mention-0142,ИСТОРИОГРАФИЯ_ВЕРСИЯ_3.docx,87,87,1,"Idem.  L'apparition du féodalisme dans la péninsule Ibérique. Etat de la recherche au commencement du XXIe siècle // Cahiers de Civilisation Médiévale. 2006. Vol. 49, Nº 193. P. 49–69.",full_reference,"L'apparition du féodalisme dans la péninsule Ibérique. Etat de la recherche au commencement du XXIe siècle // Cahiers de Civilisation Médiévale. 2006. Vol. 49, Nº 193. P. 49–69.","Vol. 49, Nº 193; P. 49–69","Vol. 49, Nº 193; P. 49–69",same_author,Idem.,mention-0141,,"Sabaté i Curull, F.",,korneeva-footnote-059,korneeva-footnote-059,new_footnote_only_record,new_footnote_only_record,0.9,,,,
mention-0143,ИСТОРИОГРАФИЯ_ВЕРСИЯ_3.docx,88,88,1,Idem. La pena de muerte en la Cataluña bajomedieval // Clio & Crimen. 2007. № 4. P. 118–276.,full_reference,La pena de muerte en la Cataluña bajomedieval // Clio & Crimen. 2007. № 4. P. 118–276.,P. 118–276,P. 118–276,same_author,Idem.,mention-0142,,"Sabaté i Curull, F.",,korneeva-footnote-060,korneeva-footnote-060,new_footnote_only_record,new_footnote_only_record,0.9,,,,
mention-0144,ИСТОРИОГРАФИЯ_ВЕРСИЯ_3.docx,89,89,1,Salrach i Marès J.M. Remences i pagesos a la Catalunya medieval // Revista d’historia medieval. 1995. № 6. P. 127–135.,full_reference,Salrach i Marès J.M. Remences i pagesos a la Catalunya medieval // Revista d’historia medieval. 1995. № 6. P. 127–135.,P. 127–135,P. 127–135,,,,,,,korneeva-footnote-061,korneeva-footnote-061,new_footnote_only_record,new_footnote_only_record,0.9,,,,
mention-0145,ИСТОРИОГРАФИЯ_ВЕРСИЯ_3.docx,90,90,1,Idem. Sociedad rural y mercados en la Cataluña medieval // Edad Media: revista de historia. 2001. № 4. P. 83–111.,full_reference,Sociedad rural y mercados en la Cataluña medieval // Edad Media: revista de historia. 2001. № 4. P. 83–111.,P. 83–111,P. 83–111,same_author,Idem.,mention-0144,,"Salrach i Marès, J",,korneeva-footnote-019,korneeva-footnote-019,resolved_explicit,inherited_author_and_title,0.8,,,,
mention-0146,ИСТОРИОГРАФИЯ_ВЕРСИЯ_3.docx,91,91,1,"Idem. Prácticas judiciales, transformación social y acción política en Cataluña (siglos IX-XIII) // Hispania: Revista española de historia. 1997. № 197 (57). P. 1009–1048",full_reference,"Prácticas judiciales, transformación social y acción política en Cataluña (siglos IX-XIII) // Hispania: Revista española de historia. 1997. № 197 (57). P. 1009–1048",P. 1009–1048,P. 1009–1048,same_author,Idem.,mention-0145,,"Salrach, J",,korneeva-footnote-062,korneeva-footnote-062,new_footnote_only_record,new_footnote_only_record,0.9,,,,
mention-0147,ИСТОРИОГРАФИЯ_ВЕРСИЯ_3.docx,91,91,2,Idem.  Les modalités du règlement des conflits en Catalogne aux XIe et XIIe siècles // Actes des congrès de la Société des historiens médiévistes de l’enseignement supérieur public. 2000. № 31. P. 117–134.,full_reference,Les modalités du règlement des conflits en Catalogne aux XIe et XIIe siècles // Actes des congrès de la Société des historiens médiévistes de l’enseignement supérieur public. 2000. № 31. P. 117–134.,P. 117–134,P. 117–134,same_author,Idem.,mention-0146,,"Salrach, J",,korneeva-research-376,korneeva-research-376,resolved_explicit,token_overlap,0.84,,,,
mention-0148,ИСТОРИОГРАФИЯ_ВЕРСИЯ_3.docx,92,92,1,Salrach i Marès J. M. Justícia d’Estat i justícia feudal a Catalunya // Butlletí de la Societat Catalana d’Estudis Històrics. 2022. № 33. P. 279–302.,full_reference,Salrach i Marès J. M. Justícia d’Estat i justícia feudal a Catalunya // Butlletí de la Societat Catalana d’Estudis Històrics. 2022. № 33. P. 279–302.,P. 279–302,P. 279–302,,,,,,,korneeva-footnote-063,korneeva-footnote-063,new_footnote_only_record,new_footnote_only_record,0.9,,,,
mention-0149,ИСТОРИОГРАФИЯ_ВЕРСИЯ_3.docx,93,93,1,"Serrano Daura J. Usos i pràctiques socials i religiosos dels moriscos d’Ascó, Benissanet i Miravet // Miscel·lània del Centre d’Estudis de la Ribera d’Ebre. 1993. № 9 (1). P. 31–42",full_reference,"Serrano Daura J. Usos i pràctiques socials i religiosos dels moriscos d’Ascó, Benissanet i Miravet // Miscel·lània del Centre d’Estudis de la Ribera d’Ebre. 1993. № 9 (1). P. 31–42",P. 31–42,P. 31–42,,,,,,,korneeva-research-396,korneeva-research-396,resolved_explicit,exact_title,0.98,,,,
mention-0150,ИСТОРИОГРАФИЯ_ВЕРСИЯ_3.docx,93,93,2,Idem. L’antic dret de Lleida a les comarques tarragonines (s. XII-XIV) 1997. P. 533–540,author_inherited_reference,L’antic dret de Lleida a les comarques tarragonines (s. XII-XIV) 1997. P. 533–540,P. 533–540,P. 533–540,same_author,Idem.,mention-0149,,"Serrano Daura, J.",,korneeva-research-386,korneeva-research-386,resolved_explicit,exact_title,0.98,,,,
mention-0151,ИСТОРИОГРАФИЯ_ВЕРСИЯ_3.docx,93,93,3,Idem. Senyoria i municipi a Orta: s. XII-XIII 1997. P. 85–101,author_inherited_reference,Senyoria i municipi a Orta: s. XII-XIII 1997. P. 85–101,P. 85–101,P. 85–101,same_author,Idem.,mention-0150,,"Serrano Daura, J.",,korneeva-research-394,korneeva-research-394,resolved_explicit,exact_title,0.98,,,,
mention-0152,ИСТОРИОГРАФИЯ_ВЕРСИЯ_3.docx,93,93,4,"Idem. Incorporació definitiva a Catalunya dels territoris d’Ascó i de Miravet (1347), i d’Horta (1359) 1999. P. 67–95",author_inherited_reference,"Incorporació definitiva a Catalunya dels territoris d’Ascó i de Miravet (1347), i d’Horta (1359) 1999. P. 67–95",P. 67–95,P. 67–95,same_author,Idem.,mention-0151,,"Serrano Daura, J.",,korneeva-research-385,korneeva-research-385,resolved_explicit,exact_title,0.98,,,,
mention-0153,ИСТОРИОГРАФИЯ_ВЕРСИЯ_3.docx,93,93,5,"Idem. La Carta de Seguretat deis sarraïns de Tortosa, de 1148 2000. P. 105–150",author_inherited_reference,"La Carta de Seguretat deis sarraïns de Tortosa, de 1148 2000. P. 105–150",P. 105–150,P. 105–150,same_author,Idem.,mention-0152,,"Serrano Daura, J.",,korneeva-research-387,korneeva-research-387,resolved_explicit,exact_title,0.98,,,,
mention-0154,ИСТОРИОГРАФИЯ_ВЕРСИЯ_3.docx,93,93,6,"Idem. Els costums de Flix, una baronia de Barcelona // Barcelona: quaderns d’història. 2001. № 5. P. 87–102",full_reference,"Els costums de Flix, una baronia de Barcelona // Barcelona: quaderns d’història. 2001. № 5. P. 87–102",P. 87–102,P. 87–102,same_author,Idem.,mention-0153,,"Serrano Daura, J.",,korneeva-research-384,korneeva-research-384,resolved_explicit,exact_title,0.98,,,,
mention-0155,ИСТОРИОГРАФИЯ_ВЕРСИЯ_3.docx,93,93,7,Idem. Senyoria i municipi a la Batllia de Miravet (s. XII-XIV) 2002. P. 97–137,author_inherited_reference,Senyoria i municipi a la Batllia de Miravet (s. XII-XIV) 2002. P. 97–137,P. 97–137,P. 97–137,same_author,Idem.,mention-0154,,"Serrano Daura, J.",,korneeva-research-393,korneeva-research-393,resolved_explicit,exact_title,0.98,,,,
mention-0156,ИСТОРИОГРАФИЯ_ВЕРСИЯ_3.docx,93,93,8,Idem. La projecció del dret de Lleida // Revista de dret històric Català. 2004. (3). P. 233–258,full_reference,La projecció del dret de Lleida // Revista de dret històric Català. 2004. (3). P. 233–258,P. 233–258,P. 233–258,same_author,Idem.,mention-0155,,"Serrano Daura, J.",,korneeva-research-391,korneeva-research-391,resolved_explicit,exact_title,0.98,,,,
mention-0157,ИСТОРИОГРАФИЯ_ВЕРСИЯ_3.docx,93,93,9,"Idem. El dret marítim en els Costums de Tortosa (1277–1279) València: Universidad de Valencia = Universitat de València, 2005. P. 569–582",full_reference,"El dret marítim en els Costums de Tortosa (1277–1279) València: Universidad de Valencia = Universitat de València, 2005. P. 569–582",P. 569–582,P. 569–582,same_author,Idem.,mention-0156,,"Serrano Daura, J.",,korneeva-research-381,korneeva-research-381,resolved_explicit,exact_title,0.98,,,,
mention-0158,ИСТОРИОГРАФИЯ_ВЕРСИЯ_3.docx,93,93,10,Idem. La famille dans l’historiographie juridique des territoires hispaniques pyrénéens 2005. P. 51–78,author_inherited_reference,La famille dans l’historiographie juridique des territoires hispaniques pyrénéens 2005. P. 51–78,P. 51–78,P. 51–78,same_author,Idem.,mention-0157,,"Serrano Daura, J.",,korneeva-research-390,korneeva-research-390,resolved_explicit,exact_title,0.98,,,,
mention-0159,ИСТОРИОГРАФИЯ_ВЕРСИЯ_3.docx,93,93,11,"Idem. La Coexistència de les comunitats cristiana, jueva i sarraïna a Tortosa a la baixa edat mitjana // Revista de Dret Històric Català. 2006. № 6. P. 173–193",full_reference,"La Coexistència de les comunitats cristiana, jueva i sarraïna a Tortosa a la baixa edat mitjana // Revista de Dret Històric Català. 2006. № 6. P. 173–193",P. 173–193,P. 173–193,same_author,Idem.,mention-0158,,"Serrano Daura, J.",,korneeva-research-388,korneeva-research-388,resolved_explicit,exact_title,0.98,,,,
mention-0160,ИСТОРИОГРАФИЯ_ВЕРСИЯ_3.docx,93,93,12,Idem. Le droit catalan au temps de la Croisade contre les Albigeois 2010. P. 99–112,author_inherited_reference,Le droit catalan au temps de la Croisade contre les Albigeois 2010. P. 99–112,P. 99–112,P. 99–112,same_author,Idem.,mention-0159,,"Serrano Daura, J.",,korneeva-research-392,korneeva-research-392,resolved_explicit,exact_title,0.98,,,,
mention-0161,ИСТОРИОГРАФИЯ_ВЕРСИЯ_3.docx,93,93,13,"Idem. El Judici de prohoms, una institución judicial de participación vecinal // Glossae. 2015 (12). P. 782–800",full_reference,"El Judici de prohoms, una institución judicial de participación vecinal // Glossae. 2015 (12). P. 782–800",P. 782–800,P. 782–800,same_author,Idem.,mention-0160,,"Serrano Daura, J.",,korneeva-research-382,korneeva-research-382,resolved_explicit,exact_title,0.98,,,,
mention-0162,ИСТОРИОГРАФИЯ_ВЕРСИЯ_3.docx,93,93,14,Idem. La concessió dels costums de la batllia de Miravet // Revista de dret històric Català. 2015 (14). P. 273–304,full_reference,La concessió dels costums de la batllia de Miravet // Revista de dret històric Català. 2015 (14). P. 273–304,P. 273–304,P. 273–304,same_author,Idem.,mention-0161,,"Serrano Daura, J.",,korneeva-research-389,korneeva-research-389,resolved_explicit,exact_title,0.98,,,,
mention-0163,ИСТОРИОГРАФИЯ_ВЕРСИЯ_3.docx,93,93,15,Idem. Una aproximació als Costums de Tortosa i el seu contingut (1277–1279) // Revista de Dret Històric Català. 2023. № 22. P. 111–154.,full_reference,Una aproximació als Costums de Tortosa i el seu contingut (1277–1279) // Revista de Dret Històric Català. 2023. № 22. P. 111–154.,P. 111–154,P. 111–154,same_author,Idem.,mention-0162,,"Serrano Daura, J.",,korneeva-research-395,korneeva-research-395,resolved_explicit,exact_title,0.98,,,,
mention-0164,ИСТОРИОГРАФИЯ_ВЕРСИЯ_3.docx,94,94,1,Tostes R.R. Els artificis i la tècnica del dret dins dels arguments de la representativitat en el regnat de Pere el Cerimoniós // Revista de dret històric Català. 2018. Vol. 17. P. 81–117.,full_reference,Tostes R.R. Els artificis i la tècnica del dret dins dels arguments de la representativitat en el regnat de Pere el Cerimoniós // Revista de dret històric Català. 2018. Vol. 17. P. 81–117.,Vol. 17; P. 81–117,Vol. 17; P. 81–117,,,,,,,korneeva-footnote-064,korneeva-footnote-064,new_footnote_only_record,new_footnote_only_record,0.9,,,,
mention-0165,ИСТОРИОГРАФИЯ_ВЕРСИЯ_3.docx,95,95,1,"Idem. Autoridad, comunidad política y representación: los cambios semánticos y una mirada hacia atrás en la Cataluña medieval // El parlamentarisme en perspectiva històrica. Parlaments multinivell. 2019. Vol. 2. P. 1027–1047.",full_reference,"Autoridad, comunidad política y representación: los cambios semánticos y una mirada hacia atrás en la Cataluña medieval // El parlamentarisme en perspectiva històrica. Parlaments multinivell. 2019. Vol. 2. P. 1027–1047.",Vol. 2; P. 1027–1047,Vol. 2; P. 1027–1047,same_author,Idem.,mention-0164,,"Tostes, R",,korneeva-footnote-065,korneeva-footnote-065,new_footnote_only_record,new_footnote_only_record,0.9,,,,
mention-0166,ИСТОРИОГРАФИЯ_ВЕРСИЯ_3.docx,96,96,1,Idem. Una lectura sobre el lenguaje institucional en las asambleas parlamentarias catalanas del siglo XIV // Calamus. 2019. Vol. 3. P. 102–119.,full_reference,Una lectura sobre el lenguaje institucional en las asambleas parlamentarias catalanas del siglo XIV // Calamus. 2019. Vol. 3. P. 102–119.,Vol. 3; P. 102–119,Vol. 3; P. 102–119,same_author,Idem.,mention-0165,,"Tostes, R",,korneeva-footnote-066,korneeva-footnote-066,new_footnote_only_record,new_footnote_only_record,0.9,,,,
mention-0167,ИСТОРИОГРАФИЯ_ВЕРСИЯ_3.docx,97,97,1,Idem. El monarca-juez y las greuges en las cortes catalanas de la Edad Media // Cortes y Parlamentos en la Edad Media peninsular. 2020. P. 473–500.,full_reference,El monarca-juez y las greuges en las cortes catalanas de la Edad Media // Cortes y Parlamentos en la Edad Media peninsular. 2020. P. 473–500.,P. 473–500,P. 473–500,same_author,Idem.,mention-0166,,"Tostes, R",,korneeva-footnote-067,korneeva-footnote-067,new_footnote_only_record,new_footnote_only_record,0.9,,,,
mention-0168,ИСТОРИОГРАФИЯ_ВЕРСИЯ_3.docx,98,98,1,Idem. Do seny i bon juhi na criacao do direito publico: a mutacao do costume na catalunha medieval (seculos XII–XIII) // Signum. Revista da ABREM. 2020. Vol. 21. № 1. P. 86–112.,full_reference,Do seny i bon juhi na criacao do direito publico: a mutacao do costume na catalunha medieval (seculos XII–XIII) // Signum. Revista da ABREM. 2020. Vol. 21. № 1. P. 86–112.,Vol. 21; P. 86–112,Vol. 21; P. 86–112,same_author,Idem.,mention-0167,,"Tostes, R",,korneeva-footnote-068,korneeva-footnote-068,new_footnote_only_record,new_footnote_only_record,0.9,,,,
mention-0169,ИСТОРИОГРАФИЯ_ВЕРСИЯ_3.docx,99,99,1,"Udina i Martorell F., Udina i Abelló A.M. Consideracions a l’entorn del nucli originari dels “Usatici Barchinonae” // Estudi general: Revista de la Facultat de Lletres de la Universitat de Girona. 1985–1986. № 5–6. P. 87–107.",full_reference,"Udina i Martorell F., Udina i Abelló A.M. Consideracions a l’entorn del nucli originari dels “Usatici Barchinonae” // Estudi general: Revista de la Facultat de Lletres de la Universitat de Girona. 1985–1986. № 5–6. P. 87–107.",P. 87–107,P. 87–107,,,,,,,korneeva-footnote-069,korneeva-footnote-069,new_footnote_only_record,new_footnote_only_record,0.9,,,,
mention-0170,ИСТОРИОГРАФИЯ_ВЕРСИЯ_3.docx,100,100,1,"Masferrer Domingo A. La influència dels Usatges en el Dret penal dels municipis de la Catalunya Nova (notes per a un estudi) // El territori i les seves institucions històriques. Actes. Ascó, 28, 29 i 30 de novembre de 1997. Barcelona. 1999. P. 809–838.",full_reference,"Masferrer Domingo A. La influència dels Usatges en el Dret penal dels municipis de la Catalunya Nova (notes per a un estudi) // El territori i les seves institucions històriques. Actes. Ascó, 28, 29 i 30 de novembre de 1997. Barcelona. 1999. P. 809–838.",P. 809–838,P. 809–838,,,,,,,korneeva-footnote-070,korneeva-footnote-070,new_footnote_only_record,new_footnote_only_record,0.9,,,,
mention-0171,ИСТОРИОГРАФИЯ_ВЕРСИЯ_3.docx,101,101,1,"García Edo V. Origen i expansió dels Furs o Costum de València, durant el regnat de Jaume I // Boletín de la Sociedad Castellonense de Cultura. 1993. № 69. P. 175–200",full_reference,"García Edo V. Origen i expansió dels Furs o Costum de València, durant el regnat de Jaume I // Boletín de la Sociedad Castellonense de Cultura. 1993. № 69. P. 175–200",P. 175–200,P. 175–200,,,,,,,korneeva-footnote-071,korneeva-footnote-071,new_footnote_only_record,new_footnote_only_record,0.9,,,,
mention-0172,ИСТОРИОГРАФИЯ_ВЕРСИЯ_3.docx,101,101,2,Idem. La redacción y promulgación de la «Costum» de Valencia // Anuario de estudios medievales. 1996. № 26. P. 713–728,full_reference,La redacción y promulgación de la «Costum» de Valencia // Anuario de estudios medievales. 1996. № 26. P. 713–728,P. 713–728,P. 713–728,same_author,Idem.,mention-0171,,"García Edo, V.",,korneeva-footnote-072,korneeva-footnote-072,new_footnote_only_record,new_footnote_only_record,0.9,,,,
mention-0173,ИСТОРИОГРАФИЯ_ВЕРСИЯ_3.docx,101,101,3,Idem. Territorialización del derecho foral valenciano // Revista valenciana d’estudis autonòmics. 2008. № 51. P. 104–143.,full_reference,Territorialización del derecho foral valenciano // Revista valenciana d’estudis autonòmics. 2008. № 51. P. 104–143.,P. 104–143,P. 104–143,same_author,Idem.,mention-0172,,"García Edo, V.",,korneeva-footnote-073,korneeva-footnote-073,new_footnote_only_record,new_footnote_only_record,0.9,,,,
mention-0174,ИСТОРИОГРАФИЯ_ВЕРСИЯ_3.docx,102,102,1,"Idem. El parentesco entre las costumbres de Lérida (1228), Valencia (1238) y Tortosa (1273) // Anuario de historia del derecho español. 1997. № 67. P. 173–188.",full_reference,"El parentesco entre las costumbres de Lérida (1228), Valencia (1238) y Tortosa (1273) // Anuario de historia del derecho español. 1997. № 67. P. 173–188.",P. 173–188,P. 173–188,same_author,Idem.,mention-0173,,"García Edo, V.",,korneeva-research-244,korneeva-research-244,resolved_explicit,exact_title,0.98,,,,
mention-0175,ИСТОРИОГРАФИЯ_ВЕРСИЯ_3.docx,103,103,1,Idem. Fonts documentals dels Costums de Tortosa i la influència de la notorialística italiana del dret comú a la rúbrica «De notaris» // Boletín de la Sociedad Castellonense de Cultura. 2000. T. 76. № 1–4. P. 37–56.,full_reference,Fonts documentals dels Costums de Tortosa i la influència de la notorialística italiana del dret comú a la rúbrica «De notaris» // Boletín de la Sociedad Castellonense de Cultura. 2000. T. 76. № 1–4. P. 37–56.,P. 37–56,P. 37–56,same_author,Idem.,mention-0174,,"García Edo, V.",,korneeva-research-245,korneeva-research-245,resolved_explicit,exact_title,0.98,,,,
mention-0176,ИСТОРИОГРАФИЯ_ВЕРСИЯ_3.docx,104,104,1,Idem. La versión latina del Fuero Extenso de Jaca del siglo XII (Una propuesta de reconstrucción del texto) // Aragón en la Edad Media. 2017. № 28. P. 39–66.,full_reference,La versión latina del Fuero Extenso de Jaca del siglo XII (Una propuesta de reconstrucción del texto) // Aragón en la Edad Media. 2017. № 28. P. 39–66.,P. 39–66,P. 39–66,same_author,Idem.,mention-0175,,"García Edo, V.",,korneeva-footnote-074,korneeva-footnote-074,new_footnote_only_record,new_footnote_only_record,0.9,,,,
mention-0177,ИСТОРИОГРАФИЯ_ВЕРСИЯ_3.docx,105,105,1,"Daileader Ph. La coutume dans un pays aux trois religions : la Catalogne, 1228 – 1319 // Annales du Midi : revue archéologique, historique et philologique de la France méridionale. 2006. № 225 (118). P. 369–385.",full_reference,"Daileader Ph. La coutume dans un pays aux trois religions : la Catalogne, 1228 – 1319 // Annales du Midi : revue archéologique, historique et philologique de la France méridionale. 2006. № 225 (118). P. 369–385.",P. 369–385,P. 369–385,,,,,,,korneeva-research-222,korneeva-research-222,resolved_explicit,exact_title,0.98,,,,
mention-0178,ИСТОРИОГРАФИЯ_ВЕРСИЯ_3.docx,106,106,1,"Idem. Town and countryside in northeastern Catalonia, 1267 – c. 1450: the sobreposats de la horta of Perpignan // Journal of Medieval History. 1998. № 4 (24). P. 347–366.",full_reference,"Town and countryside in northeastern Catalonia, 1267 – c. 1450: the sobreposats de la horta of Perpignan // Journal of Medieval History. 1998. № 4 (24). P. 347–366.",P. 347–366,P. 347–366,same_author,Idem.,mention-0177,,"Daileader, P.",,korneeva-research-223,korneeva-research-223,resolved_explicit,exact_title,0.98,,,,
mention-0179,ИСТОРИОГРАФИЯ_ВЕРСИЯ_3.docx,107,107,1,"Idem. True Citizens: Violence, Memory, and Identity in the Medieval Community of Perpignan, 1162–1397. Leiden; Boston: Brill, 2000.",full_reference,"True Citizens: Violence, Memory, and Identity in the Medieval Community of Perpignan, 1162–1397. Leiden; Boston: Brill, 2000.",,,same_author,Idem.,mention-0178,,"Daileader, P.",,korneeva-research-224,korneeva-research-224,resolved_explicit,exact_title,0.98,,,,
mention-0180,ИСТОРИОГРАФИЯ_ВЕРСИЯ_3.docx,108,108,1,Aurell Cardona M. Du nouveau sur les comtesses catalanes (IXe–XIIe siècles) // Annales du Midi. Vol. 109. № 219–220.,full_reference,Aurell Cardona M. Du nouveau sur les comtesses catalanes (IXe–XIIe siècles) // Annales du Midi. Vol. 109. № 219–220.,Vol. 109,Vol. 109,,,,,,,korneeva-research-175,korneeva-research-175,resolved_explicit,exact_title,0.98,,,,
mention-0181,ИСТОРИОГРАФИЯ_ВЕРСИЯ_3.docx,109,109,1,"Comas-Via M. Looking for a Way to Survive: Community and Institutional Assistance to Widows in Medieval Barcelona // Women and Community in Medieval and Early Modern Iberia. Lincoln: University of Nebraska Press, 2020. P. 177–194.",full_reference,"Comas-Via M. Looking for a Way to Survive: Community and Institutional Assistance to Widows in Medieval Barcelona // Women and Community in Medieval and Early Modern Iberia. Lincoln: University of Nebraska Press, 2020. P. 177–194.",P. 177–194,P. 177–194,,,,,,,korneeva-footnote-075,korneeva-footnote-075,new_footnote_only_record,new_footnote_only_record,0.9,,,,
mention-0182,ИСТОРИОГРАФИЯ_ВЕРСИЯ_3.docx,110,110,1,Klein E. Les juifs et la société chrétienne à Barcelone au Moyen Âge // Annales du Midi. 2006. Vol. 118. № 225. P. 437–440.,full_reference,Klein E. Les juifs et la société chrétienne à Barcelone au Moyen Âge // Annales du Midi. 2006. Vol. 118. № 225. P. 437–440.,Vol. 118; P. 437–440,Vol. 118; P. 437–440,,,,,,,korneeva-research-320,korneeva-research-320,resolved_explicit,exact_title,0.98,,,,
mention-0183,ИСТОРИОГРАФИЯ_ВЕРСИЯ_3.docx,111,111,1,Senac P. Islam et chrétienté dans l’Espagne du haut Moyen Age: la naissance d’une frontière // Studia Islamica. 1999. № 89 (1999). P. 91–108.,full_reference,Senac P. Islam et chrétienté dans l’Espagne du haut Moyen Age: la naissance d’une frontière // Studia Islamica. 1999. № 89 (1999). P. 91–108.,P. 91–108,P. 91–108,,,,,,,korneeva-research-380,korneeva-research-380,resolved_explicit,exact_title,0.98,,,,
mention-0184,ИСТОРИОГРАФИЯ_ВЕРСИЯ_3.docx,112,112,1,"Gonzalvo i Bou G. Els jueus i els Usatges de Barcelona // Barcelona Quaderns D'Història. Barcelona, 1996. № 2. P. 117–124.",full_reference,"Gonzalvo i Bou G. Els jueus i els Usatges de Barcelona // Barcelona Quaderns D'Història. Barcelona, 1996. № 2. P. 117–124.",P. 117–124,P. 117–124,,,,,,,korneeva-research-251,korneeva-research-251,resolved_explicit,exact_title,0.98,,,,
mention-0185,ИСТОРИОГРАФИЯ_ВЕРСИЯ_3.docx,113,113,1,"García y García A. Los juramentos e imprecaciones en los “Usatges” de Barcelona // Glossae: European Journal of Legal History. Instituto de Estudios Sociales, Políticos y Jurídicos, 1995. № 7. P. 51–80.",full_reference,"García y García A. Los juramentos e imprecaciones en los “Usatges” de Barcelona // Glossae: European Journal of Legal History. Instituto de Estudios Sociales, Políticos y Jurídicos, 1995. № 7. P. 51–80.",P. 51–80,P. 51–80,,,,,,,korneeva-research-247,korneeva-research-247,resolved_explicit,exact_title,0.98,,,,
mention-0186,ИСТОРИОГРАФИЯ_ВЕРСИЯ_3.docx,114,114,1,"Muntané i Santiveri J.-X. Anàlisi de l’estructura del jurament de les malediccions dels jueus catalans: usatge 171 // Revista de Dret Històric Català. Barcelona, 2014. Vol. 13. P. 9–48.",full_reference,"Muntané i Santiveri J.-X. Anàlisi de l’estructura del jurament de les malediccions dels jueus catalans: usatge 171 // Revista de Dret Històric Català. Barcelona, 2014. Vol. 13. P. 9–48.",Vol. 13; P. 9–48,Vol. 13; P. 9–48,,,,,,,korneeva-research-346,korneeva-research-346,resolved_explicit,exact_title,0.98,,,,
mention-0187,ИСТОРИОГРАФИЯ_ВЕРСИЯ_3.docx,115,115,1,"Assier-Andrieu L. Dificultad y necesidad de la antropología del derecho // Revista de Antropología Social, 1970. Vol. 24. P. 35–52",full_reference,"Assier-Andrieu L. Dificultad y necesidad de la antropología del derecho // Revista de Antropología Social, 1970. Vol. 24. P. 35–52",Vol. 24; P. 35–52,Vol. 24; P. 35–52,,,,,,,korneeva-footnote-076,korneeva-footnote-076,new_footnote_only_record,new_footnote_only_record,0.9,,,,
mention-0188,ИСТОРИОГРАФИЯ_ВЕРСИЯ_3.docx,115,115,2,Idem. Custom and Law in the Social Order: Some reflections upon French-Catalan peasant communities // Law and History Review. 1983. Vol. 1. № 1. P. 86–94.,full_reference,Custom and Law in the Social Order: Some reflections upon French-Catalan peasant communities // Law and History Review. 1983. Vol. 1. № 1. P. 86–94.,Vol. 1; P. 86–94,Vol. 1; P. 86–94,same_author,Idem.,mention-0187,,"Assier-Andrieu, L.",,korneeva-research-171,korneeva-research-171,resolved_explicit,exact_title,0.98,,,,
mention-0189,ИСТОРИОГРАФИЯ_ВЕРСИЯ_3.docx,116,116,1,"Donat Rojas L. The duel in medieval western mentality // Ideology in the Middle Ages: Approaches from Southwestern Europe / ed. Sabaté i Curull. Leeds: Arc Humanities Press, 2019. P. 175–202.",full_reference,"Donat Rojas L. The duel in medieval western mentality // Ideology in the Middle Ages: Approaches from Southwestern Europe / ed. Sabaté i Curull. Leeds: Arc Humanities Press, 2019. P. 175–202.",P. 175–202,P. 175–202,,,,,,,korneeva-footnote-077,korneeva-footnote-077,new_footnote_only_record,new_footnote_only_record,0.9,,,,
mention-0190,ИСТОРИОГРАФИЯ_ВЕРСИЯ_3.docx,117,117,1,"Rubellin M. Combattant de Dieu ou combattant du Diable? Le combattant dans les duels judiciaires aux IXe et Xe siècles // Actes des congrès de la Société des historiens médiévistes de l’enseignement supérieur public. Montpellier: Publications de la Sorbonne, 1987. Vol. 18. P. 111–120.",full_reference,"Rubellin M. Combattant de Dieu ou combattant du Diable? Le combattant dans les duels judiciaires aux IXe et Xe siècles // Actes des congrès de la Société des historiens médiévistes de l’enseignement supérieur public. Montpellier: Publications de la Sorbonne, 1987. Vol. 18. P. 111–120.",Vol. 18; P. 111–120,Vol. 18; P. 111–120,,,,,,,korneeva-research-361,korneeva-research-361,resolved_explicit,token_overlap,0.696,,,,
mention-0191,ИСТОРИОГРАФИЯ_ВЕРСИЯ_3.docx,118,118,1,"Rodon Binue E. El lenguaje técnico del feudalismo en el siglo XI en Cataluña. (Contribución al estudio del latin medieval). Barcelona: Escuela de Filología, 1957. 278 p.",full_reference,"Rodon Binue E. El lenguaje técnico del feudalismo en el siglo XI en Cataluña. (Contribución al estudio del latin medieval). Barcelona: Escuela de Filología, 1957. 278 p.",,,,,,,,,korneeva-research-359,korneeva-research-359,resolved_explicit,token_overlap,0.93,,,,
mention-0192,ИСТОРИОГРАФИЯ_ВЕРСИЯ_3.docx,119,119,1,"Rippe G. Dans le Padouan des Xe–XIe siècles : évêques, vavasseurs, «cives » // Actes des congrès de la Société des historiens médiévistes de l’enseignement supérieur public. Poitiers: Publications de la Sorbonne, 1983. Vol. 14. P. 141–150.",full_reference,"Rippe G. Dans le Padouan des Xe–XIe siècles : évêques, vavasseurs, «cives » // Actes des congrès de la Société des historiens médiévistes de l’enseignement supérieur public. Poitiers: Publications de la Sorbonne, 1983. Vol. 14. P. 141–150.",Vol. 14; P. 141–150,Vol. 14; P. 141–150,,,,,,,korneeva-research-357,korneeva-research-357,resolved_explicit,token_overlap,0.624,,,,
mention-0193,ИСТОРИОГРАФИЯ_ВЕРСИЯ_3.docx,120,120,1,"Duarte i Montserrat C. El vocabulari jurídic del Llibre de les costums de Tortosa (ms. de 1272). 1a ed. Barcelona: Generalitat de Catalunya, Departament de Governació, Escola d’Administració Pública de Catalunya, 1985. 128 p.",full_reference,"Duarte i Montserrat C. El vocabulari jurídic del Llibre de les costums de Tortosa (ms. de 1272). 1a ed. Barcelona: Generalitat de Catalunya, Departament de Governació, Escola d’Administració Pública de Catalunya, 1985. 128 p.",,,,,,,,,korneeva-research-229,korneeva-research-229,resolved_explicit,exact_title,0.98,,,,
mention-0194,ИСТОРИОГРАФИЯ_ВЕРСИЯ_3.docx,120,120,2,Idem. La llengua del manuscrit de 1272 del Llibre de les Costums de Tortosa // Revista de llengua i dret. 1991. № 16. P. 7–56,full_reference,La llengua del manuscrit de 1272 del Llibre de les Costums de Tortosa // Revista de llengua i dret. 1991. № 16. P. 7–56,P. 7–56,P. 7–56,same_author,Idem.,mention-0193,,"Duarte i Montserrat, C.",,korneeva-research-230,korneeva-research-230,resolved_explicit,exact_title,0.98,,,,
mention-0195,ИСТОРИОГРАФИЯ_ВЕРСИЯ_3.docx,120,120,3,Idem. Notes sobre trets dialectals en el «Llibre de les costums de Tortosa» // Caplletra. Revista Internacional de Filologia. 1987. № 2. P. 19–26.,full_reference,Notes sobre trets dialectals en el «Llibre de les costums de Tortosa» // Caplletra. Revista Internacional de Filologia. 1987. № 2. P. 19–26.,P. 19–26,P. 19–26,same_author,Idem.,mention-0194,,"Duarte i Montserrat, C.",,korneeva-sources-014,korneeva-sources-014,resolved_explicit,exact_title,0.98,,,,
mention-0196,ИСТОРИОГРАФИЯ_ВЕРСИЯ_3.docx,121,121,1,"Rucquoi A. Auctoritas, potestas: concepts of power in medieval Spain // Ideology in the Middle Ages: Approaches from Southwestern Europe / ed. Sabaté i Curull F. Leeds, 2019. P. 51–72.",full_reference,"Rucquoi A. Auctoritas, potestas: concepts of power in medieval Spain // Ideology in the Middle Ages: Approaches from Southwestern Europe / ed. Sabaté i Curull F. Leeds, 2019. P. 51–72.",P. 51–72,P. 51–72,,,,,,,korneeva-footnote-078,korneeva-footnote-078,new_footnote_only_record,new_footnote_only_record,0.9,,,,
mention-0197,ИСТОРИОГРАФИЯ_ВЕРСИЯ_3.docx,122,122,1,Prieto Espinosa C.A. El lèxic dels oficis a la documentació llatina de la Catalunya altmedieval. / Tesi presentada per optar al Grau de Doctor. Barcelona. 2020. 2 vol.,full_reference,Prieto Espinosa C.A. El lèxic dels oficis a la documentació llatina de la Catalunya altmedieval. / Tesi presentada per optar al Grau de Doctor. Barcelona. 2020. 2 vol.,,,,,,,,,korneeva-footnote-079,korneeva-footnote-079,new_footnote_only_record,new_footnote_only_record,0.9,,,,
mention-0198,ИСТОРИОГРАФИЯ_ВЕРСИЯ_3.docx,123,123,1,"Ferguson C.A. Diglossia // WORD. Journal of the International Linguistic Association Routledge, 1959. Vol. 15. № 2. P. 326.",full_reference,"Ferguson C.A. Diglossia // WORD. Journal of the International Linguistic Association Routledge, 1959. Vol. 15. № 2. P. 326.",Vol. 15; P. 326,Vol. 15; P. 326,,,,,,,korneeva-footnote-080,korneeva-footnote-080,new_footnote_only_record,new_footnote_only_record,0.9,,,,
mention-0199,ИСТОРИОГРАФИЯ_ВЕРСИЯ_3.docx,124,124,1,Fishman J.A. Bilingualism with and without Diglossia Diglossia with and without Bilingualism // Journal of Social Issues. 1967. № 2 (23). P. 29–30.,full_reference,Fishman J.A. Bilingualism with and without Diglossia Diglossia with and without Bilingualism // Journal of Social Issues. 1967. № 2 (23). P. 29–30.,P. 29–30,P. 29–30,,,,,,,korneeva-footnote-081,korneeva-footnote-081,new_footnote_only_record,new_footnote_only_record,0.9,,,,
mention-0200,ИСТОРИОГРАФИЯ_ВЕРСИЯ_3.docx,125,125,1,"Gumperz J.J. Discourse strategies. Cambridge; New York : Cambridge University Press, 1982. P. 143.",full_reference,"Gumperz J.J. Discourse strategies. Cambridge; New York : Cambridge University Press, 1982. P. 143.",P. 143,P. 143,,,,,,,korneeva-footnote-082,korneeva-footnote-082,new_footnote_only_record,new_footnote_only_record,0.9,,,,
mention-0201,ИСТОРИОГРАФИЯ_ВЕРСИЯ_3.docx,126,126,1,"Poplack S., Sankoff D. Borrowing: the synchrony of integration. // Linguistics. Vol. 22. Jena, 1984. P. 101.",full_reference,"Poplack S., Sankoff D. Borrowing: the synchrony of integration. // Linguistics. Vol. 22. Jena, 1984. P. 101.",Vol. 22; P. 101,Vol. 22; P. 101,,,,,,,korneeva-footnote-083,korneeva-footnote-083,new_footnote_only_record,new_footnote_only_record,0.9,,,,
mention-0202,ИСТОРИОГРАФИЯ_ВЕРСИЯ_3.docx,127,127,1,"Myers-Scotton C. Duelling languages: Grammatical structure in code-switching. Oxford: Oxford Universiry Press, 1993. P. 2",full_reference,"Myers-Scotton C. Duelling languages: Grammatical structure in code-switching. Oxford: Oxford Universiry Press, 1993. P. 2",P. 2,P. 2,,,,,,,korneeva-footnote-084,korneeva-footnote-084,new_footnote_only_record,new_footnote_only_record,0.9,,,,
mention-0203,ИСТОРИОГРАФИЯ_ВЕРСИЯ_3.docx,127,127,2,Auer P. From codeswitching via language mixing to fused lects // International Journal of Bilingualism. 1999. Т. 3. № 4. P. 1–28.,full_reference,Auer P. From codeswitching via language mixing to fused lects // International Journal of Bilingualism. 1999. Т. 3. № 4. P. 1–28.,Т. 3; P. 1–28,Т. 3; P. 1–28,,,,,,,korneeva-footnote-085,korneeva-footnote-085,new_footnote_only_record,new_footnote_only_record,0.9,,,,
mention-0204,ИСТОРИОГРАФИЯ_ВЕРСИЯ_3.docx,128,128,1,"Muysken P. Code-switching and grammatical theory // One Speaker, Two Languages: Cross-Disciplinary Perspectives on Code-Switching / ed. Milroy L., Muysken P. Cambridge, 1995. P. 85.",full_reference,"Muysken P. Code-switching and grammatical theory // One Speaker, Two Languages: Cross-Disciplinary Perspectives on Code-Switching / ed. Milroy L., Muysken P. Cambridge, 1995. P. 85.",P. 85,P. 85,,,,,,,korneeva-footnote-086,korneeva-footnote-086,new_footnote_only_record,new_footnote_only_record,0.9,,,,
mention-0205,ИСТОРИОГРАФИЯ_ВЕРСИЯ_3.docx,129,129,1,"Kroskrity P.V. Regimes of Language: Ideologies, Polities, and Identities. d. Santa Fe: School of American Research Press, 2000.",full_reference,"Kroskrity P.V. Regimes of Language: Ideologies, Polities, and Identities. d. Santa Fe: School of American Research Press, 2000.",,,,,,,,,korneeva-footnote-087,korneeva-footnote-087,new_footnote_only_record,new_footnote_only_record,0.9,,,,
mention-0206,ИСТОРИОГРАФИЯ_ВЕРСИЯ_3.docx,130,130,1,"Adams J.N. Bilingualism and the Latin Language. Cambridge University Press, 2003.",full_reference,"Adams J.N. Bilingualism and the Latin Language. Cambridge University Press, 2003.",,,,,,,,,korneeva-footnote-088,korneeva-footnote-088,new_footnote_only_record,new_footnote_only_record,0.9,,,,
mention-0207,ИСТОРИОГРАФИЯ_ВЕРСИЯ_3.docx,131,131,1,"Wright R. Sociolinguistique hispanique (VIIIè – XIè siècles) // Médiévales. 1993. Т. 12, № 25. P. 69",full_reference,"Wright R. Sociolinguistique hispanique (VIIIè – XIè siècles) // Médiévales. 1993. Т. 12, № 25. P. 69","Т. 12, № 25; P. 69","Т. 12, № 25; P. 69",,,,,,,korneeva-footnote-089,korneeva-footnote-089,new_footnote_only_record,new_footnote_only_record,0.9,,,,
mention-0208,ИСТОРИОГРАФИЯ_ВЕРСИЯ_3.docx,131,131,2,"Idem. Latin and the Romance languages in the early Middle Ages. University Park: Pennsylvania State University Press, 1996",full_reference,"Latin and the Romance languages in the early Middle Ages. University Park: Pennsylvania State University Press, 1996",,,same_author,Idem.,mention-0207,,"Wright, R.",,korneeva-footnote-090,korneeva-footnote-090,new_footnote_only_record,new_footnote_only_record,0.9,,,,
mention-0209,ИСТОРИОГРАФИЯ_ВЕРСИЯ_3.docx,131,131,3,"Idem. Translation between Latin and Romance in the Early Middle Ages // Translation Theory and Practice in the Middle Ages. / ed. Beer J.M.A. Medieval Institute Publications, Western Michigan University, 1997. P. 7–32.",full_reference,"Translation between Latin and Romance in the Early Middle Ages // Translation Theory and Practice in the Middle Ages. / ed. Beer J.M.A. Medieval Institute Publications, Western Michigan University, 1997. P. 7–32.",P. 7–32,P. 7–32,same_author,Idem.,mention-0208,,"Wright, R.",,korneeva-footnote-090,korneeva-footnote-090,resolved_explicit,inherited_author_and_title,0.833,,,,
mention-0210,ИСТОРИОГРАФИЯ_ВЕРСИЯ_3.docx,132,132,1,Ibid.,relational_reference,,,P. 7–32,same_work,Ibid.,mention-0209,,"Wright, R.",korneeva-footnote-090,korneeva-footnote-090,korneeva-footnote-090,resolved_relation,same_work_previous_citation,1.0,,,,
mention-0211,ИСТОРИОГРАФИЯ_ВЕРСИЯ_3.docx,133,133,1,Ibid. P. 68–69.,relational_reference,P. 68–69.,P. 68–69,P. 68–69,same_work,Ibid.,mention-0210,,"Wright, R.",korneeva-footnote-090,korneeva-footnote-090,korneeva-footnote-090,resolved_relation,same_work_previous_citation,1.0,,,,
mention-0212,ИСТОРИОГРАФИЯ_ВЕРСИЯ_3.docx,134,134,1,"Tock B.-M. Les mutations du vocabulaire latin des chartes au XIe siècle // Bibliothèque de l’École des chartes. Paris, 1997. Vol. 155. № 1. P. 119–148.",full_reference,"Tock B.-M. Les mutations du vocabulaire latin des chartes au XIe siècle // Bibliothèque de l’École des chartes. Paris, 1997. Vol. 155. № 1. P. 119–148.",Vol. 155; P. 119–148,Vol. 155; P. 119–148,,,,,,,korneeva-research-405,korneeva-research-405,resolved_explicit,exact_title,0.98,,,,
mention-0213,ИСТОРИОГРАФИЯ_ВЕРСИЯ_3.docx,135,135,1,Ibid. P. 146.,relational_reference,P. 146.,P. 146,P. 146,same_work,Ibid.,mention-0212,,Tock B.-M.,korneeva-research-405,korneeva-research-405,korneeva-research-405,resolved_relation,same_work_previous_citation,1.0,,,,
mention-0214,ИСТОРИОГРАФИЯ_ВЕРСИЯ_3.docx,136,136,1,"Belmon J., Vielliard F. Latin farci et occitan dans les actes du XIe siècle // Bibliothèque de l’École des chartes. Paris, 1997. Vol. 155. № 1. P. 149–183.",full_reference,"Belmon J., Vielliard F. Latin farci et occitan dans les actes du XIe siècle // Bibliothèque de l’École des chartes. Paris, 1997. Vol. 155. № 1. P. 149–183.",Vol. 155; P. 149–183,Vol. 155; P. 149–183,,,,,,,korneeva-research-186,korneeva-research-186,resolved_explicit,exact_title,0.98,,,,
mention-0215,ИСТОРИОГРАФИЯ_ВЕРСИЯ_3.docx,137,137,1,"Boscá Codina J.V. De la voz en el texto: cambios y permanencias en el proceso de afirmación de la escritura (Cataluña, siglo X–XII) //Acta historica et archaeologica mediaevalia. 1999. № 20. P. 139–175.",full_reference,"Boscá Codina J.V. De la voz en el texto: cambios y permanencias en el proceso de afirmación de la escritura (Cataluña, siglo X–XII) //Acta historica et archaeologica mediaevalia. 1999. № 20. P. 139–175.",P. 139–175,P. 139–175,,,,,,,korneeva-footnote-091,korneeva-footnote-091,new_footnote_only_record,new_footnote_only_record,0.9,,,,
mention-0216,ИСТОРИОГРАФИЯ_ВЕРСИЯ_3.docx,138,138,1,"Leglu C.E. Multilingualism and Mother Tongue in Medieval French, Occitan and Catalan Narratives. Pennsylvania; Penn State University Press, 2010.",full_reference,"Leglu C.E. Multilingualism and Mother Tongue in Medieval French, Occitan and Catalan Narratives. Pennsylvania; Penn State University Press, 2010.",,,,,,,,,korneeva-footnote-092,korneeva-footnote-092,new_footnote_only_record,new_footnote_only_record,0.9,,,,
mention-0217,ИСТОРИОГРАФИЯ_ВЕРСИЯ_3.docx,139,139,1,"The Languages of Early Medieval Charters. Latin, German Vernaculars, and the Written Word / ed. R. Gallagher, E. Roberts, F. Tinti. Boston; Leiden: Brill, 2021. 548 p. (Brill’s Series on the Early Middle Ages, T. 27)",full_reference,"The Languages of Early Medieval Charters. Latin, German Vernaculars, and the Written Word / ed. R. Gallagher, E. Roberts, F. Tinti. Boston; Leiden: Brill, 2021. 548 p. (Brill’s Series on the Early Middle Ages, T. 27)",,,,,,,,,korneeva-research-136,korneeva-research-136,resolved_explicit,token_overlap,0.721,,,,
mention-0218,ИСТОРИОГРАФИЯ_ВЕРСИЯ_3.docx,140,140,1,"Tinti F. Latin and Germanic Vernaculars in Early Medieval Documentary Cultures: Towards a Multidisciplinary Comparative Approach // The Languages of Early Medieval Charters. Latin, German Vernaculars, and the Written Word / Ed. by R. Gallagher, E. Roberts, F. Tinti. Boston; Leiden: Brill, 2021. P. 3.",full_reference,"Tinti F. Latin and Germanic Vernaculars in Early Medieval Documentary Cultures: Towards a Multidisciplinary Comparative Approach // The Languages of Early Medieval Charters. Latin, German Vernaculars, and the Written Word / Ed. by R. Gallagher, E. Roberts, F. Tinti. Boston; Leiden: Brill, 2021. P. 3.",P. 3,P. 3,,,,,,,korneeva-research-136,korneeva-research-136,resolved_explicit,token_overlap,0.663,,,,
mention-0219,ИСТОРИОГРАФИЯ_ВЕРСИЯ_3.docx,141,141,1,"Languages and Communities in the Late-Roman and Post-Imperial Western Provinces / Ed. by Mullen A., Woudhuysen G. Oxford: Oxford University Press, 2023.",full_reference,"Languages and Communities in the Late-Roman and Post-Imperial Western Provinces / Ed. by Mullen A., Woudhuysen G. Oxford: Oxford University Press, 2023.",,,,,,,,,korneeva-footnote-093,korneeva-footnote-093,new_footnote_only_record,new_footnote_only_record,0.9,,,,
mention-0220,ИСТОРИОГРАФИЯ_ВЕРСИЯ_3.docx,142,142,1,"Velázquez I. Reflections on the Latin Language Spoken and Written in Visigothic Hispania // Languages and Communities in the Late-Roman and Post-Imperial Western Provinces / ed. by Mullen A., Woudhuysen G. Oxford: Oxford University Press, 2023. P. 58–84",full_reference,"Velázquez I. Reflections on the Latin Language Spoken and Written in Visigothic Hispania // Languages and Communities in the Late-Roman and Post-Imperial Western Provinces / ed. by Mullen A., Woudhuysen G. Oxford: Oxford University Press, 2023. P. 58–84",P. 58–84,P. 58–84,,,,,,,korneeva-footnote-093,korneeva-footnote-093,resolved_explicit,exact_title,0.98,,,,
mention-0221,ИСТОРИОГРАФИЯ_ВЕРСИЯ_3.docx,142,142,2,Barrett G. Conservatism in Language: Framing Latin in Late Antique and Early Medieval Iberia // Ibid. P. 85–125.,full_reference,Barrett G. Conservatism in Language: Framing Latin in Late Antique and Early Medieval Iberia // Ibid. P. 85–125.,P. 85–125,P. 85–125,,,,,,,korneeva-footnote-094,korneeva-footnote-094,new_footnote_only_record,new_footnote_only_record,0.9,,,,
mention-0222,ИСТОРИОГРАФИЯ_ВЕРСИЯ_3.docx,143,143,1,"Pollock F., Maitland F.W. The History of English Law before the Time of Edward I. 2nd ed. Cambridge: Cambridge University Press, 1898. Vol. 2. P. 83–86.",full_reference,"Pollock F., Maitland F.W. The History of English Law before the Time of Edward I. 2nd ed. Cambridge: Cambridge University Press, 1898. Vol. 2. P. 83–86.",Vol. 2; P. 83–86,Vol. 2; P. 83–86,,,,,,,korneeva-footnote-095,korneeva-footnote-095,new_footnote_only_record,new_footnote_only_record,0.9,,,,
mention-0223,ИСТОРИОГРАФИЯ_ВЕРСИЯ_3.docx,144,144,1,"Stenton F.M. Anglo-Saxon England. 2nd ed. Oxford: Clarendon Press, 1947. P. 141",full_reference,"Stenton F.M. Anglo-Saxon England. 2nd ed. Oxford: Clarendon Press, 1947. P. 141",P. 141,P. 141,,,,,,,korneeva-footnote-096,korneeva-footnote-096,new_footnote_only_record,new_footnote_only_record,0.9,,,,
mention-0224,ИСТОРИОГРАФИЯ_ВЕРСИЯ_3.docx,145,145,1,Chaplais P. The Origin and Authenticity of the Royal Anglo-Saxon Diploma // Journal of the Society of Archivists. 1965. Vol. 3. No. 2. P. 49–52.,full_reference,Chaplais P. The Origin and Authenticity of the Royal Anglo-Saxon Diploma // Journal of the Society of Archivists. 1965. Vol. 3. No. 2. P. 49–52.,Vol. 3; No. 2.; P. 49–52,Vol. 3; No. 2.; P. 49–52,,,,,,,korneeva-footnote-097,korneeva-footnote-097,new_footnote_only_record,new_footnote_only_record,0.9,,,,
mention-0225,ИСТОРИОГРАФИЯ_ВЕРСИЯ_3.docx,146,146,1,Clanchy M.T. Remembering the Past and the Good Old Law // History. 1970. Vol. 55. No. 184. P. 166–172,full_reference,Clanchy M.T. Remembering the Past and the Good Old Law // History. 1970. Vol. 55. No. 184. P. 166–172,Vol. 55; No. 184.; P. 166–172,Vol. 55; No. 184.; P. 166–172,,,,,,,korneeva-footnote-098,korneeva-footnote-098,new_footnote_only_record,new_footnote_only_record,0.9,,,,
mention-0226,ИСТОРИОГРАФИЯ_ВЕРСИЯ_3.docx,146,146,2,"Idem. From Memory to Written Record: England, 1066–1307. Cambridge, Mass.: Harvard University Press, 1979. P. 116–117, 231–232. Также см. перевод статьи М.Т. Клэнчи на русский:",author_inherited_reference,"From Memory to Written Record: England, 1066–1307. Cambridge, Mass.: Harvard University Press, 1979. P. 116–117, 231–232. Также см. перевод статьи М.Т. Клэнчи на русский:","P. 116–117, 231–232; Т. Клэнчи на русский:","P. 116–117, 231–232; Т. Клэнчи на русский:",same_author,Idem.,mention-0225,,"Clanchy, M",,work-inferred-002,,resolved_work_edition_missing,work_identity_inferred_from_author_and_short_title,0.85,,,,
mention-0227,ИСТОРИОГРАФИЯ_ВЕРСИЯ_3.docx,146,146,3,"Клэнчи М. Воспоминания о прошлом и старый добрый закон // Vox medii aevi / под ред. Горбун Г.С.; пер. Горбун Г.С., Заплатина А.А. СПб.: Перепечкин Кирилл Владимирович, 2015. № 2–3 (13–14). С. 112–128.",full_reference,"Клэнчи М. Воспоминания о прошлом и старый добрый закон // Vox medii aevi / под ред. Горбун Г.С.; пер. Горбун Г.С., Заплатина А.А. СПб.: Перепечкин Кирилл Владимирович, 2015. № 2–3 (13–14). С. 112–128.",С. 112–128,С. 112–128,,,,,,,korneeva-research-056,korneeva-research-056,resolved_explicit,exact_title,0.98,,,,
mention-0228,ИСТОРИОГРАФИЯ_ВЕРСИЯ_3.docx,147,147,1,"Stock B. The implications of literacy: written language and models of interpretation in the eleventh and twelfth centuries. Princeton: Princeton University Press, 1983. P. 13–14.",full_reference,"Stock B. The implications of literacy: written language and models of interpretation in the eleventh and twelfth centuries. Princeton: Princeton University Press, 1983. P. 13–14.",P. 13–14,P. 13–14,,,,,,,korneeva-footnote-099,korneeva-footnote-099,new_footnote_only_record,new_footnote_only_record,0.9,,,,
mention-0229,ИСТОРИОГРАФИЯ_ВЕРСИЯ_3.docx,148,148,1,"Banniard M. Viva voce: communication écrite et communication orale du IVe au IXe siècle en occident latin. Paris: Institut des études augustiniennes, 1992. P. 46–47. Эта работа была недавно переведена на итальянский язык и издана на нём с авторскими дополнениями. Подробнее см.",full_reference,"Banniard M. Viva voce: communication écrite et communication orale du IVe au IXe siècle en occident latin. Paris: Institut des études augustiniennes, 1992. P. 46–47. Эта работа была недавно переведена на итальянский язык и издана на нём с авторскими дополнениями. Подробнее см.",P. 46–47,P. 46–47,,,,,,,korneeva-research-180,korneeva-research-180,resolved_explicit,exact_title,0.98,,,,
mention-0230,ИСТОРИОГРАФИЯ_ВЕРСИЯ_3.docx,148,148,2,"Аникьев И.И., Филиппов И.С. Banniard M. Viva voce: comunicazione scritta e comunicazione orale nell’occidente latino dal IV al IX secolo / Edizione italiana con una Retractatio dell’autore, a cura di L. Cristante e F. Romanini, con la collaborzione di J. Gesiot e V. Veronesi. Trieste: Edizione Università di Trieste, 2020. XVIII, 716 p. (Polymnia: Studi di filologia classica; 25). Баньяр М. Живая речь: письменная и устная коммуникация на латинском западе с IV по IX век / Итал. изд. с доп. автора; под ред. Л. Кристиани и Ф. Романини, при уч. Дж. Джезиота и В. Веронези. Триест: Издательство Университета Триеста, 2020. XVIII, 716 с. (Полимния: Исследования по классической филологии; 25) // СВ. 2021. Т. 82, № 3. С. 184–196.",full_reference,"Аникьев И.И., Филиппов И.С. Banniard M. Viva voce: comunicazione scritta e comunicazione orale nell’occidente latino dal IV al IX secolo / Edizione italiana con una Retractatio dell’autore, a cura di L. Cristante e F. Romanini, con la collaborzione di J. Gesiot e V. Veronesi. Trieste: Edizione Università di Trieste, 2020. XVIII, 716 p. (Polymnia: Studi di filologia classica; 25). Баньяр М. Живая речь: письменная и устная коммуникация на латинском западе с IV по IX век / Итал. изд. с доп. автора; под ред. Л. Кристиани и Ф. Романини, при уч. Дж. Джезиота и В. Веронези. Триест: Издательство Университета Триеста, 2020. XVIII, 716 с. (Полимния: Исследования по классической филологии; 25) // СВ. 2021. Т. 82, № 3. С. 184–196.","Т. 82, № 3; С. 184–196","Т. 82, № 3; С. 184–196",,,,,,,korneeva-footnote-100,korneeva-footnote-100,new_footnote_only_record,new_footnote_only_record,0.9,,,,
mention-0231,ИСТОРИОГРАФИЯ_ВЕРСИЯ_3.docx,149,149,1,"Wright R. Review Article: Michel Banniard, Viva Voce // The Journal of Medieval Latin. Turnhout: Brepols, 1993. № 3. P. 90.",full_reference,"Wright R. Review Article: Michel Banniard, Viva Voce // The Journal of Medieval Latin. Turnhout: Brepols, 1993. № 3. P. 90.",P. 90,P. 90,,,,,,,korneeva-footnote-101,korneeva-footnote-101,new_footnote_only_record,new_footnote_only_record,0.9,,,,
mention-0232,ИСТОРИОГРАФИЯ_ВЕРСИЯ_3.docx,150,150,1,"Geary P.J. Phantoms of Remembrance: Memory and Oblivion at the End of the First Millennium. Princeton: Princeton University Press, 1996. P. 7.",full_reference,"Geary P.J. Phantoms of Remembrance: Memory and Oblivion at the End of the First Millennium. Princeton: Princeton University Press, 1996. P. 7.",P. 7,P. 7,,,,,,,korneeva-footnote-102,korneeva-footnote-102,new_footnote_only_record,new_footnote_only_record,0.9,,,,
mention-0233,ИСТОРИОГРАФИЯ_ВЕРСИЯ_3.docx,151,151,1,"McKitterick R.D. Introduction // The Uses of Literacy in Early Mediaeval Europe. Cambridge: Cambridge University Press, 1990. P. 3.",full_reference,"McKitterick R.D. Introduction // The Uses of Literacy in Early Mediaeval Europe. Cambridge: Cambridge University Press, 1990. P. 3.",P. 3,P. 3,,,,,,,korneeva-footnote-103,korneeva-footnote-103,new_footnote_only_record,new_footnote_only_record,0.9,,,,
mention-0234,ИСТОРИОГРАФИЯ_ВЕРСИЯ_3.docx,152,152,1,"Zimmerman M.M. Écrire et lire en Catalogne (IXe–XIIe siècle). Madrid: Casa de Velázquez, 2003. Vol. 1. P. 2. (Bibliothèque de la Casa de Velázquez; vol. 23)",full_reference,"Zimmerman M.M. Écrire et lire en Catalogne (IXe–XIIe siècle). Madrid: Casa de Velázquez, 2003. Vol. 1. P. 2. (Bibliothèque de la Casa de Velázquez; vol. 23)",Vol. 1; P. 2; vol. 23),Vol. 1; P. 2; vol. 23),,,,,,,korneeva-research-427,korneeva-research-427,resolved_explicit,exact_title,0.98,,,,
mention-0235,ИСТОРИОГРАФИЯ_ВЕРСИЯ_3.docx,152,152,2,Idem. L’usage du droit wisigothique en Catalogne du IXe au XIIe siècle: Approches d'une signification culturelle // Mélanges de la Casa de Velázquez. 1973. Т. 9. P. 233–281,full_reference,L’usage du droit wisigothique en Catalogne du IXe au XIIe siècle: Approches d'une signification culturelle // Mélanges de la Casa de Velázquez. 1973. Т. 9. P. 233–281,Т. 9; P. 233–281,Т. 9; P. 233–281,same_author,Idem.,mention-0234,,"Zimmermann, M.",,korneeva-research-432,korneeva-research-432,resolved_explicit,exact_title,0.98,,,,
mention-0236,ИСТОРИОГРАФИЯ_ВЕРСИЯ_3.docx,152,152,3,Idem. L’usage du droit wisigothique en Catalogne du IXe au XIIe siècle: Approches d'une signification culturelle // Mélanges de la Casa de Velázquez. 1973. tome 9. P. 233–281,full_reference,L’usage du droit wisigothique en Catalogne du IXe au XIIe siècle: Approches d'une signification culturelle // Mélanges de la Casa de Velázquez. 1973. tome 9. P. 233–281,P. 233–281,P. 233–281,same_author,Idem.,mention-0235,,"Zimmermann, M.",,korneeva-research-432,korneeva-research-432,resolved_explicit,exact_title,0.98,,,,
mention-0237,ИСТОРИОГРАФИЯ_ВЕРСИЯ_3.docx,152,152,4,"Idem. La représentation de la noblesse dans la version primitive des Usatges de Barcelone (milieu du XIIe siècle) // Cahiers de linguistique et de civilisation hispaniques médiévales. N° 25. Paris, 2002. P. 25.",full_reference,"La représentation de la noblesse dans la version primitive des Usatges de Barcelone (milieu du XIIe siècle) // Cahiers de linguistique et de civilisation hispaniques médiévales. N° 25. Paris, 2002. P. 25.",P. 25,P. 25,same_author,Idem.,mention-0236,,"Zimmermann, M.",,korneeva-research-429,korneeva-research-429,resolved_explicit,exact_title,0.98,,,,
mention-0238,ИСТОРИОГРАФИЯ_ВЕРСИЯ_3.docx,153,153,1,"Bowman J.A. Shifting Landmarks: Property, Proof, and Dispute in Catalonia around the Year 1000 / J.A. Bowman, Ithaca: Cornell University Press, 2004. 279 p.",full_reference,"Bowman J.A. Shifting Landmarks: Property, Proof, and Dispute in Catalonia around the Year 1000 / J.A. Bowman, Ithaca: Cornell University Press, 2004. 279 p.",,,,,,,,,korneeva-research-207,korneeva-research-207,resolved_explicit,exact_title,0.98,,,,
mention-0239,ИСТОРИОГРАФИЯ_ВЕРСИЯ_3.docx,154,154,1,"Mostert M. Introduction // Medieval legal process: Physical, spoken and written performance in the Middle Ages / ed. M. Mostert, P. S. Barnwell. Turnhout: Brepols, 2011. P. 4–5. (Utrecht Studies in Medieval Literacy; T. 22)",full_reference,"Mostert M. Introduction // Medieval legal process: Physical, spoken and written performance in the Middle Ages / ed. M. Mostert, P. S. Barnwell. Turnhout: Brepols, 2011. P. 4–5. (Utrecht Studies in Medieval Literacy; T. 22)",P. 4–5,P. 4–5,,,,,,,korneeva-footnote-104,korneeva-footnote-104,new_footnote_only_record,new_footnote_only_record,0.9,,,,
mention-0240,ИСТОРИОГРАФИЯ_ВЕРСИЯ_3.docx,155,155,1,"Barnwell P.S. Action, speech and writing in early Frankish legal proceedings // Medieval legal process: Physical, spoken and written performance in the Middle Ages / ed. M. Mostert, P.S. Barnwell. Turnhout, 2011. P. 23–24.",full_reference,"Barnwell P.S. Action, speech and writing in early Frankish legal proceedings // Medieval legal process: Physical, spoken and written performance in the Middle Ages / ed. M. Mostert, P.S. Barnwell. Turnhout, 2011. P. 23–24.",P. 23–24,P. 23–24,,,,,,,korneeva-footnote-105,korneeva-footnote-105,new_footnote_only_record,new_footnote_only_record,0.9,,,,
mention-0241,ИСТОРИОГРАФИЯ_ВЕРСИЯ_3.docx,156,156,1,"Brown W.C. The gesta municipalia and the public validation of documents in Frankish Europe // Documentary Culture and the Laity in the Early Middle Ages / ed. by W.C. Brown, M. Costambeys, M. Innes and A.J. Kosto. Cambridge: Cambridge University Press, 2012. P. 95.",full_reference,"Brown W.C. The gesta municipalia and the public validation of documents in Frankish Europe // Documentary Culture and the Laity in the Early Middle Ages / ed. by W.C. Brown, M. Costambeys, M. Innes and A.J. Kosto. Cambridge: Cambridge University Press, 2012. P. 95.",P. 95,P. 95,,,,,,,korneeva-research-132,korneeva-research-132,resolved_explicit,token_overlap,0.651,,,,
mention-0242,ИСТОРИОГРАФИЯ_ВЕРСИЯ_3.docx,157,157,1,Подробнее о значении и истории термина см.,commentary,Подробнее о значении и истории термина см.,,,,,,,,,,,not_bibliographic,commentary_or_internal_cross_reference,,,,,
mention-0243,ИСТОРИОГРАФИЯ_ВЕРСИЯ_3.docx,157,157,2,"Жоно Э. Translatio studii: перенесение учёности (одна из тем Жильсона) // Интеллектуальные традиции Античности и Средних веков (исследования и переводы) / Сост. и общ. ред., пер. М.С. Петровой. М.: Кругъ, 2010. C. 238–294.",full_reference,"Жоно Э. Translatio studii: перенесение учёности (одна из тем Жильсона) // Интеллектуальные традиции Античности и Средних веков (исследования и переводы) / Сост. и общ. ред., пер. М.С. Петровой. М.: Кругъ, 2010. C. 238–294.",,,,,,,,,korneeva-research-045,korneeva-research-045,resolved_explicit,exact_title,0.98,,,,
mention-0244,ИСТОРИОГРАФИЯ_ВЕРСИЯ_3.docx,158,158,1,"Copeland R. Introduction // Rhetoric, Hermeneutics, and Translation in the Middle Ages: Academic Traditions and Vernacular Texts. Cambridge: Cambridge University Press, 1991. P. 5.",full_reference,"Copeland R. Introduction // Rhetoric, Hermeneutics, and Translation in the Middle Ages: Academic Traditions and Vernacular Texts. Cambridge: Cambridge University Press, 1991. P. 5.",P. 5,P. 5,,,,,,,korneeva-footnote-106,korneeva-footnote-106,new_footnote_only_record,new_footnote_only_record,0.9,,,,
mention-0245,ИСТОРИОГРАФИЯ_ВЕРСИЯ_3.docx,159,159,1,"Buridant C. Le rôle des traductions médiévales dans l'évolution de la langue française et la constitution de sa grammaire // Médiévales. 2003. № 45. P. 77. URL: http://journals.openedition.org/medievales/637; DOI : https://doi.org/10.4000/medievales.637É, (last access: 02.05.2026).",full_reference,"Buridant C. Le rôle des traductions médiévales dans l'évolution de la langue française et la constitution de sa grammaire // Médiévales. 2003. № 45. P. 77. URL: http://journals.openedition.org/medievales/637; DOI : https://doi.org/10.4000/medievales.637É, (last access: 02.05.2026).",P. 77,P. 77,,,,,,,korneeva-footnote-107,korneeva-footnote-107,new_footnote_only_record,new_footnote_only_record,0.9,,,,
mention-0246,ИСТОРИОГРАФИЯ_ВЕРСИЯ_3.docx,160,160,1,"Badia L., Santanach J., Soler A. Ramon Llull as a Vernacular Writer: Communicating a New Kind of Knowledge. Woodbridge: Tamesis, 2016. P. 235.",full_reference,"Badia L., Santanach J., Soler A. Ramon Llull as a Vernacular Writer: Communicating a New Kind of Knowledge. Woodbridge: Tamesis, 2016. P. 235.",P. 235,P. 235,,,,,,,korneeva-footnote-108,korneeva-footnote-108,new_footnote_only_record,new_footnote_only_record,0.9,,,,
mention-0247,ИСТОРИОГРАФИЯ_ВЕРСИЯ_3.docx,161,161,1,"Рамон Льюль (1232–1316?) — каталонский религиозный деятель, писатель, поэт, создатель каталанского литературного языка (см. Луллий Раймунд // Большая российская энциклопедия: научно-образовательный портал.  URL: https://bigenc.ru/c/lullii-raimond-c3a7be/?v=8844626 (Дата обращения: 03.11.2023).",full_reference,"Рамон Льюль (1232–1316?) — каталонский религиозный деятель, писатель, поэт, создатель каталанского литературного языка (см. Луллий Раймунд // Большая российская энциклопедия: научно-образовательный портал.  URL: https://bigenc.ru/c/lullii-raimond-c3a7be/?v=8844626 (Дата обращения: 03.11.2023).",,,,,,,,,korneeva-footnote-109,korneeva-footnote-109,new_footnote_only_record,new_footnote_only_record,0.9,,,,
mention-0248,ИСТОРИОГРАФИЯ_ВЕРСИЯ_3.docx,162,162,1,Castillo Lluch M. Translación y variación lingüística en Castilla (siglo XIII): la lengua de las traducciones // Cahiers d'études hispaniques médiévales. 2005. № 28. P. 131–144.,full_reference,Castillo Lluch M. Translación y variación lingüística en Castilla (siglo XIII): la lengua de las traducciones // Cahiers d'études hispaniques médiévales. 2005. № 28. P. 131–144.,P. 131–144,P. 131–144,,,,,,,korneeva-footnote-110,korneeva-footnote-110,new_footnote_only_record,new_footnote_only_record,0.9,,,,
mention-0249,ИСТОРИОГРАФИЯ_ВЕРСИЯ_3.docx,163,163,1,Boureau A. L’écriture comme prisme. Contraintes et créations des scribes médiévaux // L’Atelier du Centre de recherches historiques. Revue électronique du CRH. 2017. № 16 Bis. URL: https://journals.openedition.org/acrh/7479 (last acess: 04.11.2025).,full_reference,Boureau A. L’écriture comme prisme. Contraintes et créations des scribes médiévaux // L’Atelier du Centre de recherches historiques. Revue électronique du CRH. 2017. № 16 Bis. URL: https://journals.openedition.org/acrh/7479 (last acess: 04.11.2025).,,,,,,,,,korneeva-footnote-111,korneeva-footnote-111,new_footnote_only_record,new_footnote_only_record,0.9,,,,
mention-0250,ИСТОРИОГРАФИЯ_ВЕРСИЯ_3.docx,164,164,1,Heusch C. Penser la traduction au Moyen Âge. Problèmes et perspectives // Cahiers d’études hispaniques médiévales. 2018. Т. 41. № 1. P. 19.,full_reference,Heusch C. Penser la traduction au Moyen Âge. Problèmes et perspectives // Cahiers d’études hispaniques médiévales. 2018. Т. 41. № 1. P. 19.,Т. 41; P. 19,Т. 41; P. 19,,,,,,,korneeva-footnote-112,korneeva-footnote-112,new_footnote_only_record,new_footnote_only_record,0.9,,,,
mention-0251,ИСТОРИОГРАФИЯ_ВЕРСИЯ_3.docx,165,165,1,Rubio García L. Comparación entre el texto latino y el catalán de los Usatges de Barcelona // Glossae: European Journal of Legal History. 1995. № 7. P. 33–50.,full_reference,Rubio García L. Comparación entre el texto latino y el catalán de los Usatges de Barcelona // Glossae: European Journal of Legal History. 1995. № 7. P. 33–50.,P. 33–50,P. 33–50,,,,,,,korneeva-sources-040,korneeva-sources-040,resolved_explicit,exact_title,0.98,,,,
mention-0252,ИСТОРИОГРАФИЯ_ВЕРСИЯ_3.docx,166,166,1,Ibid. P. 33.,relational_reference,P. 33.,P. 33,P. 33,same_work,Ibid.,mention-0251,,Rubio García L.,korneeva-sources-040,korneeva-sources-040,korneeva-sources-040,resolved_relation,same_work_previous_citation,1.0,,,,
mention-0253,ИСТОРИОГРАФИЯ_ВЕРСИЯ_3.docx,167,167,1,Ibid.,relational_reference,,,P. 33,same_work,Ibid.,mention-0252,,Rubio García L.,korneeva-sources-040,korneeva-sources-040,korneeva-sources-040,resolved_relation,same_work_previous_citation,1.0,,,,
mention-0254,ИСТОРИОГРАФИЯ_ВЕРСИЯ_3.docx,168,168,1,"Diez de Revenga P., García Diaz I. Manuscritos y copistas: Los Usatici Barcinonae // Glossae: European Journal of Legal History. Murcia, 1995. № 7. P. 82.",full_reference,"Diez de Revenga P., García Diaz I. Manuscritos y copistas: Los Usatici Barcinonae // Glossae: European Journal of Legal History. Murcia, 1995. № 7. P. 82.",P. 82,P. 82,,,,,,,korneeva-research-226,korneeva-research-226,resolved_explicit,exact_title,0.98,,,,
mention-0255,ИСТОРИОГРАФИЯ_ВЕРСИЯ_3.docx,169,169,1,"Morán i Ocerinjauregui J. El proceso de creación del catalán escrito // Aemilianense: revista internacional sobre la génesis y los orígenes históricos de las lenguas romances. San Millán de La Cogolla, 2004. Vol. 1. P. 437.",full_reference,"Morán i Ocerinjauregui J. El proceso de creación del catalán escrito // Aemilianense: revista internacional sobre la génesis y los orígenes históricos de las lenguas romances. San Millán de La Cogolla, 2004. Vol. 1. P. 437.",Vol. 1; P. 437,Vol. 1; P. 437,,,,,,,korneeva-footnote-113,korneeva-footnote-113,new_footnote_only_record,new_footnote_only_record,0.9,,,,
mention-0256,ИСТОРИОГРАФИЯ_ВЕРСИЯ_3.docx,170,170,1,Meyer-Hermann R. Auxiliar-Konstruktionen im llatímedieval katalanischer Urkunden (10.–13. Jh.) und in den Usatici Barchinonae / Usatges de Barcelona (12. – 15. Jh.) // Zeitschrift für romanische Philologie (ZrP). 2019. Bd. 2 (135). S. 507–534,full_reference,Meyer-Hermann R. Auxiliar-Konstruktionen im llatímedieval katalanischer Urkunden (10.–13. Jh.) und in den Usatici Barchinonae / Usatges de Barcelona (12. – 15. Jh.) // Zeitschrift für romanische Philologie (ZrP). 2019. Bd. 2 (135). S. 507–534,Bd. 2 (135),Bd. 2 (135),,,,,,,korneeva-sources-040,korneeva-sources-040,resolved_explicit,exact_title,0.98,,,,
mention-0257,ИСТОРИОГРАФИЯ_ВЕРСИЯ_3.docx,170,170,2,Idem. Zur Emergenz katalanischer Syntax in den Usatici Barchinonae / Usatges de Barcelona (12.–15. Jhdt.) // Zeitschrift für romanische Philologie (ZrP). 2020. Bd. 33. S. 155–199.,full_reference,Zur Emergenz katalanischer Syntax in den Usatici Barchinonae / Usatges de Barcelona (12.–15. Jhdt.) // Zeitschrift für romanische Philologie (ZrP). 2020. Bd. 33. S. 155–199.,Bd. 33,Bd. 33,same_author,Idem.,mention-0256,,Meyer-Hermann R.,,korneeva-research-341,korneeva-research-341,resolved_explicit,exact_title,0.98,,,,
mention-0258,ИСТОРИОГРАФИЯ_ВЕРСИЯ_3.docx,171,171,1,Idem. Zur Emergenz katalanischer Syntax... S. 185.,author_inherited_reference,Zur Emergenz katalanischer Syntax... S. 185.,,,same_author,Idem.,mention-0257,,"Meyer-Hermann, R.",,korneeva-research-341,korneeva-research-341,resolved_explicit,token_overlap,0.731,,,,
mention-0259,ИСТОРИОГРАФИЯ_ВЕРСИЯ_3.docx,172,172,1,"Mayer Olivé M. Algunas notas a propósito de la compilación de los ""Usatges"" de Barcelona. // Estudios de Latín Medieval Hispánico: Actas del V Congreso Hispánico de Latín Medieval, Barcelona, 7–10 de septiembre de 2009. Barcelona, 2012. P. 995–1002.",full_reference,"Mayer Olivé M. Algunas notas a propósito de la compilación de los ""Usatges"" de Barcelona. // Estudios de Latín Medieval Hispánico: Actas del V Congreso Hispánico de Latín Medieval, Barcelona, 7–10 de septiembre de 2009. Barcelona, 2012. P. 995–1002.",P. 995–1002,P. 995–1002,,,,,,,korneeva-research-337,korneeva-research-337,resolved_explicit,exact_title,0.98,,,,
mention-0260,ИСТОРИОГРАФИЯ_ВЕРСИЯ_3.docx,173,173,1,"Среди таких обзоров стоит упомянуть, например, очерк В.А. Ведюшкина, И.С. Пичугиной и Г.А. Поповой в коллективной монографии «История Испании» 2012 года:",commentary,"Среди таких обзоров стоит упомянуть, например, очерк В.А. Ведюшкина, И.С. Пичугиной и Г.А. Поповой в коллективной монографии «История Испании» 2012 года:",,,,,,,,,,,not_bibliographic,commentary_or_internal_cross_reference,,,,,
mention-0261,ИСТОРИОГРАФИЯ_ВЕРСИЯ_3.docx,173,173,2,"Ведюшкин В.А., Пичугина И.С., Попова Г.А. Введение // История Испании под ред. В.А. Ведюшкина, Г.А. Поповой, М.: Индрик, 2012. T. 1. C. 11–17. А также краткий очерк И.С. Филиппова (что важно, посвящённый изучению именно каталонской истории в отечественной традиции):",full_reference,"Ведюшкин В.А., Пичугина И.С., Попова Г.А. Введение // История Испании под ред. В.А. Ведюшкина, Г.А. Поповой, М.: Индрик, 2012. T. 1. C. 11–17. А также краткий очерк И.С. Филиппова (что важно, посвящённый изучению именно каталонской истории в отечественной традиции):",,,,,,,,,korneeva-footnote-114,korneeva-footnote-114,new_footnote_only_record,new_footnote_only_record,0.9,,,,
mention-0262,ИСТОРИОГРАФИЯ_ВЕРСИЯ_3.docx,173,173,3,"Filippov I. Medieval Catalonia in Russian Research // Catalunya i Europa a través de l’Edat Mitjana. 2002. P. 113–122. В другом историографическом обзоре, несмотря на его обстоятельность и актуальность, содержится ряд неточностей:",full_reference,"Filippov I. Medieval Catalonia in Russian Research // Catalunya i Europa a través de l’Edat Mitjana. 2002. P. 113–122. В другом историографическом обзоре, несмотря на его обстоятельность и актуальность, содержится ряд неточностей:",P. 113–122,P. 113–122,,,,,,,korneeva-research-238,korneeva-research-238,resolved_explicit,exact_title,0.98,,,,
mention-0263,ИСТОРИОГРАФИЯ_ВЕРСИЯ_3.docx,173,173,4,"Ауров О.В. Изучение средневековой истории Испании в России и СССР: люди, эпохи, идеи // Новый исторический вестник. 2015. Т. 13. № 160. С. 174–201.",full_reference,"Ауров О.В. Изучение средневековой истории Испании в России и СССР: люди, эпохи, идеи // Новый исторический вестник. 2015. Т. 13. № 160. С. 174–201.",Т. 13; С. 174–201,Т. 13; С. 174–201,,,,,,,korneeva-research-009,korneeva-research-009,resolved_explicit,exact_title,0.98,,,,
mention-0264,ИСТОРИОГРАФИЯ_ВЕРСИЯ_3.docx,174,174,1,"Лучицкий И. В. Поземельная община в Пиренеях // Отечественные записки. 1883. № 9–10, 12 (270–271). C. 57–78, 467–506, 415–442; Он же.",full_reference,"Лучицкий И. В. Поземельная община в Пиренеях // Отечественные записки. 1883. № 9–10, 12 (270–271). C. 57–78, 467–506, 415–442; Он же.",,,,,,,,,korneeva-research-073,korneeva-research-073,resolved_explicit,exact_title,0.98,,,,
mention-0265,ИСТОРИОГРАФИЯ_ВЕРСИЯ_3.docx,174,174,2,"Brutailis A. Русские рабы и рабство в Руссильоне в XIV и XV вв. A. Brutails, étude sur l’esclavage en Roussillon du XIII au XVII s. 1886: Рец. Киев: Унив. тип, 1886. 30 c.",full_reference,"Brutailis A. Русские рабы и рабство в Руссильоне в XIV и XV вв. A. Brutails, étude sur l’esclavage en Roussillon du XIII au XVII s. 1886: Рец. Киев: Унив. тип, 1886. 30 c.",,,,,,,,,korneeva-research-074,korneeva-research-074,resolved_explicit,exact_title,0.98,,,,
mention-0266,ИСТОРИОГРАФИЯ_ВЕРСИЯ_3.docx,175,175,1,"Пискорский В.К. Крепостное право в Каталонии в средние века. Киев: Тип. Ун-та св. Владимира Н.Т. Корчак-Новицкого, 1901.",full_reference,"Пискорский В.К. Крепостное право в Каталонии в средние века. Киев: Тип. Ун-та св. Владимира Н.Т. Корчак-Новицкого, 1901.","Т. Корчак-Новицкого, 1901","Т. Корчак-Новицкого, 1901",,,,,,,korneeva-footnote-009,korneeva-footnote-009,resolved_explicit,exact_title,0.98,,,,
mention-0267,ИСТОРИОГРАФИЯ_ВЕРСИЯ_3.docx,176,176,1,"Он же. Вопрос о значении и происхождении шести «дурных обычаев» в Каталонии: с прил. неизд. Документов. Киев: тип. Ун-та св. Владимира Н.Т. Корчак-Новицкого, 1899.",full_reference,"Вопрос о значении и происхождении шести «дурных обычаев» в Каталонии: с прил. неизд. Документов. Киев: тип. Ун-та св. Владимира Н.Т. Корчак-Новицкого, 1899.","Т. Корчак-Новицкого, 1899","Т. Корчак-Новицкого, 1899",same_author,Он же.,mention-0266,,"Пискорский, В",,korneeva-research-088,korneeva-research-088,resolved_explicit,inherited_author_and_title,0.8,,,,
mention-0268,ИСТОРИОГРАФИЯ_ВЕРСИЯ_3.docx,177,177,1,Там же. С. 5–7.,relational_reference,С. 5–7.,С. 5–7,С. 5–7,same_work,Там же.,mention-0267,,"Пискорский, В",korneeva-research-088,korneeva-research-088,korneeva-research-088,resolved_relation,same_work_previous_citation,1.0,,,,
mention-0269,ИСТОРИОГРАФИЯ_ВЕРСИЯ_3.docx,178,178,1,"Он же. Кастильские кортесы в переходную эпоху от Средних веков к Новому времени: (1188–1520): исследование. Киев: Тип. Императ. университета св. Владимира, 1897. 212 c.",author_inherited_reference,"Кастильские кортесы в переходную эпоху от Средних веков к Новому времени: (1188–1520): исследование. Киев: Тип. Императ. университета св. Владимира, 1897. 212 c.",,,same_author,Он же.,mention-0268,,"Пискорский, В",,korneeva-research-090,korneeva-research-090,resolved_explicit,exact_title,0.98,,,,
mention-0270,ИСТОРИОГРАФИЯ_ВЕРСИЯ_3.docx,179,179,1,Он же. Отчет о заграничной командировке приват-доцента университета св. Владимира В. Пискорского за 1896 и 1897 годы // Журнал Министерства народного просвещения. 1898. № 12 (320). C. 19–47.,full_reference,Отчет о заграничной командировке приват-доцента университета св. Владимира В. Пискорского за 1896 и 1897 годы // Журнал Министерства народного просвещения. 1898. № 12 (320). C. 19–47.,,,same_author,Он же.,mention-0269,,"Пискорский, В",,korneeva-research-092,korneeva-research-092,resolved_explicit,token_overlap,0.79,,,,
mention-0271,ИСТОРИОГРАФИЯ_ВЕРСИЯ_3.docx,180,180,1,"Он же. История Испании и Португалии. 2-е изд., доп-е изд., Санкт-Петербург: Акц. о-во Брокгауз-Ефрон, 1909.",author_inherited_reference,"История Испании и Португалии. 2-е изд., доп-е изд., Санкт-Петербург: Акц. о-во Брокгауз-Ефрон, 1909.",,,same_author,Он же.,mention-0270,,"Пискорский, В",,korneeva-research-089,korneeva-research-089,resolved_explicit,exact_title,0.98,,,,
mention-0272,ИСТОРИОГРАФИЯ_ВЕРСИЯ_3.docx,181,181,1,"Кудрявцев А.Е. Основные проблемы изучения средневековой Испании // Культура Испании. М.: Издательство Академии наук СССР, 1940.C. 42–68; Он же. Испания в Средние века. Л.: Соцэкгиз, 1937. 256 с.",full_reference,"Кудрявцев А.Е. Основные проблемы изучения средневековой Испании // Культура Испании. М.: Издательство Академии наук СССР, 1940.C. 42–68; Он же. Испания в Средние века. Л.: Соцэкгиз, 1937. 256 с.",,,,,,,,,korneeva-research-069,korneeva-research-069,resolved_explicit,exact_title,0.98,,,,
mention-0273,ИСТОРИОГРАФИЯ_ВЕРСИЯ_3.docx,182,182,1,"Добиаш-Рождественская О.А. Выступление на защите кандидатской диссертации И.В. Арского «Аграрный строй Каталонии IX–XII вв.» (ЛГУ, 29.XI.1937 г.). // Культура западноевропейского Средневековья: научное наследие. М.: Наука, 1987. C. 239–244.",full_reference,"Добиаш-Рождественская О.А. Выступление на защите кандидатской диссертации И.В. Арского «Аграрный строй Каталонии IX–XII вв.» (ЛГУ, 29.XI.1937 г.). // Культура западноевропейского Средневековья: научное наследие. М.: Наука, 1987. C. 239–244.",,,,,,,,,korneeva-research-044,korneeva-research-044,resolved_explicit,exact_title,0.98,,,,
mention-0274,ИСТОРИОГРАФИЯ_ВЕРСИЯ_3.docx,183,183,1,"Арский И.В. Очерки по истории средневековой Каталонии до соединения с Арагоном (VIII—XII века). Л.: Издательство ЛГУ, 1941. 133 с.",full_reference,"Арский И.В. Очерки по истории средневековой Каталонии до соединения с Арагоном (VIII—XII века). Л.: Издательство ЛГУ, 1941. 133 с.",,,,,,,,,korneeva-research-003,korneeva-research-003,resolved_explicit,exact_title,0.98,,,,
mention-0275,ИСТОРИОГРАФИЯ_ВЕРСИЯ_3.docx,184,184,1,Он же. Указ. соч. С. 25–48.,relational_reference,С. 25–48,С. 25–48,С. 25–48,same_author_op_cit,Он же. Указ. соч.,mention-0274,,"Арский, И",korneeva-research-003,korneeva-research-003,korneeva-research-003,resolved_relation,op_cit_nearest_prior_work_by_author,0.95,,,,
mention-0276,ИСТОРИОГРАФИЯ_ВЕРСИЯ_3.docx,185,185,1,"Жозеф Кальмет (1873 – 1952 гг.) — французский историк средних веков, профессор университета г. Тулузы.",commentary,"Жозеф Кальмет (1873 – 1952 гг.) — французский историк средних веков, профессор университета г. Тулузы.",,,,,,,,,,,not_bibliographic,commentary_or_internal_cross_reference,,,,,
mention-0277,ИСТОРИОГРАФИЯ_ВЕРСИЯ_3.docx,186,186,1,"Ферран Вальс-Табернер (1888 – 1942)— каталонский историк Средних веков. В этой связи нам кажется важным сделать небольшое отступление. Ф. Вальс-Табернер симпатизировал советской России в целом, в 1928–1929 гг. он даже посетил с туристическим визитом Ленинград и Москву, о чём свидетельствуют опубликованные им очерки в газете “La Vanguardia”. Позднее опубликованы отдельным изданием:",commentary,"Ферран Вальс-Табернер (1888 – 1942)— каталонский историк Средних веков. В этой связи нам кажется важным сделать небольшое отступление. Ф. Вальс-Табернер симпатизировал советской России в целом, в 1928–1929 гг. он даже посетил с туристическим визитом Ленинград и Москву, о чём свидетельствуют опубликованные им очерки в газете “La Vanguardia”. Позднее опубликованы отдельным изданием:",,,,,,,,,,,not_bibliographic,commentary_or_internal_cross_reference,,,,,
mention-0278,ИСТОРИОГРАФИЯ_ВЕРСИЯ_3.docx,186,186,2,"Valls i Taberner F. Un viatger català a la Rússia de Stalin (1928) / ed. E. Zurawka, Barcelona: PPU, 1985. 135 p. Говорить о раннем знакомстве с И.В. Арским в этот период не приходится, потому что лишь к 1928 г. относится зачисление последнего в ЛГУ. К сожалению, у нас не было возможности получить данные из эпистолярного архива Ф. Вальса-Табернера.",full_reference,"Valls i Taberner F. Un viatger català a la Rússia de Stalin (1928) / ed. E. Zurawka, Barcelona: PPU, 1985. 135 p. Говорить о раннем знакомстве с И.В. Арским в этот период не приходится, потому что лишь к 1928 г. относится зачисление последнего в ЛГУ. К сожалению, у нас не было возможности получить данные из эпистолярного архива Ф. Вальса-Табернера.",,,,,,,,,korneeva-research-411,korneeva-research-411,resolved_explicit,exact_title,0.98,,,,
mention-0279,ИСТОРИОГРАФИЯ_ВЕРСИЯ_3.docx,187,187,1,Арский И.В. Указ. соч. С. 42.,relational_reference,С. 42,С. 42,С. 42,op_cit,Указ. соч.,mention-0275,Арский И.В,,korneeva-research-003,korneeva-research-003,korneeva-research-003,resolved_relation,op_cit_nearest_prior_work_by_author,0.95,,,,
mention-0280,ИСТОРИОГРАФИЯ_ВЕРСИЯ_3.docx,188,188,1,"Мильская Л.Т. Очерки из истории деревни в Каталонии X–XII вв. М., 1962. 153 c; Она же. Власть графов-королей Барселонского дома и управление доменами короны // Власть и политическая культура в средневековой Европе Ч. 1. М., 1992. C. 100–105.",full_reference,"Мильская Л.Т. Очерки из истории деревни в Каталонии X–XII вв. М., 1962. 153 c; Она же. Власть графов-королей Барселонского дома и управление доменами короны // Власть и политическая культура в средневековой Европе Ч. 1. М., 1992. C. 100–105.",Т. Очерки из истории деревни в Каталонии X–XII вв,Т. Очерки из истории деревни в Каталонии X–XII вв,,,,,,,korneeva-research-080,korneeva-research-080,resolved_explicit,token_overlap,0.887,,,,
mention-0281,ИСТОРИОГРАФИЯ_ВЕРСИЯ_3.docx,189,189,1,К их числу относятся следующие статьи:,commentary,К их числу относятся следующие статьи:,,,,,,,,,,,not_bibliographic,commentary_or_internal_cross_reference,,,,,
mention-0282,ИСТОРИОГРАФИЯ_ВЕРСИЯ_3.docx,189,189,2,"Мильская Л.Т. Аграрное развитие Каталонии и окружающая среда (XII – начало XIII в.) // СВ. 1981. № 44. C. 117–135; Она же. К вопросу о структуре господствующего класса в Каталонии X—XII вв. // СВ. 1984. № 47. C. 21–28; Она же. Пригородное землевладение арабов и Реконкиста в Каталонии XII века // Проблемы испанской истории. / под ред. С.П. Пожарской, М.: Наука, 1984. C. 158–165; Она же. К вопросу о судьбах общины в Каталонии X–XII вв. // СВ. 1985. № 48. C. 38–46; Она же. Феодальная собственность и государственная власть в Каталонии в эпоху завершения Реконкисты // Проблемы испанской истории / под ред. С.П. Пожарской. М.: Наука, 1992. C. 160–165.",full_reference,"Мильская Л.Т. Аграрное развитие Каталонии и окружающая среда (XII – начало XIII в.) // СВ. 1981. № 44. C. 117–135; Она же. К вопросу о структуре господствующего класса в Каталонии X—XII вв. // СВ. 1984. № 47. C. 21–28; Она же. Пригородное землевладение арабов и Реконкиста в Каталонии XII века // Проблемы испанской истории. / под ред. С.П. Пожарской, М.: Наука, 1984. C. 158–165; Она же. К вопросу о судьбах общины в Каталонии X–XII вв. // СВ. 1985. № 48. C. 38–46; Она же. Феодальная собственность и государственная власть в Каталонии в эпоху завершения Реконкисты // Проблемы испанской истории / под ред. С.П. Пожарской. М.: Наука, 1992. C. 160–165.",Т. Аграрное развитие Каталонии и окружающая среда (XII – начало XIII в,Т. Аграрное развитие Каталонии и окружающая среда (XII – начало XIII в,,,,,,,korneeva-footnote-115,korneeva-footnote-115,new_footnote_only_record,new_footnote_only_record,0.9,,,,
mention-0283,ИСТОРИОГРАФИЯ_ВЕРСИЯ_3.docx,190,190,1,Она же. Указ. соч. 1962. С. 8.,relational_reference,1962. С. 8,С. 8,С. 8,same_author_op_cit,Она же. Указ. соч.,mention-0282,,"Мильская, Л",korneeva-footnote-115,korneeva-footnote-115,korneeva-research-080;korneeva-footnote-115,resolved_relation,op_cit_nearest_prior_work_by_author,0.95,,,,multiple earlier works by this author; nearest preceding work selected by relational order
mention-0284,ИСТОРИОГРАФИЯ_ВЕРСИЯ_3.docx,191,191,1,Там же. С. 7–8.,relational_reference,С. 7–8.,С. 7–8,С. 7–8,same_work,Там же.,mention-0283,,"Мильская, Л",korneeva-footnote-115,korneeva-footnote-115,korneeva-footnote-115,resolved_relation,same_work_previous_citation,1.0,,,,
mention-0285,ИСТОРИОГРАФИЯ_ВЕРСИЯ_3.docx,192,192,1,"Корсунский А.Р. История Испании IX–XIII веков: Социально-экономические отношения и политический строй Астуро-Леонского и Леоно-Кастильского королевства. М.: Высшая школа, 1976. 238 c. Среди других его работ см.",full_reference,"Корсунский А.Р. История Испании IX–XIII веков: Социально-экономические отношения и политический строй Астуро-Леонского и Леоно-Кастильского королевства. М.: Высшая школа, 1976. 238 c. Среди других его работ см.",,,,,,,,,korneeva-research-067,korneeva-research-067,resolved_explicit,exact_title,0.98,,,,
mention-0286,ИСТОРИОГРАФИЯ_ВЕРСИЯ_3.docx,192,192,2,"Корсунский А.Р. Готская Испания: Очерки социально-экономической и политической истории. М.: Изд-во Моск. ун-та, 1969. 326 c.",full_reference,"Корсунский А.Р. Готская Испания: Очерки социально-экономической и политической истории. М.: Изд-во Моск. ун-та, 1969. 326 c.",,,,,,,,,korneeva-research-066,korneeva-research-066,resolved_explicit,exact_title,0.98,,,,
mention-0287,ИСТОРИОГРАФИЯ_ВЕРСИЯ_3.docx,193,193,1,Он же. История Испании IX–XIII веков… С. 87.,author_inherited_reference,История Испании IX–XIII веков… С. 87.,С. 87,С. 87,same_author,Он же.,mention-0286,,"Корсунский, А",,korneeva-research-067,korneeva-research-067,resolved_explicit,token_overlap,0.734,,,,
mention-0288,ИСТОРИОГРАФИЯ_ВЕРСИЯ_3.docx,194,194,1,Этому направлению исследований был посвящён ряд её ранних статей и диссертация на соискание учёной степени кандидата исторических наук.,commentary,Этому направлению исследований был посвящён ряд её ранних статей и диссертация на соискание учёной степени кандидата исторических наук.,,,,,,,,,,,not_bibliographic,commentary_or_internal_cross_reference,,,,,
mention-0289,ИСТОРИОГРАФИЯ_ВЕРСИЯ_3.docx,194,194,2,Варьяш О.И. Колонизация и крестьянство в Леоне и Кастилии в IX–XI веках // Проблемы испанской истории: сборник. 1979. C. 322–333.,full_reference,Варьяш О.И. Колонизация и крестьянство в Леоне и Кастилии в IX–XI веках // Проблемы испанской истории: сборник. 1979. C. 322–333.,,,,,,,,,korneeva-research-034,korneeva-research-034,resolved_explicit,exact_title,0.98,,,,
mention-0290,ИСТОРИОГРАФИЯ_ВЕРСИЯ_3.docx,194,194,3,Она же. О положении сервов и либертинов в Леонском королевстве в X–XI вв. // СВ. 1980. № 43. C. 207–222.,full_reference,О положении сервов и либертинов в Леонском королевстве в X–XI вв. // СВ. 1980. № 43. C. 207–222.,,,same_author,Она же.,mention-0289,,"Варьяш, О",,korneeva-research-035,korneeva-research-035,resolved_explicit,exact_title,0.98,,,,
mention-0291,ИСТОРИОГРАФИЯ_ВЕРСИЯ_3.docx,195,195,1,"Например, Она же. История права и антропология права // Пиренейские тетради: право, общество, власть и человек в средние века. М.: Наука, 2006. С. 27–30; Она же. Юридическая культура португальского двора XIV в. (corte — “двор”, corte — “суд”) // Там же. С. 64–68.",full_reference,"Например, Она же. История права и антропология права // Пиренейские тетради: право, общество, власть и человек в средние века. М.: Наука, 2006. С. 27–30; Она же. Юридическая культура португальского двора XIV в. (corte — “двор”, corte — “суд”) // Там же. С. 64–68.",С. 27–30; С. 64–68,С. 27–30; С. 64–68,,,,,,,korneeva-research-038,korneeva-research-038,resolved_explicit,exact_title,0.98,,,,
mention-0292,ИСТОРИОГРАФИЯ_ВЕРСИЯ_3.docx,196,196,1,"Варьяш О.И. Пиренейские тетради: право, общество, власть и человек в средние века. М.: Наука, 2006. 451 c.",full_reference,"Варьяш О.И. Пиренейские тетради: право, общество, власть и человек в средние века. М.: Наука, 2006. 451 c.",,,,,,,,,korneeva-research-036,korneeva-research-036,resolved_explicit,author_and_truncated_title,0.667,,,,
mention-0293,ИСТОРИОГРАФИЯ_ВЕРСИЯ_3.docx,197,197,1,"Право в средневековом мире : сборник статей / под ред. О.И. Варьяш. М.: Изд-во ИВИ РАН, 1996; Право в средневековом мире : сборник статей / под ред. О.И. Варьяш, И.И. Варьяш. СПб: Алетейя, 2001; Право в средневековом мире: сборник статей / под ред. И.И. Варьяш, Г.А. Поповой. М.: ИВИ РАН, 2007; Право в средневековом мире : сборник статей / под ред. И.И. Варьяш, Г.А. Поповой. М.: ИВИ РАН, 2008; Право в средневековом мире : сборник статей / под ред. И.И. Варьяш, Г.А. Поповой. М.: ИВИ РАН, 2009; Право в средневековом мире: сборник статей / под ред. Г.А. Поповой. М.: ИВИ РАН, 2010.",full_reference,"Право в средневековом мире : сборник статей / под ред. О.И. Варьяш. М.: Изд-во ИВИ РАН, 1996; Право в средневековом мире : сборник статей / под ред. О.И. Варьяш, И.И. Варьяш. СПб: Алетейя, 2001; Право в средневековом мире: сборник статей / под ред. И.И. Варьяш, Г.А. Поповой. М.: ИВИ РАН, 2007; Право в средневековом мире : сборник статей / под ред. И.И. Варьяш, Г.А. Поповой. М.: ИВИ РАН, 2008; Право в средневековом мире : сборник статей / под ред. И.И. Варьяш, Г.А. Поповой. М.: ИВИ РАН, 2009; Право в средневековом мире: сборник статей / под ред. Г.А. Поповой. М.: ИВИ РАН, 2010.",,,,,,,,,korneeva-footnote-116,korneeva-footnote-116,new_footnote_only_record,new_footnote_only_record,0.9,,,,
mention-0294,ИСТОРИОГРАФИЯ_ВЕРСИЯ_3.docx,198,198,1,Там же. С. 86–90.,relational_reference,С. 86–90.,С. 86–90,С. 86–90,same_work,Там же.,mention-0293,,,korneeva-footnote-116,korneeva-footnote-116,korneeva-footnote-116,resolved_relation,same_work_previous_citation,1.0,,,,
mention-0295,ИСТОРИОГРАФИЯ_ВЕРСИЯ_3.docx,199,199,1,Там же. С. 90.,relational_reference,С. 90.,С. 90,С. 90,same_work,Там же.,mention-0294,,,korneeva-footnote-116,korneeva-footnote-116,korneeva-footnote-116,resolved_relation,same_work_previous_citation,1.0,,,,
mention-0296,ИСТОРИОГРАФИЯ_ВЕРСИЯ_3.docx,200,200,1,"Об этом можно судить по той проблематике, которая наиболее интересовала С.Д. Червонова:",commentary,"Об этом можно судить по той проблематике, которая наиболее интересовала С.Д. Червонова:",,,,,,,,,,,not_bibliographic,commentary_or_internal_cross_reference,,,,,
mention-0297,ИСТОРИОГРАФИЯ_ВЕРСИЯ_3.docx,200,200,2,"Червонов С.Д. Испанский средневековый город. / под. ред. О.В. Аурова. Москва: б.и., 2005. С. 34–35.",full_reference,"Червонов С.Д. Испанский средневековый город. / под. ред. О.В. Аурова. Москва: б.и., 2005. С. 34–35.",С. 34–35,С. 34–35,,,,,,,korneeva-research-162,korneeva-research-162,resolved_explicit,exact_title,0.98,,,,
mention-0298,ИСТОРИОГРАФИЯ_ВЕРСИЯ_3.docx,200,200,3,"ряд его статей в журналах и сборниках: Он же. Торговля в испанском городе XII–XIII веков (по материалам фуэрос) // Проблемы испанской истории: сборник. 1984. C. 146–157; Он же. Земледелие и скотоводство в кастильском городе Куэнка в XII в. // Проблемы истории Античности и Средних веков. М., 1982. С. 56–71.",full_reference,"ряд его статей в журналах и сборниках: Он же. Торговля в испанском городе XII–XIII веков (по материалам фуэрос) // Проблемы испанской истории: сборник. 1984. C. 146–157; Он же. Земледелие и скотоводство в кастильском городе Куэнка в XII в. // Проблемы истории Античности и Средних веков. М., 1982. С. 56–71.",С. 56–71,С. 56–71,,,,,,,korneeva-footnote-117,korneeva-footnote-117,new_footnote_only_record,new_footnote_only_record,0.9,,,,
mention-0299,ИСТОРИОГРАФИЯ_ВЕРСИЯ_3.docx,201,201,1,"Статьи, опубликованные по теме диссертации «Становление сословно-представительной монархии в Арагоне и Каталонии в XII–XV вв.»:",commentary,"Статьи, опубликованные по теме диссертации «Становление сословно-представительной монархии в Арагоне и Каталонии в XII–XV вв.»:",,,,,,,,,,,not_bibliographic,commentary_or_internal_cross_reference,,,,,
mention-0300,ИСТОРИОГРАФИЯ_ВЕРСИЯ_3.docx,201,201,2,"Кучумов В. А. Кортесы Арагона и Каталонии: генезис и специфика / под ред. С.П. Пожарской. М.: Наука, 1992. C. 146–159.",full_reference,"Кучумов В. А. Кортесы Арагона и Каталонии: генезис и специфика / под ред. С.П. Пожарской. М.: Наука, 1992. C. 146–159.",,,,,,,,,korneeva-research-070,korneeva-research-070,resolved_explicit,exact_title,0.98,,,,
mention-0301,ИСТОРИОГРАФИЯ_ВЕРСИЯ_3.docx,201,201,3,"Он же. Постоянные депутации арагонских и каталонских кортесов в XIII–XV вв. Из истории европейского парламентаризма / под ред. С.П. Пожарской, О.И. Варьяш, Институт всеобщей истории, М.: ИВИ РАН, 1996. C. 21–39.",author_inherited_reference,"Постоянные депутации арагонских и каталонских кортесов в XIII–XV вв. Из истории европейского парламентаризма / под ред. С.П. Пожарской, О.И. Варьяш, Институт всеобщей истории, М.: ИВИ РАН, 1996. C. 21–39.",,,same_author,Он же.,mention-0300,,"Кучумов, В",,korneeva-research-071,korneeva-research-071,resolved_explicit,exact_title,0.98,,,,
mention-0302,ИСТОРИОГРАФИЯ_ВЕРСИЯ_3.docx,202,202,1,"Филиппов И. С. Средиземноморская Франция в раннее средневековье: Проблема становления феодализма. М.: Скрипторий, 2000. С. 78, 492, 497–499.",full_reference,"Филиппов И. С. Средиземноморская Франция в раннее средневековье: Проблема становления феодализма. М.: Скрипторий, 2000. С. 78, 492, 497–499.","С. 78, 492, 497–499","С. 78, 492, 497–499",,,,,,,korneeva-research-142,korneeva-research-142,resolved_explicit,exact_title,0.98,,,,
mention-0303,ИСТОРИОГРАФИЯ_ВЕРСИЯ_3.docx,203,203,1,"См. например: Он же. Римское право и Вульгата: право, закон, справедливость // Древнее право — Ius Antiquum. 1999. № 4. С. 144–166; Он же. Собственность между правом и экономикой // СВ. 2020. Т. 81. № 1. С. 85–115.",full_reference,"См. например: Он же. Римское право и Вульгата: право, закон, справедливость // Древнее право — Ius Antiquum. 1999. № 4. С. 144–166; Он же. Собственность между правом и экономикой // СВ. 2020. Т. 81. № 1. С. 85–115.",С. 144–166; Т. 81; С. 85–115,С. 144–166; Т. 81; С. 85–115,,,,,,,korneeva-research-140,korneeva-research-140,resolved_explicit,exact_title,0.98,,,,
mention-0304,ИСТОРИОГРАФИЯ_ВЕРСИЯ_3.docx,204,204,1,"Варьяш И.И. Правовое пространство ислама в христианской Испании XIII–XV вв. 2-е изд., М: Эдиториал УРСС, 2012; Она же. Сарацины под властью арагонских королей: исследование правового пространства XIV в. СПб.: Евразия Clio, 2016; Она же. Мусульманская Европа. Сигналы идентичности. СПб.: Наука, 2020; Она же. Обычное право в контексте взаимодействия королевского и мусульманского права в Арагонской Короне XIV в. // Вестник Московского университета. Серия 8: История. 2016. № 5. С. 3–17.",full_reference,"Варьяш И.И. Правовое пространство ислама в христианской Испании XIII–XV вв. 2-е изд., М: Эдиториал УРСС, 2012; Она же. Сарацины под властью арагонских королей: исследование правового пространства XIV в. СПб.: Евразия Clio, 2016; Она же. Мусульманская Европа. Сигналы идентичности. СПб.: Наука, 2020; Она же. Обычное право в контексте взаимодействия королевского и мусульманского права в Арагонской Короне XIV в. // Вестник Московского университета. Серия 8: История. 2016. № 5. С. 3–17.",С. 3–17,С. 3–17,,,,,,,korneeva-research-029,korneeva-research-029,resolved_explicit,exact_title,0.98,,,,
mention-0305,ИСТОРИОГРАФИЯ_ВЕРСИЯ_3.docx,205,205,1,Там же. 101.,relational_reference,101.,,С. 3–17,same_work,Там же.,mention-0304,,"Варьяш, И",korneeva-research-029,korneeva-research-029,korneeva-research-029,resolved_relation,same_work_previous_citation,1.0,,,,
mention-0306,ИСТОРИОГРАФИЯ_ВЕРСИЯ_3.docx,206,206,1,"Она же. Сарацины под властью арагонских королей.... С. 5, 210–211.",author_inherited_reference,"Сарацины под властью арагонских королей.... С. 5, 210–211.","С. 5, 210–211","С. 5, 210–211",same_author,Она же.,mention-0305,,"Варьяш, И",,korneeva-research-032,korneeva-research-032,resolved_explicit,token_overlap,0.779,,,,
mention-0307,ИСТОРИОГРАФИЯ_ВЕРСИЯ_3.docx,207,207,1,"Попова Г.А. Сунна христиан, Lex Visigothorum, Книга судей, Фуэро Хузго: новая жизнь вестготского права // Historia animatа. Ч. 1. М., 2004. С. 142–155; Она же. Кто говорил на арабском языке в христианском Толедо? (сферы использования арабского языка в Толедо XII–XIII вв.) // Одиссей. Человек в истории. М.: Наука, 2008. С. 165–177; Она же. Судья судье рознь? Судебные полномочия и их обладатели в Толедо XII–XIV вв. // Право в средневековом мире. 2010. М., 2010. С. 102–111; Она же. Правовая норма в актах Толедо XII–XIII вв. // СВ. 2015. Т. 76. № 3–4. С. 320–332; Она же. Процесс составления городских сводов права в Кастилии XII–XIII вв.: норма и практика // Электронный научно-образовательный журнал История. 2017. Т. 8. № 6 (60). Доступ для зарегистрированных пользователей. URL: https://history.jes.su/s207987840001891-9-1 (дата обращения: 13.10.2024).",full_reference,"Попова Г.А. Сунна христиан, Lex Visigothorum, Книга судей, Фуэро Хузго: новая жизнь вестготского права // Historia animatа. Ч. 1. М., 2004. С. 142–155; Она же. Кто говорил на арабском языке в христианском Толедо? (сферы использования арабского языка в Толедо XII–XIII вв.) // Одиссей. Человек в истории. М.: Наука, 2008. С. 165–177; Она же. Судья судье рознь? Судебные полномочия и их обладатели в Толедо XII–XIV вв. // Право в средневековом мире. 2010. М., 2010. С. 102–111; Она же. Правовая норма в актах Толедо XII–XIII вв. // СВ. 2015. Т. 76. № 3–4. С. 320–332; Она же. Процесс составления городских сводов права в Кастилии XII–XIII вв.: норма и практика // Электронный научно-образовательный журнал История. 2017. Т. 8. № 6 (60). Доступ для зарегистрированных пользователей. URL: https://history.jes.su/s207987840001891-9-1 (дата обращения: 13.10.2024).",С. 142–155; С. 165–177; С. 102–111; Т. 76; С. 320–332; Т. 8,С. 142–155; С. 165–177; С. 102–111; Т. 76; С. 320–332; Т. 8,,,,,,,korneeva-research-097,korneeva-research-097,resolved_explicit,exact_title,0.98,,,,
mention-0308,ИСТОРИОГРАФИЯ_ВЕРСИЯ_3.docx,208,208,1,Астахов М.А. Клятвы в дипломатических отношениях Арагонской Короны и Гранадского эмирата в XIV–XV вв. // Одиссей: человек в истории. Ритуалы и религиозные практики иноверцев во взаимных представлениях / отв. ред. С.И. Лучицкая. 2017. С. 46–63.,full_reference,Астахов М.А. Клятвы в дипломатических отношениях Арагонской Короны и Гранадского эмирата в XIV–XV вв. // Одиссей: человек в истории. Ритуалы и религиозные практики иноверцев во взаимных представлениях / отв. ред. С.И. Лучицкая. 2017. С. 46–63.,С. 46–63,С. 46–63,,,,,,,korneeva-research-007,korneeva-research-007,resolved_explicit,exact_title,0.98,,,,
mention-0309,ИСТОРИОГРАФИЯ_ВЕРСИЯ_3.docx,208,208,2,"его другие работы, например историографический обзор: Он же. Гранадский эмират в отечественной историографии // Электронный научно-образовательный журнал «История». 2017. Т. 8. № 10 (64). Доступ для зарегистрированных пользователей. URL: https://history.jes.su/s207987840001969-4-1/ (дата обращения: 13.10.2024); Он же. Арагонская дипломатическая служба и арагонско-гранадские отношения в эпоху поздней Реконкисты // Электронный научно-образовательный журнал «История». 2016. T. 7. Вып. 8 (52). Доступ для зарегистрированных пользователей. URL: https://history.jes.su/s207987840001605-4-1/ (дата обращения: 13.10.2024).",full_reference,"его другие работы, например историографический обзор: Он же. Гранадский эмират в отечественной историографии // Электронный научно-образовательный журнал «История». 2017. Т. 8. № 10 (64). Доступ для зарегистрированных пользователей. URL: https://history.jes.su/s207987840001969-4-1/ (дата обращения: 13.10.2024); Он же. Арагонская дипломатическая служба и арагонско-гранадские отношения в эпоху поздней Реконкисты // Электронный научно-образовательный журнал «История». 2016. T. 7. Вып. 8 (52). Доступ для зарегистрированных пользователей. URL: https://history.jes.su/s207987840001605-4-1/ (дата обращения: 13.10.2024).",Т. 8; Вып. 8 (52),Т. 8; Вып. 8 (52),,,,,,,korneeva-research-005,korneeva-research-005,resolved_explicit,exact_title,0.98,,,,
mention-0310,ИСТОРИОГРАФИЯ_ВЕРСИЯ_3.docx,209,209,1,"Например, см.",commentary,"Например, см.",,,,,,,,,,,not_bibliographic,commentary_or_internal_cross_reference,,,,,
mention-0311,ИСТОРИОГРАФИЯ_ВЕРСИЯ_3.docx,209,209,2,"Сафронова Д.П. Документы на ассамблеях в Леонском королевстве X–XI веков // СВ. 2018. Т. 79. № 2. С. 86–106; Она же. Устная речь в правовой и документальной практике Леонского королевства X–XI веков // Диалог со временем. 2020. № 72. С. 124–137; Она же. Фальшивые грамоты в леонской правовой практике X–XI веков // История: переводить, понимать, оценивать (к юбилею М.А. Юсима). 2021. С. 121–140.",full_reference,"Сафронова Д.П. Документы на ассамблеях в Леонском королевстве X–XI веков // СВ. 2018. Т. 79. № 2. С. 86–106; Она же. Устная речь в правовой и документальной практике Леонского королевства X–XI веков // Диалог со временем. 2020. № 72. С. 124–137; Она же. Фальшивые грамоты в леонской правовой практике X–XI веков // История: переводить, понимать, оценивать (к юбилею М.А. Юсима). 2021. С. 121–140.",Т. 79; С. 86–106; С. 124–137; С. 121–140,Т. 79; С. 86–106; С. 124–137; С. 121–140,,,,,,,korneeva-research-105,korneeva-research-105,resolved_explicit,exact_title,0.98,,,,
mention-0312,ИСТОРИОГРАФИЯ_ВЕРСИЯ_3.docx,210,210,1,"См. например, Она же. Устная речь в правовой и документальной практике Леонского королевства X–XI веков // Диалог со временем. 2020. № 72. С. 125.",full_reference,"См. например, Она же. Устная речь в правовой и документальной практике Леонского королевства X–XI веков // Диалог со временем. 2020. № 72. С. 125.",С. 125,С. 125,,,,,,,korneeva-research-105,korneeva-research-105,resolved_explicit,exact_title,0.98,,,,
mention-0313,ИСТОРИОГРАФИЯ_ВЕРСИЯ_3.docx,211,211,1,"Тогоева О.И. Формы судебной клятвы во Франции XIV–XV вв. // Право в средневековом мире. 2009. C. 155–166; Она же. «Истинная правда»: языки средневекового правосудия. М.: Наука, 2006. 333 c.; Она же. Дела плоти. Интимная жизнь людей Средневековья в пространстве судебной полемики. М.; СПб.: Центр гуманитарных инициатив, 2018. 350 c.",full_reference,"Тогоева О.И. Формы судебной клятвы во Франции XIV–XV вв. // Право в средневековом мире. 2009. C. 155–166; Она же. «Истинная правда»: языки средневекового правосудия. М.: Наука, 2006. 333 c.; Она же. Дела плоти. Интимная жизнь людей Средневековья в пространстве судебной полемики. М.; СПб.: Центр гуманитарных инициатив, 2018. 350 c.",,,,,,,,,korneeva-research-110,korneeva-research-110,resolved_explicit,exact_title,0.98,,,,
mention-0314,ИСТОРИОГРАФИЯ_ВЕРСИЯ_3.docx,212,212,1,"Она же. «Истинная правда»: языки средневекового правосудия. М.: Наука, 2006. С. 299.",author_inherited_reference,"«Истинная правда»: языки средневекового правосудия. М.: Наука, 2006. С. 299.",С. 299,С. 299,same_author,Она же.,mention-0313,,"Тогоева, О",,korneeva-research-112,korneeva-research-112,resolved_explicit,exact_title,0.98,,,,
mention-0315,ИСТОРИОГРАФИЯ_ВЕРСИЯ_3.docx,213,213,1,"Кириллова Е.Н. Структура ремесленных уставов по «Книге ремёсел» Этьена Буало // СВ. М., 1997. № 60. С. 89–106; Она же. «Пошлины» и «обычаи»: о термине «Кутюмы» в Парижской «книге ремесел» // СВ. 2013. Т. 74. № 1–2. С. 199–235; Она же. Количественные данные в историческом исследовании: французские ремёсла в XIII и XVIII вв. // Проблемы исторического познания. 2016. № 10. С. 267–291.",full_reference,"Кириллова Е.Н. Структура ремесленных уставов по «Книге ремёсел» Этьена Буало // СВ. М., 1997. № 60. С. 89–106; Она же. «Пошлины» и «обычаи»: о термине «Кутюмы» в Парижской «книге ремесел» // СВ. 2013. Т. 74. № 1–2. С. 199–235; Она же. Количественные данные в историческом исследовании: французские ремёсла в XIII и XVIII вв. // Проблемы исторического познания. 2016. № 10. С. 267–291.",С. 89–106; Т. 74; С. 199–235; С. 267–291,С. 89–106; Т. 74; С. 199–235; С. 267–291,,,,,,,korneeva-research-053,korneeva-research-053,resolved_explicit,exact_title,0.98,,,,
mention-0316,ИСТОРИОГРАФИЯ_ВЕРСИЯ_3.docx,213,213,2,"Она же. История ремесла во Франции XIII–XVIII вв.: стать мастером. СПб.: Евразия, 2019. 592 с. и др.",author_inherited_reference,"История ремесла во Франции XIII–XVIII вв.: стать мастером. СПб.: Евразия, 2019. 592 с. и др.",,,same_author,Она же.,mention-0315,,"Кириллова, Е",,korneeva-research-052,korneeva-research-052,resolved_explicit,token_overlap,0.781,,,,
mention-0317,ИСТОРИОГРАФИЯ_ВЕРСИЯ_3.docx,214,214,1,"Казбекова Е.В. Приемы ритмизированной прозы (cursus) в сводах декретального права и использование cursus в Новеллах Иннокентия IV (1243–1254) // СВ. 2005. № 66. С. 218–264; Она же. Вставки и интерполяции в списках папских декретальных сводов XIII в.: Экстраваганты // Электронный научно-образовательный журнал «История». 2013. № 6 (22). Доступ для зарегистрированных пользователей. URL: https://history.jes.su/s207987840000596-4-1/ (дата обращения: 02.05.2026); Она же. Мнемотехнические латинские изречения в западноевропейских рукописях канонического права XIII — начала XIV вв. в Российской национальной библиотеке (Lat. F. V. II. № 8 и № 24) // Романские языки и культуры: от Античности до современности. Сборник материалов VIII Международной научной конференции. М.: ООО «МАКС Пресс», 2016. С. 164–176.",full_reference,"Казбекова Е.В. Приемы ритмизированной прозы (cursus) в сводах декретального права и использование cursus в Новеллах Иннокентия IV (1243–1254) // СВ. 2005. № 66. С. 218–264; Она же. Вставки и интерполяции в списках папских декретальных сводов XIII в.: Экстраваганты // Электронный научно-образовательный журнал «История». 2013. № 6 (22). Доступ для зарегистрированных пользователей. URL: https://history.jes.su/s207987840000596-4-1/ (дата обращения: 02.05.2026); Она же. Мнемотехнические латинские изречения в западноевропейских рукописях канонического права XIII — начала XIV вв. в Российской национальной библиотеке (Lat. F. V. II. № 8 и № 24) // Романские языки и культуры: от Античности до современности. Сборник материалов VIII Международной научной конференции. М.: ООО «МАКС Пресс», 2016. С. 164–176.",С. 218–264; С. 164–176,С. 218–264; С. 164–176,,,,,,,korneeva-research-049,korneeva-research-049,resolved_explicit,exact_title,0.98,,,,
mention-0318,ИСТОРИОГРАФИЯ_ВЕРСИЯ_3.docx,215,215,1,Об этом он сам пишет в обзоре:,commentary,Об этом он сам пишет в обзоре:,,,,,,,,,,,not_bibliographic,commentary_or_internal_cross_reference,,,,,
mention-0319,ИСТОРИОГРАФИЯ_ВЕРСИЯ_3.docx,215,215,2,Ауров О.В. Указ. соч. С. 198–199.,relational_reference,С. 198–199,С. 198–199,С. 198–199,op_cit,Указ. соч.,mention-0263,Ауров О.В,,korneeva-research-009,korneeva-research-009,korneeva-research-009,resolved_relation,op_cit_nearest_prior_work_by_author,0.95,,,,
mention-0320,ИСТОРИОГРАФИЯ_ВЕРСИЯ_3.docx,216,216,1,"Который окончился изданием: Вестготская правда (книга приговоров). Латинский текст. Перевод. Исследование / отв. ред. О.В. Ауров, А.В. Марей. Москва: Русский фонд содействия образованию и науке 2012. 944 с. (Исторические источники)",possible_reference,"Который окончился изданием: Вестготская правда (книга приговоров). Латинский текст. Перевод. Исследование / отв. ред. О.В. Ауров, А.В. Марей. Москва: Русский фонд содействия образованию и науке 2012. 944 с. (Исторические источники)",,,,,,,,,korneeva-sources-001,korneeva-sources-001,resolved_explicit,exact_title,0.98,,,,
mention-0321,ИСТОРИОГРАФИЯ_ВЕРСИЯ_3.docx,217,217,1,"Марей А.В. Язык права средневековой Испании: от Законов XII таблиц до Семи партид. М.: URSS, 2008; Он же. Божий суд и человеческая справедливость: судебный поединок в Леоне и Кастилии XI–XIII вв. М.: Союзник, 2011; Он же. Дружба и доверие в испанском обществе XI–XIII вв.: неправовые регуляторы правового поля. М.: Союзник, 2011.",full_reference,"Марей А.В. Язык права средневековой Испании: от Законов XII таблиц до Семи партид. М.: URSS, 2008; Он же. Божий суд и человеческая справедливость: судебный поединок в Леоне и Кастилии XI–XIII вв. М.: Союзник, 2011; Он же. Дружба и доверие в испанском обществе XI–XIII вв.: неправовые регуляторы правового поля. М.: Союзник, 2011.",,,,,,,,,korneeva-footnote-118,korneeva-footnote-118,new_footnote_only_record,new_footnote_only_record,0.9,,,,
mention-0322,ИСТОРИОГРАФИЯ_ВЕРСИЯ_3.docx,218,218,1,"Иванова А.Н. Свод законов Альфонсо Х Мудрого «Siete Partidas» (1256–1265) как отражение средневековой испанской языковой картины мира: диссертация на соискание учёной степени кандидата филологических наук. М., 2014.",full_reference,"Иванова А.Н. Свод законов Альфонсо Х Мудрого «Siete Partidas» (1256–1265) как отражение средневековой испанской языковой картины мира: диссертация на соискание учёной степени кандидата филологических наук. М., 2014.",,,,,,,,,korneeva-research-046,korneeva-research-046,resolved_explicit,token_overlap,0.71,,,,
mention-0323,ИСТОРИОГРАФИЯ_ВЕРСИЯ_3.docx,219,219,1,"Кожановский А.Н. Быть испанцем...: традиция, самосознание, историческая память. М.: АСТ Восток-Запад, 2006; Он же. Культурно-языковое многообразие населения Испании: теория и реальность: диссертация на соискание учёной степени доктора исторических наук. М., 2013.",full_reference,"Кожановский А.Н. Быть испанцем...: традиция, самосознание, историческая память. М.: АСТ Восток-Запад, 2006; Он же. Культурно-языковое многообразие населения Испании: теория и реальность: диссертация на соискание учёной степени доктора исторических наук. М., 2013.",,,,,,,,,korneeva-research-059,korneeva-research-059,resolved_explicit,exact_title,0.98,,,,
mention-0324,ИСТОРИОГРАФИЯ_ВЕРСИЯ_3.docx,220,220,1,"Нам кажется важным отметить, что по первому образованию Д.Ю. Полдников всё-таки является историком и выпускником-дипломником И.С. Филиппова (2002). Затем Полдников продолжил своё образование на юридическом факультете МГУ им. М.В. Ломоносова и диссертацию на соискание кандидата юридических наук, положенную в основу данной монографии, защитил уже там:",commentary,"Нам кажется важным отметить, что по первому образованию Д.Ю. Полдников всё-таки является историком и выпускником-дипломником И.С. Филиппова (2002). Затем Полдников продолжил своё образование на юридическом факультете МГУ им. М.В. Ломоносова и диссертацию на соискание кандидата юридических наук, положенную в основу данной монографии, защитил уже там:",,,,,,,,,,,not_bibliographic,commentary_or_internal_cross_reference,,,,,
mention-0325,ИСТОРИОГРАФИЯ_ВЕРСИЯ_3.docx,220,220,2,"Полдников Д.Ю. Договорные теории глоссаторов. М.: Academia, 2008.",full_reference,"Полдников Д.Ю. Договорные теории глоссаторов. М.: Academia, 2008.",,,,,,,,,korneeva-research-093,korneeva-research-093,resolved_explicit,exact_title,0.98,,,,
mention-0326,ИСТОРИОГРАФИЯ_ВЕРСИЯ_3.docx,221,221,1,"Составленные Петром извлечения из римских законов / пер. с лат. Д.Ю. Полдникова, под ред. Л.Л. Кофанова // Древнее право. Ius antiquum. 2003. № 1 (11). С. 216–262; № 2 (12). С. 212–231; 2004. № 1 (13). С. 188–207.",full_reference,"Составленные Петром извлечения из римских законов / пер. с лат. Д.Ю. Полдникова, под ред. Л.Л. Кофанова // Древнее право. Ius antiquum. 2003. № 1 (11). С. 216–262; № 2 (12). С. 212–231; 2004. № 1 (13). С. 188–207.",С. 216–262; С. 212–231; С. 188–207,С. 216–262; С. 212–231; С. 188–207,,,,,,,korneeva-sources-002,korneeva-sources-002,resolved_explicit,exact_title,0.98,,,,
mention-0327,ИСТОРИОГРАФИЯ_ВЕРСИЯ_3.docx,222,222,1,"Например, Полдников Д. Ю. Правовая культура и правовая традиция как предмет сравнительной истории права // Историко-правовой ежегодник–2023. 2024. № 2. С. 100–123; Он же. Особенности юридической техники западноевропейской правовой науки XIII–XV вв. // История государства и права. 2015. № 6. С. 19–25 и др.",full_reference,"Например, Полдников Д. Ю. Правовая культура и правовая традиция как предмет сравнительной истории права // Историко-правовой ежегодник–2023. 2024. № 2. С. 100–123; Он же. Особенности юридической техники западноевропейской правовой науки XIII–XV вв. // История государства и права. 2015. № 6. С. 19–25 и др.",С. 100–123; С. 19–25,С. 100–123; С. 19–25,,,,,,,korneeva-footnote-119,korneeva-footnote-119,new_footnote_only_record,new_footnote_only_record,0.9,,,,
mention-0328,ИСТОРИОГРАФИЯ_ВЕРСИЯ_3.docx,223,223,1,"Монография базируется на диссертации, защищённой автором в СПбИИ РАН под руководством В.И. Мажуги в 2023 году. В 2002 году автор окончил исторический факультет МГУ им. М.В. Ломоносова и защищал дипломную работу под руководством И.С. Филиппова. Автором был опубликован ряд статей, близких по проблематике указанной монографии:",commentary,"Монография базируется на диссертации, защищённой автором в СПбИИ РАН под руководством В.И. Мажуги в 2023 году. В 2002 году автор окончил исторический факультет МГУ им. М.В. Ломоносова и защищал дипломную работу под руководством И.С. Филиппова. Автором был опубликован ряд статей, близких по проблематике указанной монографии:",,,,,,,,,,,not_bibliographic,commentary_or_internal_cross_reference,,,,,
mention-0329,ИСТОРИОГРАФИЯ_ВЕРСИЯ_3.docx,223,223,2,"Шамаро П.Ю. Частноправовой акт в Южной Франции X–XII вв. М.: Наука, 2024. 216 с.; Он же. Предметы-символы и письменный документ в удостоверении правовых актов в XI–XII вв. Символы универсальные и условные // СВ. 2014. № 75 (3–4). С. 193–213; Он же. Грамоты монастыря св. Максенция в архиве СПбИИ РАН // СВ. 2011. № 72 (3–4). С. 256–279 и др. Стоит сказать, что, несмотря на специфический характер, книга получила положительные рецензии в историческом сообществе, см. например:",full_reference,"Шамаро П.Ю. Частноправовой акт в Южной Франции X–XII вв. М.: Наука, 2024. 216 с.; Он же. Предметы-символы и письменный документ в удостоверении правовых актов в XI–XII вв. Символы универсальные и условные // СВ. 2014. № 75 (3–4). С. 193–213; Он же. Грамоты монастыря св. Максенция в архиве СПбИИ РАН // СВ. 2011. № 72 (3–4). С. 256–279 и др. Стоит сказать, что, несмотря на специфический характер, книга получила положительные рецензии в историческом сообществе, см. например:",С. 193–213; С. 256–279,С. 193–213; С. 256–279,,,,,,,korneeva-research-165,korneeva-research-165,resolved_explicit,exact_title,0.98,,,,
mention-0330,ИСТОРИОГРАФИЯ_ВЕРСИЯ_3.docx,223,223,3,"Филиппов И.С. Рец.: Шамаро П.Ю. Частноправовой акт в Южной Франции Х–XII вв. М.: Наука, 2024 // СВ. 2024. Т. 85. № 2. С. 226–231.",full_reference,"Филиппов И.С. Рец.: Шамаро П.Ю. Частноправовой акт в Южной Франции Х–XII вв. М.: Наука, 2024 // СВ. 2024. Т. 85. № 2. С. 226–231.",Т. 85; С. 226–231,Т. 85; С. 226–231,,,,,,,korneeva-research-135,korneeva-research-135,resolved_explicit,token_overlap,0.965,,,,
mention-0331,ИСТОРИОГРАФИЯ_ВЕРСИЯ_3.docx,224,224,1,Белимова А.А. Рождение истории в Каталонии: судьба одной сгоревшей рукописи // Диалог со временем. 2019. № 67. С. 246–262.,full_reference,Белимова А.А. Рождение истории в Каталонии: судьба одной сгоревшей рукописи // Диалог со временем. 2019. № 67. С. 246–262.,С. 246–262,С. 246–262,,,,,,,korneeva-research-020,korneeva-research-020,resolved_explicit,exact_title,0.98,,,,
mention-0332,ИСТОРИОГРАФИЯ_ВЕРСИЯ_3.docx,225,225,1,Билецкая И.В. Законодательная регламентация долговых отношений иудеев и христиан в Кастилии середины XIII в. // Клио. 2022. № 2 (182). С. 52–57; Она же. Законодательная регламентация кредитно-долговых отношений иудеев и христиан в Кастилии XV в. // Клио. 2023. № 2 (194). С. 48–53; Она же. Кредитные споры в Авиле 1477 г. в контексте долговых отношений иудеев и христиан в Кастилии XV века // Человеческий капитал. 2023. № 5 (173). С. 38–48.,full_reference,Билецкая И.В. Законодательная регламентация долговых отношений иудеев и христиан в Кастилии середины XIII в. // Клио. 2022. № 2 (182). С. 52–57; Она же. Законодательная регламентация кредитно-долговых отношений иудеев и христиан в Кастилии XV в. // Клио. 2023. № 2 (194). С. 48–53; Она же. Кредитные споры в Авиле 1477 г. в контексте долговых отношений иудеев и христиан в Кастилии XV века // Человеческий капитал. 2023. № 5 (173). С. 38–48.,С. 52–57; С. 48–53; С. 38–48,С. 52–57; С. 48–53; С. 38–48,,,,,,,korneeva-research-024,korneeva-research-024,resolved_explicit,exact_title,0.98,,,,
mention-0333,ИСТОРИОГРАФИЯ_ВЕРСИЯ_3.docx,226,226,1,Ковалев А.С. Dominium в правовой культуре пост-римской Италии: свидетельства Кассиодора // СВ. 2022. Т. 83. № 2. С. 66–88; Он же. Церковь и ее епископы в остготской Италии: правоимущественный аспект // Вестник Православного Свято-Тихоновского гуманитарного университета. Серия 2: История. История Русской Православной Церкви. 2024. № 118. С. 9–26.,full_reference,Ковалев А.С. Dominium в правовой культуре пост-римской Италии: свидетельства Кассиодора // СВ. 2022. Т. 83. № 2. С. 66–88; Он же. Церковь и ее епископы в остготской Италии: правоимущественный аспект // Вестник Православного Свято-Тихоновского гуманитарного университета. Серия 2: История. История Русской Православной Церкви. 2024. № 118. С. 9–26.,Т. 83; С. 66–88; С. 9–26,Т. 83; С. 66–88; С. 9–26,,,,,,,korneeva-research-058,korneeva-research-058,resolved_explicit,token_overlap,0.619,,,,
mention-0334,ИСТОРИОГРАФИЯ_ВЕРСИЯ_3.docx,227,227,1,Сота Х. Вера «простецов»: нравственно-религиозный облик крестьян в «Кантигах о Святой Марии» Альфонсо Х Мудрого // СВ. 2020. Т. 81. № 4. C. 102–128; Он же. Король и его подданные: правовые представления в Кантигах о святой Марии Альфонсо Х Мудрого // Электронный научно-образовательный журнал «История». 2025. Т. 16. Вып. 3 (149). Доступ для зарегистрированных пользователей. URL: https://history.jes.su/s207987840035056-0-1/ (дата обращения: 02.05.2026).,full_reference,Сота Х. Вера «простецов»: нравственно-религиозный облик крестьян в «Кантигах о Святой Марии» Альфонсо Х Мудрого // СВ. 2020. Т. 81. № 4. C. 102–128; Он же. Король и его подданные: правовые представления в Кантигах о святой Марии Альфонсо Х Мудрого // Электронный научно-образовательный журнал «История». 2025. Т. 16. Вып. 3 (149). Доступ для зарегистрированных пользователей. URL: https://history.jes.su/s207987840035056-0-1/ (дата обращения: 02.05.2026).,Т. 81; Т. 16; Вып. 3 (149),Т. 81; Т. 16; Вып. 3 (149),,,,,,,korneeva-research-109,korneeva-research-109,resolved_explicit,token_overlap,0.761,,,,
mention-0335,ИСТОЧНИК_ВЕРСИЯ_3.docx,1,1,1,"Usatges de Barcelona. El codi a mitjan segle XII / ed. J. Bastardas i Parerа. Barcelona: Fundació Noguera, 1984 (1991). Us.1 (1–2)–3(4). Далее ссылки даются исключительно на это издание в сокращённой форме: Usatges de Barcelona. Us. N (n).",full_reference,"Usatges de Barcelona. El codi a mitjan segle XII / ed. J. Bastardas i Parerа. Barcelona: Fundació Noguera, 1984 (1991). Us.1 (1–2)–3(4). Далее ссылки даются исключительно на это издание в сокращённой форме: Usatges de Barcelona. Us. N (n).",,,,,,,,,work-family-usatges_de_barcelona,korneeva-sources-037;korneeva-sources-038;korneeva-sources-039;korneeva-sources-040;korneeva-sources-041;korneeva-sources-042,resolved_work_edition_ambiguous,work_resolved_edition_ambiguous,0.9,,,usatges_de_barcelona,
mention-0336,ИСТОЧНИК_ВЕРСИЯ_3.docx,2,2,1,"Balari y Jovany D.J. Origenes Históricos de Cataluña. Barcelona: Hijos de J. Jepús, 1899. P. 454.",full_reference,"Balari y Jovany D.J. Origenes Históricos de Cataluña. Barcelona: Hijos de J. Jepús, 1899. P. 454.",P. 454,P. 454,,,,,,,korneeva-research-178,korneeva-research-178,resolved_explicit,exact_title,0.98,,,,
mention-0337,ИСТОЧНИК_ВЕРСИЯ_3.docx,3,3,1,Ранняя история полемики о датировке составления «Барселонских обычаев» подробно отражена в специализированном разделе у П. Боннасси:,commentary,Ранняя история полемики о датировке составления «Барселонских обычаев» подробно отражена в специализированном разделе у П. Боннасси:,,,,,,,,,,,not_bibliographic,commentary_or_internal_cross_reference,,,,,
mention-0338,ИСТОЧНИК_ВЕРСИЯ_3.docx,3,3,2,"Bonnassie P. La Catalogne du milieu du Xe siècle à la fin du XIe siècle. Croissance et mutations d’une société. Toulouse: Association des publications de l’Université de Toulouse-Le Mirai, 1976. T. 2. P. 711–714.",full_reference,"Bonnassie P. La Catalogne du milieu du Xe siècle à la fin du XIe siècle. Croissance et mutations d’une société. Toulouse: Association des publications de l’Université de Toulouse-Le Mirai, 1976. T. 2. P. 711–714.",P. 711–714,P. 711–714,,,,,,,korneeva-research-202,korneeva-research-202,resolved_explicit,token_overlap,0.95,,,,
mention-0339,ИСТОЧНИК_ВЕРСИЯ_3.docx,4,4,1,Idem. Op. cit. P. 453–466.,relational_reference,P. 453–466,P. 453–466,P. 453–466,same_author_op_cit,Idem. Op. cit.,mention-0338,,"Bonnassie, P.",korneeva-research-202,korneeva-research-202,korneeva-research-202;korneeva-footnote-024,resolved_relation,op_cit_nearest_prior_work_by_author,0.95,,,,multiple earlier works by this author; nearest preceding work selected by relational order
mention-0340,ИСТОЧНИК_ВЕРСИЯ_3.docx,5,5,1,Такой же датировки придерживался ряд исследователей середины XX в.:,commentary,Такой же датировки придерживался ряд исследователей середины XX в.:,,,,,,,,,,,not_bibliographic,commentary_or_internal_cross_reference,,,,,
mention-0341,ИСТОЧНИК_ВЕРСИЯ_3.docx,5,5,2,"Люблинская А.Д. Источниковедение истории Средних веков. Л.: Изд-во Ленингр. ун-та, 1955. С. 233–234",full_reference,"Люблинская А.Д. Источниковедение истории Средних веков. Л.: Изд-во Ленингр. ун-та, 1955. С. 233–234",С. 233–234,С. 233–234,,,,,,,korneeva-research-075,korneeva-research-075,resolved_explicit,exact_title,0.98,,,,
mention-0342,ИСТОЧНИК_ВЕРСИЯ_3.docx,5,5,3,"Lewis A.R. The development of southern French and Catalan society, 718–1050. Austin: University of Texas, 1965. P. 380.",full_reference,"Lewis A.R. The development of southern French and Catalan society, 718–1050. Austin: University of Texas, 1965. P. 380.",P. 380,P. 380,,,,,,,korneeva-footnote-120,korneeva-footnote-120,new_footnote_only_record,new_footnote_only_record,0.9,,,,
mention-0343,ИСТОЧНИК_ВЕРСИЯ_3.docx,6,6,1,"Usatges de Barcelona. Us. 2 (1–2), 3 (4). P. 50–54.",short_title_reference,"Usatges de Barcelona. Us. 2 (1–2), 3 (4). P. 50–54.",P. 50–54,P. 50–54,,,,,,,work-family-usatges_de_barcelona,korneeva-sources-037;korneeva-sources-038;korneeva-sources-039;korneeva-sources-040;korneeva-sources-041;korneeva-sources-042,resolved_work_edition_ambiguous,work_resolved_edition_ambiguous,0.9,,,usatges_de_barcelona,
mention-0344,ИСТОЧНИК_ВЕРСИЯ_3.docx,7,7,1,"«Деяния графов Барселонских» (лат. Gesta comitum Barcinonensium) — латинская династическая хроника, созданная в Рипольского монастыря в XII–XIV вв. и посвящённая происхождению, преемственности и политическим деяниям графов Барселонских. Цит. по:",commentary,"«Деяния графов Барселонских» (лат. Gesta comitum Barcinonensium) — латинская династическая хроника, созданная в Рипольского монастыря в XII–XIV вв. и посвящённая происхождению, преемственности и политическим деяниям графов Барселонских. Цит. по:",,,,,,,,,,,not_bibliographic,commentary_or_internal_cross_reference,,,,,
mention-0345,ИСТОЧНИК_ВЕРСИЯ_3.docx,7,7,2,"Bonnassie P. La Catalogne du milieu du Xe siècle à la fin du XIe siècle. Croissance et mutations d’une société. Toulouse: , 1976. T. 2. P. 711.",full_reference,"Bonnassie P. La Catalogne du milieu du Xe siècle à la fin du XIe siècle. Croissance et mutations d’une société. Toulouse: , 1976. T. 2. P. 711.",P. 711,P. 711,,,,,,,korneeva-research-202,korneeva-research-202,resolved_explicit,token_overlap,0.923,,,,
mention-0346,ИСТОЧНИК_ВЕРСИЯ_3.docx,8,8,1,Usatges de Barcelona. Us. 1 (1–2). P. 48–49.,short_title_reference,Usatges de Barcelona. Us. 1 (1–2). P. 48–49.,P. 48–49,P. 48–49,,,,,,,work-family-usatges_de_barcelona,korneeva-sources-037;korneeva-sources-038;korneeva-sources-039;korneeva-sources-040;korneeva-sources-041;korneeva-sources-042,resolved_work_edition_ambiguous,work_resolved_edition_ambiguous,0.9,,,usatges_de_barcelona,
mention-0347,ИСТОЧНИК_ВЕРСИЯ_3.docx,9,9,1,Ibid. Us. 3 (4.1). P. 52–54.,relational_reference,Us. 3 (4.1). P. 52–54.,P. 52–54,P. 52–54,same_work,Ibid.,mention-0346,,,work-family-usatges_de_barcelona,work-family-usatges_de_barcelona,korneeva-sources-037;korneeva-sources-038;korneeva-sources-039;korneeva-sources-040;korneeva-sources-041;korneeva-sources-042,resolved_relation,same_work_previous_citation,1.0,,,,
mention-0348,ИСТОЧНИК_ВЕРСИЯ_3.docx,10,10,1,"Kagay D.J. Introduction // The Usatges of Barcelona: The Fundamental Law of Catalonia. Philadelphia: University of Pennsylvania Press, 1994. P. 34.",full_reference,"Kagay D.J. Introduction // The Usatges of Barcelona: The Fundamental Law of Catalonia. Philadelphia: University of Pennsylvania Press, 1994. P. 34.",P. 34,P. 34,,,,,,,korneeva-sources-038,korneeva-sources-038,resolved_explicit,exact_title,0.98,,,,
mention-0349,ИСТОЧНИК_ВЕРСИЯ_3.docx,11,11,1,"Так в 552 документах IX–XI вв., опубликованных в 37-м томе серии «Каталонские юридические тексты» (2018) встречается лишь одно упоминание о «Барселонских обычаях» без прямой цитаты: «Et hoc fuit iudicatum per melius directum per usum de Barchinona et de Urgello sine enganno» (Hoc est iudicium quod fuit iudicatum ad Sanctam Ceciliam… : [1071] // Justícia i resolució de conflictes a la Catalunya medieval. Col·lecció diplomàtica. Segles IX–XI / dir. J.M. Salrach i Marès, T.de Montagut i Estragués. Barcelona: Parlament de Catalunya; Departament de Justícia de la Generalitat de Catalunya, 2018. Doc. 392. P. 677). См. также:",full_reference,"Так в 552 документах IX–XI вв., опубликованных в 37-м томе серии «Каталонские юридические тексты» (2018) встречается лишь одно упоминание о «Барселонских обычаях» без прямой цитаты: «Et hoc fuit iudicatum per melius directum per usum de Barchinona et de Urgello sine enganno» (Hoc est iudicium quod fuit iudicatum ad Sanctam Ceciliam… : [1071] // Justícia i resolució de conflictes a la Catalunya medieval. Col·lecció diplomàtica. Segles IX–XI / dir. J.M. Salrach i Marès, T.de Montagut i Estragués. Barcelona: Parlament de Catalunya; Departament de Justícia de la Generalitat de Catalunya, 2018. Doc. 392. P. 677). См. также:",Doc. 392.; P. 677,Doc. 392.; P. 677,,,,,,,korneeva-sources-026,korneeva-sources-026,resolved_explicit,exact_title,0.98,,,,
mention-0350,ИСТОЧНИК_ВЕРСИЯ_3.docx,11,11,2,"Mayer Olivé M. Algunas notas a propósito de la compilación de los “Usatges de Barcelona” // Estudios de Latín Medieval Hispánico: Actas del V Congreso Hispánico de Latín Medieval. Barcelona. 7–10 de septiembre de 2009. Barcelona, 2012. P. 1001.",full_reference,"Mayer Olivé M. Algunas notas a propósito de la compilación de los “Usatges de Barcelona” // Estudios de Latín Medieval Hispánico: Actas del V Congreso Hispánico de Latín Medieval. Barcelona. 7–10 de septiembre de 2009. Barcelona, 2012. P. 1001.",P. 1001,P. 1001,,,,,,,korneeva-research-337,korneeva-research-337,resolved_explicit,exact_title,0.98,,,,
mention-0351,ИСТОЧНИК_ВЕРСИЯ_3.docx,12,12,1,"В тех же 552 документах IX–XI вв., опубликованных в 37-м томе серии «Каталонские юридические тексты» (2018) встречается 100 упоминаний, ссылок и цитирований текста с указанием конкретных статей и титулов «Вестготской правды»: Justícia i resolució de conflictes a la Catalunya medieval. Col·lecció diplomàtica. Segles IX–XI / dir. J.M. Salrach i Marès, T.de Montagut i Estragués. Barcelona: Parlament de Catalunya; Departament de Justícia de la Generalitat de Catalunya, 2018. P. 1057–1067. См. также:",short_title_reference,"В тех же 552 документах IX–XI вв., опубликованных в 37-м томе серии «Каталонские юридические тексты» (2018) встречается 100 упоминаний, ссылок и цитирований текста с указанием конкретных статей и титулов «Вестготской правды»: Justícia i resolució de conflictes a la Catalunya medieval. Col·lecció diplomàtica. Segles IX–XI / dir. J.M. Salrach i Marès, T.de Montagut i Estragués. Barcelona: Parlament de Catalunya; Departament de Justícia de la Generalitat de Catalunya, 2018. P. 1057–1067. См. также:",P. 1057–1067,P. 1057–1067,,,,,,,korneeva-sources-026,korneeva-sources-026,resolved_explicit,exact_title,0.98,,,,
mention-0352,ИСТОЧНИК_ВЕРСИЯ_3.docx,12,12,2,"Zimmermann M. L’usage du Droit wisigothique en Catalogne du IXe au XIIe siècle: approches d’une signification culturelle. // Mélanges de la Casa de Velázquez. Madrid, 1973. T. 9. P. 237.",full_reference,"Zimmermann M. L’usage du Droit wisigothique en Catalogne du IXe au XIIe siècle: approches d’une signification culturelle. // Mélanges de la Casa de Velázquez. Madrid, 1973. T. 9. P. 237.",P. 237,P. 237,,,,,,,korneeva-research-432,korneeva-research-432,resolved_explicit,exact_title,0.98,,,,
mention-0353,ИСТОЧНИК_ВЕРСИЯ_3.docx,13,13,1,Цит. по:,commentary,Цит. по:,,,,,,,,,,,not_bibliographic,commentary_or_internal_cross_reference,,,,,
mention-0354,ИСТОЧНИК_ВЕРСИЯ_3.docx,13,13,2,"Bastardas i Parera J. Introducció // Usatges de Barcelona. El codi a mitjan segle XII / ed. J. Bastardas i Parerа. Barcelona: Fundació Noguera, 1984 (1991). P. 11.",full_reference,"Bastardas i Parera J. Introducció // Usatges de Barcelona. El codi a mitjan segle XII / ed. J. Bastardas i Parerа. Barcelona: Fundació Noguera, 1984 (1991). P. 11.",P. 11,P. 11,,,,,,,korneeva-sources-041,korneeva-sources-041,resolved_explicit,exact_title,0.98,,,,
mention-0355,ИСТОЧНИК_ВЕРСИЯ_3.docx,14,14,1,"Brocà i de Montagut G.M. de. Els Usatges de Barcelona // Anuario del Instituto de Estudios Catalanes. Barcelona, 1914. P. 357–389.",full_reference,"Brocà i de Montagut G.M. de. Els Usatges de Barcelona // Anuario del Instituto de Estudios Catalanes. Barcelona, 1914. P. 357–389.",P. 357–389,P. 357–389,,,,,,,korneeva-research-208,korneeva-research-208,resolved_explicit,token_overlap,1.0,,,,
mention-0356,ИСТОЧНИК_ВЕРСИЯ_3.docx,15,15,1,"Bonnassie P. La Catalogne du milieu du Xe siècle à la fin du XIe siècle. Croissance et mutations d’une société. Toulouse : Association des publications de l’Université de Toulouse-Le Mirail, 1975. T. 1. P. 31.",full_reference,"Bonnassie P. La Catalogne du milieu du Xe siècle à la fin du XIe siècle. Croissance et mutations d’une société. Toulouse : Association des publications de l’Université de Toulouse-Le Mirail, 1975. T. 1. P. 31.",P. 31,P. 31,,,,,,,korneeva-research-202,korneeva-research-202,resolved_explicit,token_overlap,1.0,,,,
mention-0357,ИСТОЧНИК_ВЕРСИЯ_3.docx,16,16,1,Цит. по:,commentary,Цит. по:,,,,,,,,,,,not_bibliographic,commentary_or_internal_cross_reference,,,,,
mention-0358,ИСТОЧНИК_ВЕРСИЯ_3.docx,16,16,2,"Bastardas i Parera J. Introducció // Usatges de Barcelona. El codi a mitjan segle XII / ed. J. Bastardas i Parerа. Barcelona: Fundació Noguera, 1984 (1991). P. 36.",full_reference,"Bastardas i Parera J. Introducció // Usatges de Barcelona. El codi a mitjan segle XII / ed. J. Bastardas i Parerа. Barcelona: Fundació Noguera, 1984 (1991). P. 36.",P. 36,P. 36,,,,,,,korneeva-sources-041,korneeva-sources-041,resolved_explicit,exact_title,0.98,,,,
mention-0359,ИСТОЧНИК_ВЕРСИЯ_3.docx,17,17,1,Ibid. P. 30–31.,relational_reference,P. 30–31.,P. 30–31,P. 30–31,same_work,Ibid.,mention-0358,,Bastardas i Parera J.,korneeva-sources-041,korneeva-sources-041,korneeva-sources-041,resolved_relation,same_work_previous_citation,1.0,,,,
mention-0360,ИСТОЧНИК_ВЕРСИЯ_3.docx,18,18,1,"Ясинская (Корнеева) А. Д. Барселонские обычаи: опыт квантитативного исследования // Проблемы истории и культуры средневекового общества. Материалы XL всероссийской научной конференции студентов, аспирантов и молодых ученых Курбатовские чтения. СПб.: ООО «Скифия-принт», 2021. С. 470–478.",full_reference,"Ясинская (Корнеева) А. Д. Барселонские обычаи: опыт квантитативного исследования // Проблемы истории и культуры средневекового общества. Материалы XL всероссийской научной конференции студентов, аспирантов и молодых ученых Курбатовские чтения. СПб.: ООО «Скифия-принт», 2021. С. 470–478.",С. 470–478,С. 470–478,,,,,,,korneeva-research-167,korneeva-research-167,resolved_explicit,exact_title,0.98,,,,
mention-0361,ИСТОЧНИК_ВЕРСИЯ_3.docx,19,19,1,В Главе 1 эти тексты обозначены термином «латинские источники».,commentary,В Главе 1 эти тексты обозначены термином «латинские источники».,,,,,,,,,,,not_bibliographic,commentary_or_internal_cross_reference,,,,,
mention-0362,ИСТОЧНИК_ВЕРСИЯ_3.docx,20,20,1,"Usatges de Barcelona. Us. 1 (1–2), 46 (49). P. 48, 86.",full_reference,"Usatges de Barcelona. Us. 1 (1–2), 46 (49). P. 48, 86.","P. 48, 86","P. 48, 86",,,,,,,work-family-usatges_de_barcelona,korneeva-sources-037;korneeva-sources-038;korneeva-sources-039;korneeva-sources-040;korneeva-sources-041;korneeva-sources-042,resolved_work_edition_ambiguous,work_resolved_edition_ambiguous,0.9,,,usatges_de_barcelona,
mention-0363,ИСТОЧНИК_ВЕРСИЯ_3.docx,21,21,1,"Zimmermann M. L'usage du Droit wisigothique en Catalogne du IXe au XIIe siècle... P. 236. См. специальные индексы в этих изданиях грамот: Justícia i resolució de conflictes a la Catalunya medieval. Col·lecció diplomàtica. Segles IX–XI / dir. J. M. Salrach i Marès, T. de Montagut i Estragués. Barcelona: Parlament de Catalunya; Departament de Justícia de la Generalitat de Catalunya, 2018. (Textos Jurídics Catalans; 37. Documents; 2); Justícia i resolució de conflictes a la Catalunya medieval. Col·lecció diplomàtica. Segle XII / dir. J. M. Salrach i Marès, T. de Montagut i Estragués. Barcelona: Parlament de Catalunya; Departament de Justícia de la Generalitat de Catalunya, 2024. (Textos Jurídics Catalans; 38. Documents; 2/3).",full_reference,"Zimmermann M. L'usage du Droit wisigothique en Catalogne du IXe au XIIe siècle... P. 236. См. специальные индексы в этих изданиях грамот: Justícia i resolució de conflictes a la Catalunya medieval. Col·lecció diplomàtica. Segles IX–XI / dir. J. M. Salrach i Marès, T. de Montagut i Estragués. Barcelona: Parlament de Catalunya; Departament de Justícia de la Generalitat de Catalunya, 2018. (Textos Jurídics Catalans; 37. Documents; 2); Justícia i resolució de conflictes a la Catalunya medieval. Col·lecció diplomàtica. Segle XII / dir. J. M. Salrach i Marès, T. de Montagut i Estragués. Barcelona: Parlament de Catalunya; Departament de Justícia de la Generalitat de Catalunya, 2024. (Textos Jurídics Catalans; 38. Documents; 2/3).",P. 236,P. 236,,,,,,,korneeva-sources-026,korneeva-sources-026,resolved_explicit,token_overlap,0.633,,,,
mention-0364,ИСТОЧНИК_ВЕРСИЯ_3.docx,22,22,1,"Попова Г.А. Клятва в законах вестготских королей // Право в средневековом мире. М.: ИВИ РАН, 2009. С. 219.",full_reference,"Попова Г.А. Клятва в законах вестготских королей // Право в средневековом мире. М.: ИВИ РАН, 2009. С. 219.",С. 219,С. 219,,,,,,,korneeva-research-096,korneeva-research-096,resolved_explicit,exact_title,0.98,,,,
mention-0365,ИСТОЧНИК_ВЕРСИЯ_3.docx,23,23,1,"Morán i Ocerinjauregui J. El proceso de creación del catalán escrito // Aemilianense: revista internacional sobre la génesis y los orígenes históricos de las lenguas romances. San Millán de La Cogolla, 2004. Vol. 1. P. 437.",full_reference,"Morán i Ocerinjauregui J. El proceso de creación del catalán escrito // Aemilianense: revista internacional sobre la génesis y los orígenes históricos de las lenguas romances. San Millán de La Cogolla, 2004. Vol. 1. P. 437.",Vol. 1; P. 437,Vol. 1; P. 437,,,,,,,korneeva-footnote-113,korneeva-footnote-113,resolved_explicit,exact_title,0.98,,,,
mention-0366,ИСТОЧНИК_ВЕРСИЯ_3.docx,24,24,1,Usatges de Barcelona. Us. 2 (3): «CVM DOMINVS Raimundus Berengarii uetus <…> habuit honorem et uidit et cognouit quod in omnibus causis et negociis ipsius patrie leges gotice non possent obseruari <...> constituit et misit usaticos...». P. 50.,short_title_reference,Usatges de Barcelona. Us. 2 (3): «CVM DOMINVS Raimundus Berengarii uetus <…> habuit honorem et uidit et cognouit quod in omnibus causis et negociis ipsius patrie leges gotice non possent obseruari <...> constituit et misit usaticos...». P. 50.,P. 50,P. 50,,,,,,,work-family-usatges_de_barcelona,korneeva-sources-037;korneeva-sources-038;korneeva-sources-039;korneeva-sources-040;korneeva-sources-041;korneeva-sources-042,resolved_work_edition_ambiguous,work_resolved_edition_ambiguous,0.9,,,usatges_de_barcelona,
mention-0367,ИСТОЧНИК_ВЕРСИЯ_3.docx,25,25,1,"Zimmermann M. Écrire et lire en Catalogne (IXe–XIIe siècle). Préface de P. Toubert. Madrid, 2003. T. 1. P. 11.",full_reference,"Zimmermann M. Écrire et lire en Catalogne (IXe–XIIe siècle). Préface de P. Toubert. Madrid, 2003. T. 1. P. 11.",P. 11,P. 11,,,,,,,korneeva-research-427,korneeva-research-427,resolved_explicit,exact_title,0.98,,,,
mention-0368,ИСТОЧНИК_ВЕРСИЯ_3.docx,26,26,1,"Gouron A. «Petrus» Démasqué.// Revue Historique de Droit Français et Étranger. 2004. Vol. 82. No. 4. P. 578. URL: www.jstor.org/stable/43851566. (дата обращения: 09.05.2026) В то же время, например, Д.Ю. Полдников отказывается от точной датировки и локализации места составления данного источника: Составленные Петром извлечения из римских законов / пер. с лат. Д.Ю. Полдникова, под ред. Л.Л. Кофанова // Древнее право. Ius antiquum. 2003. № 1 (11). С. 216.",full_reference,"Gouron A. «Petrus» Démasqué.// Revue Historique de Droit Français et Étranger. 2004. Vol. 82. No. 4. P. 578. URL: www.jstor.org/stable/43851566. (дата обращения: 09.05.2026) В то же время, например, Д.Ю. Полдников отказывается от точной датировки и локализации места составления данного источника: Составленные Петром извлечения из римских законов / пер. с лат. Д.Ю. Полдникова, под ред. Л.Л. Кофанова // Древнее право. Ius antiquum. 2003. № 1 (11). С. 216.",Vol. 82; No. 4.; P. 578; С. 216,Vol. 82; No. 4.; P. 578; С. 216,,,,,,,korneeva-sources-002,korneeva-sources-002,resolved_explicit,exact_title,0.98,,,,
mention-0369,ИСТОЧНИК_ВЕРСИЯ_3.docx,27,27,1,Ficker J. Über die Usatici Barchinonae und deren Zusammenhang mit den Exceptiones Legum Romanorum // Mitteilungen des Instituts für Österreichische Geschichtsforschung. 1886. Erg.-Bd. 2. S. 242.,full_reference,Ficker J. Über die Usatici Barchinonae und deren Zusammenhang mit den Exceptiones Legum Romanorum // Mitteilungen des Instituts für Österreichische Geschichtsforschung. 1886. Erg.-Bd. 2. S. 242.,Bd. 2,Bd. 2,,,,,,,korneeva-research-236,korneeva-research-236,resolved_explicit,exact_title,0.98,,,,
mention-0370,ИСТОЧНИК_ВЕРСИЯ_3.docx,28,28,1,"Полдников Д.Ю. Договорные теории глоссаторов (XII-XIII вв.). М., 2008.",full_reference,"Полдников Д.Ю. Договорные теории глоссаторов (XII-XIII вв.). М., 2008.",,,,,,,,,korneeva-research-093,korneeva-research-093,resolved_explicit,exact_title,0.98,,,,
mention-0371,ИСТОЧНИК_ВЕРСИЯ_3.docx,29,29,1,Ficker J. Op. cit.,relational_reference,,,,op_cit,Op. cit.,mention-0369,Ficker J,,korneeva-research-236,korneeva-research-236,korneeva-research-236,resolved_relation,op_cit_nearest_prior_work_by_author,0.95,,,,
mention-0372,ИСТОЧНИК_ВЕРСИЯ_3.docx,30,30,1,"Павлов А.А. «Этимологии или Начала» Исидора Севильского // Адам и Ева. Альманах гендерной истории. М., 2014. № 22. С. 244.",full_reference,"Павлов А.А. «Этимологии или Начала» Исидора Севильского // Адам и Ева. Альманах гендерной истории. М., 2014. № 22. С. 244.",С. 244,С. 244,,,,,,,korneeva-research-087,korneeva-research-087,resolved_explicit,exact_title,0.98,,,,
mention-0373,ИСТОЧНИК_ВЕРСИЯ_3.docx,31,31,1,Уколова В.И. Рождение средневекового энциклопедизма: Исидор Севильский // Античное наследие и культура раннего средневековья (кон. V – нач. VII в.). М. 1989. С. 196–283.,full_reference,Уколова В.И. Рождение средневекового энциклопедизма: Исидор Севильский // Античное наследие и культура раннего средневековья (кон. V – нач. VII в.). М. 1989. С. 196–283.,С. 196–283,С. 196–283,,,,,,,korneeva-research-125,korneeva-research-125,resolved_explicit,exact_title,0.98,,,,
mention-0374,ИСТОЧНИК_ВЕРСИЯ_3.docx,32,32,1,"Кофанов Л.Л. Исидора Гиспальского епископа «Этимологии» или «Начала» // Антология мировой правовой мысли. М., 1999. Т. 2. С. 209.",full_reference,"Кофанов Л.Л. Исидора Гиспальского епископа «Этимологии» или «Начала» // Антология мировой правовой мысли. М., 1999. Т. 2. С. 209.",Т. 2; С. 209,Т. 2; С. 209,,,,,,,korneeva-footnote-121,korneeva-footnote-121,new_footnote_only_record,new_footnote_only_record,0.9,,,,
mention-0375,ИСТОЧНИК_ВЕРСИЯ_3.docx,33,33,1,Подробнее см. Главу 1 настоящего исследования.,commentary,Подробнее см. Главу 1 настоящего исследования.,,,,,,,,,,,not_bibliographic,commentary_or_internal_cross_reference,,,,,
mention-0376,ИСТОЧНИК_ВЕРСИЯ_3.docx,34,34,1,"Филиппов И.С. Библия и римское право: понятия права, закона и справедливости в Вульгате // Философия права Пятикнижия / под ред. А.А. Гусейнова, Е.Б. Рашковского; сост. П.Д. Баренбойм. М.: ЛУМ, 2012. С. 323.",full_reference,"Филиппов И.С. Библия и римское право: понятия права, закона и справедливости в Вульгате // Философия права Пятикнижия / под ред. А.А. Гусейнова, Е.Б. Рашковского; сост. П.Д. Баренбойм. М.: ЛУМ, 2012. С. 323.",С. 323,С. 323,,,,,,,korneeva-footnote-122,korneeva-footnote-122,new_footnote_only_record,new_footnote_only_record,0.9,,,,
mention-0377,ИСТОЧНИК_ВЕРСИЯ_3.docx,35,35,1,Usatges de Barcelona. Us. 2 (3): «...Hoc enim fecit comes auctoritate Libri iudicis qui dicit ...». P. 50.,short_title_reference,Usatges de Barcelona. Us. 2 (3): «...Hoc enim fecit comes auctoritate Libri iudicis qui dicit ...». P. 50.,P. 50,P. 50,,,,,,,work-family-usatges_de_barcelona,korneeva-sources-037;korneeva-sources-038;korneeva-sources-039;korneeva-sources-040;korneeva-sources-041;korneeva-sources-042,resolved_work_edition_ambiguous,work_resolved_edition_ambiguous,0.9,,,usatges_de_barcelona,
mention-0378,ИСТОЧНИК_ВЕРСИЯ_3.docx,36,36,1,Ibid. Us. 82 (101): «...secundum leges uel secundum istius patrie mores». P. 120.,relational_reference,Us. 82 (101): «...secundum leges uel secundum istius patrie mores». P. 120.,P. 120,P. 120,same_work,Ibid.,mention-0377,,,work-family-usatges_de_barcelona,work-family-usatges_de_barcelona,korneeva-sources-037;korneeva-sources-038;korneeva-sources-039;korneeva-sources-040;korneeva-sources-041;korneeva-sources-042,resolved_relation,same_work_previous_citation,1.0,,,,
mention-0379,ИСТОЧНИК_ВЕРСИЯ_3.docx,37,37,1,Ibid. Us. 70 (75). P. 108.,relational_reference,Us. 70 (75). P. 108.,P. 108,P. 108,same_work,Ibid.,mention-0378,,,work-family-usatges_de_barcelona,work-family-usatges_de_barcelona,korneeva-sources-037;korneeva-sources-038;korneeva-sources-039;korneeva-sources-040;korneeva-sources-041;korneeva-sources-042,resolved_relation,same_work_previous_citation,1.0,,,,
mention-0380,ИСТОЧНИК_ВЕРСИЯ_3.docx,38,38,1,"Ibid. Us. 123 (81): «…constituerunt prelibati principes secundum usaticum esse iudicata, et, ubi non sufficerent usatici, reuerterentur ad leges et ad principis arbitrium, eiusdemque iudicium atque curie». P. 158.",relational_reference,"Us. 123 (81): «…constituerunt prelibati principes secundum usaticum esse iudicata, et, ubi non sufficerent usatici, reuerterentur ad leges et ad principis arbitrium, eiusdemque iudicium atque curie». P. 158.",P. 158,P. 158,same_work,Ibid.,mention-0379,,,work-family-usatges_de_barcelona,work-family-usatges_de_barcelona,korneeva-sources-037;korneeva-sources-038;korneeva-sources-039;korneeva-sources-040;korneeva-sources-041;korneeva-sources-042,resolved_relation,same_work_previous_citation,1.0,,,,
mention-0381,ИСТОЧНИК_ВЕРСИЯ_3.docx,39,39,1,Ibid. Us. 123 (81):  «<…> quia in legibus non inuenitur hominiaticum <…>». P.,relational_reference,Us. 123 (81):  «<…> quia in legibus non inuenitur hominiaticum <…>». P.,,P. 158,same_work,Ibid.,mention-0380,,,work-family-usatges_de_barcelona,work-family-usatges_de_barcelona,korneeva-sources-037;korneeva-sources-038;korneeva-sources-039;korneeva-sources-040;korneeva-sources-041;korneeva-sources-042,resolved_relation,same_work_previous_citation,1.0,,,,
mention-0382,ИСТОЧНИК_ВЕРСИЯ_3.docx,40,40,1,"Например, Kagay D.J. Princeps Namque: Defense of the Crown and the Birth of the Catalan State // Mediterranean Studies. Pennsylvania, 1999. Vol. 8. P. 55–87",full_reference,"Например, Kagay D.J. Princeps Namque: Defense of the Crown and the Birth of the Catalan State // Mediterranean Studies. Pennsylvania, 1999. Vol. 8. P. 55–87",Vol. 8; P. 55–87,Vol. 8; P. 55–87,,,,,,,korneeva-research-312,korneeva-research-312,resolved_explicit,exact_title,0.98,,,,
mention-0383,ИСТОЧНИК_ВЕРСИЯ_3.docx,40,40,2,"Kosto A.J. The limited impact of the “Usatges de Barcelona” in Twelfth-century Catalonia // Traditio. Cambridge: Cambridge, 2001. Vol. 56. P. 53–88.",full_reference,"Kosto A.J. The limited impact of the “Usatges de Barcelona” in Twelfth-century Catalonia // Traditio. Cambridge: Cambridge, 2001. Vol. 56. P. 53–88.",Vol. 56; P. 53–88,Vol. 56; P. 53–88,,,,,,,korneeva-research-322,korneeva-research-322,resolved_explicit,exact_title,0.98,,,,
mention-0384,ИСТОЧНИК_ВЕРСИЯ_3.docx,41,41,1,Bastardas i Parera J. Introducció... . P. 9–10.,short_title_reference,Bastardas i Parera J. Introducció... . P. 9–10.,P. 9–10,P. 9–10,,,,,,,work-inferred-003,,resolved_work_edition_missing,work_identity_inferred_from_author_and_short_title,0.85,,,,
mention-0385,ИСТОЧНИК_ВЕРСИЯ_3.docx,42,42,1,"Diez de Revenga P., García Diaz I. Op.cit. P. 82.",relational_reference,P. 82,P. 82,P. 82,op_cit,Op.cit.,mention-0254,"Diez de Revenga P., García Diaz I",,korneeva-research-226,korneeva-research-226,korneeva-research-226,resolved_relation,op_cit_nearest_prior_work_by_author,0.95,,,,
mention-0386,ИСТОЧНИК_ВЕРСИЯ_3.docx,43,43,1,Meyer-Hermann R. Auxiliar-Konstruktionen im llatí medieval katalanischer Urkunden (10.–13. Jh.) und in den Usatici Barchinonae / Usatges de Barcelona (12.–15. Jh.). // Zeitschrift für romanische Philologie. 2019. 135. S. 507–534.,full_reference,Meyer-Hermann R. Auxiliar-Konstruktionen im llatí medieval katalanischer Urkunden (10.–13. Jh.) und in den Usatici Barchinonae / Usatges de Barcelona (12.–15. Jh.). // Zeitschrift für romanische Philologie. 2019. 135. S. 507–534.,,,,,,,,,korneeva-research-339,korneeva-research-339,resolved_explicit,exact_title,0.98,,,,
mention-0387,ИСТОЧНИК_ВЕРСИЯ_3.docx,44,44,1,"Diez de Revenga P., García Diaz I. Op.cit. P. 83.",relational_reference,P. 83,P. 83,P. 83,op_cit,Op.cit.,mention-0385,"Diez de Revenga P., García Diaz I",,korneeva-research-226,korneeva-research-226,korneeva-research-226,resolved_relation,op_cit_nearest_prior_work_by_author,0.95,,,,
mention-0388,ИСТОЧНИК_ВЕРСИЯ_3.docx,45,45,1,"Mor C.G. En torno a la formación del texto de los ""Usatici Barchinonae"" // Anuario de historia del derecho español. Nº 27–28. Madrid, 1957–1958. P. 417–423.",full_reference,"Mor C.G. En torno a la formación del texto de los ""Usatici Barchinonae"" // Anuario de historia del derecho español. Nº 27–28. Madrid, 1957–1958. P. 417–423.",P. 417–423,P. 417–423,,,,,,,korneeva-footnote-016,korneeva-footnote-016,resolved_explicit,exact_title,0.98,,,,
mention-0389,ИСТОЧНИК_ВЕРСИЯ_3.docx,46,46,1,"Bastardas i Parera J. Introducció. // Usatges de Barcelona. Barcelona, 1991. P. 7–38.",full_reference,"Bastardas i Parera J. Introducció. // Usatges de Barcelona. Barcelona, 1991. P. 7–38.",P. 7–38,P. 7–38,,,,,,,korneeva-sources-040,korneeva-sources-040,resolved_explicit,exact_title,0.98,,,,
mention-0390,ИСТОЧНИК_ВЕРСИЯ_3.docx,47,47,1,Iglesia Ferreirós A. The birth of the Usatici // Imago Temporis — Medium Aevum. 2011. Vol. 5. P. 132.,full_reference,Iglesia Ferreirós A. The birth of the Usatici // Imago Temporis — Medium Aevum. 2011. Vol. 5. P. 132.,Vol. 5; P. 132,Vol. 5; P. 132,,,,,,,korneeva-research-300,korneeva-research-300,resolved_explicit,exact_title,0.98,,,,
mention-0391,ИСТОЧНИК_ВЕРСИЯ_3.docx,48,48,1,Pérez Martín A. Hacia una edición crítica del texto latino de los Usatges de Barcelona. // Glossae: European Journal of Legal History. Nº 7. 1995. P. 9–32.,full_reference,Pérez Martín A. Hacia una edición crítica del texto latino de los Usatges de Barcelona. // Glossae: European Journal of Legal History. Nº 7. 1995. P. 9–32.,P. 9–32,P. 9–32,,,,,,,korneeva-sources-040,korneeva-sources-040,resolved_explicit,exact_title,0.98,,,,
mention-0392,ИСТОЧНИК_ВЕРСИЯ_3.docx,49,49,1,"Попова Г.А. «Вестготская правда» («Книга приговоров»): рукописная традиция и история издания // Вестготская правда (книга приговоров). Латинский текст. Перевод. Исследование / Oтв. ред. О.В. Ауров, А.В. Марей. М., 2012. С. 131.",full_reference,"Попова Г.А. «Вестготская правда» («Книга приговоров»): рукописная традиция и история издания // Вестготская правда (книга приговоров). Латинский текст. Перевод. Исследование / Oтв. ред. О.В. Ауров, А.В. Марей. М., 2012. С. 131.",С. 131,С. 131,,,,,,,korneeva-sources-001,korneeva-sources-001,resolved_explicit,exact_title,0.98,,,,
mention-0393,ИСТОЧНИК_ВЕРСИЯ_3.docx,50,50,1,Pérez Martín A. Hacia una edición crítica del texto latino de los Usatges de Barcelona. // Glossae: European Journal of Legal History. Nº 7. 1995. P. 29.,full_reference,Pérez Martín A. Hacia una edición crítica del texto latino de los Usatges de Barcelona. // Glossae: European Journal of Legal History. Nº 7. 1995. P. 29.,P. 29,P. 29,,,,,,,korneeva-sources-040,korneeva-sources-040,resolved_explicit,exact_title,0.98,,,,
mention-0394,ИСТОЧНИК_ВЕРСИЯ_3.docx,51,51,1,BNF. Départament des Manuscripts. MS. Lat. 4792. v2.,possible_reference,BNF. Départament des Manuscripts. MS. Lat. 4792. v2.,,,,,,,,,korneeva-institution-001,korneeva-institution-001,resolved_explicit,authoritative_institutional_abbreviation,1.0,BNF,"Bibliothèque nationale de France — Национальная библиотека Франции, Париж",,
mention-0395,ИСТОЧНИК_ВЕРСИЯ_3.docx,52,52,1,Usatges de Barcelona e Constitucions de Catalunya. Barcelona. Pere Miquel y Diego de Gumiel.1495.,short_title_reference,Usatges de Barcelona e Constitucions de Catalunya. Barcelona. Pere Miquel y Diego de Gumiel.1495.,,,,,,,,,work-family-usatges_de_barcelona,korneeva-sources-037;korneeva-sources-038;korneeva-sources-039;korneeva-sources-040;korneeva-sources-041;korneeva-sources-042,resolved_work_edition_ambiguous,work_resolved_edition_ambiguous,0.9,,,usatges_de_barcelona,
mention-0396,ИСТОЧНИК_ВЕРСИЯ_3.docx,53,53,1,Giraud Ch. Op.cit.,relational_reference,,,,op_cit,Op.cit.,,Giraud Ch,,korneeva-sources-024,korneeva-sources-024,korneeva-sources-024,resolved_relation,op_cit_unique_canonical_work_by_author_and_locator,0.85,,,,
mention-0397,ИСТОЧНИК_ВЕРСИЯ_3.docx,54,54,1,"Gudiol J. «Usatges de Barcelona» // Anuari de l’Institut d’Estudis catalans. № 1. 1907. P. 285–334; d’Abadal i Vinyals R., Valls i Taberner F. Usatges de Barcelona. Textes de Dret Català. Barcelona, 1913",full_reference,"Gudiol J. «Usatges de Barcelona» // Anuari de l’Institut d’Estudis catalans. № 1. 1907. P. 285–334; d’Abadal i Vinyals R., Valls i Taberner F. Usatges de Barcelona. Textes de Dret Català. Barcelona, 1913",P. 285–334,P. 285–334,,,,,,,korneeva-sources-042,korneeva-sources-042,resolved_explicit,exact_title,0.98,,,,
mention-0398,ИСТОЧНИК_ВЕРСИЯ_3.docx,54,54,2,"Rovira i Ermengol J. Usatges de Barcelona i commemoracions de Pere Albert. Barcelone, 1933. P; Los Usatges de Barcelona: Estudios, comentarios,y edición bilingüe del texto. Malaga: Universidad de Malaga, 1984; Usatges de Barcelona. El codi a mitjan segle XII. Editado por J. Bastardas i Parerа. Barcelona., 1984 (1991).",full_reference,"Rovira i Ermengol J. Usatges de Barcelona i commemoracions de Pere Albert. Barcelone, 1933. P; Los Usatges de Barcelona: Estudios, comentarios,y edición bilingüe del texto. Malaga: Universidad de Malaga, 1984; Usatges de Barcelona. El codi a mitjan segle XII. Editado por J. Bastardas i Parerа. Barcelona., 1984 (1991).",,,,,,,,,korneeva-sources-041,korneeva-sources-041,resolved_explicit,exact_title,0.98,,,,
mention-0399,ИСТОЧНИК_ВЕРСИЯ_3.docx,56,56,1,Iglesia Ferreirós A. El manuscrito latino 4792 de la Biblioteca Nacional de París. Usatges y Liber Iudiciorum // Initium: Revista catalana d’historia del dret. 2000. № 5. P. 643–826,full_reference,Iglesia Ferreirós A. El manuscrito latino 4792 de la Biblioteca Nacional de París. Usatges y Liber Iudiciorum // Initium: Revista catalana d’historia del dret. 2000. № 5. P. 643–826,P. 643–826,P. 643–826,,,,,,,korneeva-research-270,korneeva-research-270,resolved_explicit,exact_title,0.98,,,,
mention-0400,ИСТОЧНИК_ВЕРСИЯ_3.docx,56,56,2,Idem. Introducción a una edición ideal de Usatici y Glosas // Initium: Revista catalana d’historia del dret. 2000. № 14. P. 3–194,full_reference,Introducción a una edición ideal de Usatici y Glosas // Initium: Revista catalana d’historia del dret. 2000. № 14. P. 3–194,P. 3–194,P. 3–194,same_author,Idem.,mention-0399,,"Iglesia Ferreirós, A.",,korneeva-research-278,korneeva-research-278,resolved_explicit,exact_title,0.98,,,,
mention-0401,ИСТОЧНИК_ВЕРСИЯ_3.docx,56,56,3,Idem. De usaticis quomodo inventi fuerunt // Initium: Revista catalana d’historia del dret. 2001. № 6. P. 25–212,full_reference,De usaticis quomodo inventi fuerunt // Initium: Revista catalana d’historia del dret. 2001. № 6. P. 25–212,P. 25–212,P. 25–212,same_author,Idem.,mention-0400,,"Iglesia Ferreirós, A.",,korneeva-research-268,korneeva-research-268,resolved_explicit,exact_title,0.98,,,,
mention-0402,ИСТОЧНИК_ВЕРСИЯ_3.docx,56,56,4,Idem. Los Usatges de Barcelona: una nota crítica // Initium: Revista catalana d’historia del dret. 2001. № 6. P. 385–408,full_reference,Los Usatges de Barcelona: una nota crítica // Initium: Revista catalana d’historia del dret. 2001. № 6. P. 385–408,P. 385–408,P. 385–408,same_author,Idem.,mention-0401,,"Iglesia Ferreirós, A.",,korneeva-research-293,korneeva-research-293,resolved_explicit,exact_title,0.98,,,,
mention-0403,ИСТОЧНИК_ВЕРСИЯ_3.docx,56,56,5,"Idem. Usatici, paces, constitutiones. Edición del ms. lat. 4249 de la Bibliothèque Nationale de Paris // Initium: Revista catalana d’historia del dret. 2001. № 6. P. 481–714",full_reference,"Usatici, paces, constitutiones. Edición del ms. lat. 4249 de la Bibliothèque Nationale de Paris // Initium: Revista catalana d’historia del dret. 2001. № 6. P. 481–714",P. 481–714,P. 481–714,same_author,Idem.,mention-0402,,"Iglesia Ferreirós, A.",,korneeva-research-309,korneeva-research-309,resolved_explicit,exact_title,0.98,,,,
mention-0404,ИСТОЧНИК_ВЕРСИЯ_3.docx,56,56,6,Idem. Glosas y Usatges el ms. BNP Latin 4670 A Edición // Initium: Revista catalana d’historia del dret. 2002. № 7. P. 363–847,full_reference,Glosas y Usatges el ms. BNP Latin 4670 A Edición // Initium: Revista catalana d’historia del dret. 2002. № 7. P. 363–847,P. 363–847,P. 363–847,same_author,Idem.,mention-0403,,"Iglesia Ferreirós, A.",,korneeva-research-276,korneeva-research-276,resolved_explicit,exact_title,0.98,,,,
mention-0405,ИСТОЧНИК_ВЕРСИЯ_3.docx,56,56,7,Idem. Biblioteca Apostólica Vaticana Ms. Ottob. Lat. 3058 de los usatges glosados. Edición // Initium: Revista catalana d’historia del dret. 2003. № 8. P. 511–894 и др.,full_reference,Biblioteca Apostólica Vaticana Ms. Ottob. Lat. 3058 de los usatges glosados. Edición // Initium: Revista catalana d’historia del dret. 2003. № 8. P. 511–894 и др.,P. 511–894,P. 511–894,same_author,Idem.,mention-0404,,"Iglesia Ferreirós, A.",,korneeva-research-261,korneeva-research-261,resolved_explicit,exact_title,0.98,,,,
mention-0406,ИСТОЧНИК_ВЕРСИЯ_3.docx,57,57,1,Idem. Introducción a una edición ideal de Usatici y Glosas // Initium: Revista catalana d’historia del dret. 2009. № 14. P. 3–194.,full_reference,Introducción a una edición ideal de Usatici y Glosas // Initium: Revista catalana d’historia del dret. 2009. № 14. P. 3–194.,P. 3–194,P. 3–194,same_author,Idem.,mention-0405,,"Iglesia Ferreirós, A.",,korneeva-research-278,korneeva-research-278,resolved_explicit,exact_title,0.98,,,,
mention-0407,ИСТОЧНИК_ВЕРСИЯ_3.docx,58,58,1,Nolasco Vives y Cebria P. Traducción al Castellano de los Usajes y demas derechos de Cataluña. 4 vols. Barcelona. 1861.,full_reference,Nolasco Vives y Cebria P. Traducción al Castellano de los Usajes y demas derechos de Cataluña. 4 vols. Barcelona. 1861.,,,,,,,,,korneeva-sources-037,korneeva-sources-037,resolved_explicit,token_overlap,0.9,,,,
mention-0408,ИСТОЧНИК_ВЕРСИЯ_3.docx,59,59,1,"The Usatges of Barcelona: the fundamental law of Catalonia / trans. D.J. Kagay. Philadelphia: University of Pennsylvania Press, 1994.",full_reference,"The Usatges of Barcelona: the fundamental law of Catalonia / trans. D.J. Kagay. Philadelphia: University of Pennsylvania Press, 1994.",,,,,,,,,korneeva-sources-038,korneeva-sources-038,resolved_explicit,token_overlap,0.811,,,,
mention-0409,ИСТОЧНИК_ВЕРСИЯ_3.docx,60,60,1,"Kagay D.J. Introduction and Notes // The Usatges of Barcelona: The Fundamental Law of Catalonia. Philadelphia: University of Pennsylvania Press, 1994. P. 1–60.",full_reference,"Kagay D.J. Introduction and Notes // The Usatges of Barcelona: The Fundamental Law of Catalonia. Philadelphia: University of Pennsylvania Press, 1994. P. 1–60.",P. 1–60,P. 1–60,,,,,,,korneeva-sources-038,korneeva-sources-038,resolved_explicit,exact_title,0.98,,,,
mention-0410,ИСТОЧНИК_ВЕРСИЯ_3.docx,61,61,1,"Пискорский В.К. Крепостное право в Каталонии в средние века. М., 2019.",full_reference,"Пискорский В.К. Крепостное право в Каталонии в средние века. М., 2019.",,,,,,,,,korneeva-footnote-009,korneeva-footnote-009,resolved_explicit,exact_title,0.98,,,,
mention-0411,ИСТОЧНИК_ВЕРСИЯ_3.docx,62,62,1,"Bastardas i Parera J. Introducció // Usatges de Barcelona. El codi a mitjan segle XII / ed. J. Bastardas i Parerа. Barcelona: Fundació Noguera, 1984 [1991]. P. 25.",full_reference,"Bastardas i Parera J. Introducció // Usatges de Barcelona. El codi a mitjan segle XII / ed. J. Bastardas i Parerа. Barcelona: Fundació Noguera, 1984 [1991]. P. 25.",P. 25,P. 25,,,,,,,korneeva-sources-041,korneeva-sources-041,resolved_explicit,exact_title,0.98,,,,
mention-0412,ИСТОЧНИК_ВЕРСИЯ_3.docx,63,63,1,ACA. Cancillería. Papeles por incorporar. Legislació. Caixa 1. Núm.1.,short_title_reference,ACA. Cancillería. Papeles por incorporar. Legislació. Caixa 1. Núm.1.,Núm.1.,Núm.1.,,,,,,,korneeva-institution-002,korneeva-institution-002,resolved_explicit,authoritative_institutional_abbreviation,1.0,ACA,Arxiu de la Corona d’Aragó / Archivo de la Corona de Aragón — Архив Короны Арагона,,
mention-0413,ИСТОЧНИК_ВЕРСИЯ_3.docx,64,64,1,"Bastardas i Parera J. Introducció // Usatges de Barcelona. El codi a mitjan segle XII / ed. J. Bastardas i Parerа. Barcelona: Fundació Noguera, 1984 [1991]. P. 23.",full_reference,"Bastardas i Parera J. Introducció // Usatges de Barcelona. El codi a mitjan segle XII / ed. J. Bastardas i Parerа. Barcelona: Fundació Noguera, 1984 [1991]. P. 23.",P. 23,P. 23,,,,,,,korneeva-sources-041,korneeva-sources-041,resolved_explicit,exact_title,0.98,,,,
mention-0414,ИСТОЧНИК_ВЕРСИЯ_3.docx,65,65,1,Ibid. P. 24.,relational_reference,P. 24.,P. 24,P. 24,same_work,Ibid.,mention-0413,,Bastardas i Parera J.,korneeva-sources-041,korneeva-sources-041,korneeva-sources-041,resolved_relation,same_work_previous_citation,1.0,,,,
mention-0415,ИСТОЧНИК_ВЕРСИЯ_3.docx,66,66,1,"Corpus Documentale Latinum Cataloniae. URL : https://gmlc.imf.csic.es/glossarium/codolcat , дата обращения: 03.04.2026.",full_reference,"Corpus Documentale Latinum Cataloniae. URL : https://gmlc.imf.csic.es/glossarium/codolcat , дата обращения: 03.04.2026.",,,,,,,,,korneeva-reference-001,korneeva-reference-001,resolved_explicit,exact_title,0.98,,,,
mention-0416,ИСТОЧНИК_ВЕРСИЯ_3.docx,67,67,1,Zimmermann M. La représentation de la noblesse dans la version primitive des Usatges de Barcelone (milieu du XIIe siècle) // Cahiers de linguistique et de civilisation hispaniques médiévales. N°25. 2002. P. 15.,full_reference,Zimmermann M. La représentation de la noblesse dans la version primitive des Usatges de Barcelone (milieu du XIIe siècle) // Cahiers de linguistique et de civilisation hispaniques médiévales. N°25. 2002. P. 15.,P. 15,P. 15,,,,,,,korneeva-research-429,korneeva-research-429,resolved_explicit,exact_title,0.98,,,,
mention-0417,ИСТОЧНИК_ВЕРСИЯ_3.docx,68,68,1,"Sobrequés i Vidal S. Història de la producció del dret català fins al decret de nova planta. Girona, 1978. P. 21.",full_reference,"Sobrequés i Vidal S. Història de la producció del dret català fins al decret de nova planta. Girona, 1978. P. 21.",P. 21,P. 21,,,,,,,korneeva-footnote-028,korneeva-footnote-028,resolved_explicit,exact_title,0.98,,,,
mention-0418,ИСТОЧНИК_ВЕРСИЯ_3.docx,69,69,1,Bastardas i Parera J. Introducció ... P. 9–10.,short_title_reference,Bastardas i Parera J. Introducció ... P. 9–10.,P. 9–10,P. 9–10,,,,,,,work-inferred-003,,resolved_work_edition_missing,work_identity_inferred_from_author_and_short_title,0.85,,,,
mention-0419,ИСТОЧНИК_ВЕРСИЯ_3.docx,70,70,1,Gonzalvo i Bou G. Els jueus i els Usatges de Barcelona // Barcelona Quaderns D'Història. 1996. № 2. P. 118.,full_reference,Gonzalvo i Bou G. Els jueus i els Usatges de Barcelona // Barcelona Quaderns D'Història. 1996. № 2. P. 118.,P. 118,P. 118,,,,,,,korneeva-research-251,korneeva-research-251,resolved_explicit,exact_title,0.98,,,,
mention-0420,ИСТОЧНИК_ВЕРСИЯ_3.docx,71,71,1,Iglesia Ferreirós A. The birth of the Usatici // Imago Temporis — Medium Aevum. 2011. Vol. 5. P. 120–121.,full_reference,Iglesia Ferreirós A. The birth of the Usatici // Imago Temporis — Medium Aevum. 2011. Vol. 5. P. 120–121.,Vol. 5; P. 120–121,Vol. 5; P. 120–121,,,,,,,korneeva-research-300,korneeva-research-300,resolved_explicit,exact_title,0.98,,,,
mention-0421,ИСТОЧНИК_ВЕРСИЯ_3.docx,72,72,1,"Ф. Вальс-и-Табернер считал, что традицию датировки составления «Обычаев Льейды» 1228 г. задал испанский историк Вильянуэва. Valls y Taberner F. Las «Consuetudines ilerdenses» (1227) y su autor Guillermo Botet. Barcelona: [s.n.], 1913. P. 14.",full_reference,"Ф. Вальс-и-Табернер считал, что традицию датировки составления «Обычаев Льейды» 1228 г. задал испанский историк Вильянуэва. Valls y Taberner F. Las «Consuetudines ilerdenses» (1227) y su autor Guillermo Botet. Barcelona: [s.n.], 1913. P. 14.",P. 14,P. 14,,,,,,,korneeva-research-407,korneeva-research-407,resolved_explicit,exact_title,0.98,,,,
mention-0422,ИСТОЧНИК_ВЕРСИЯ_3.docx,73,73,1,Valls y Taberner F. Op. cit. P. 14–15.,relational_reference,P. 14–15,P. 14–15,P. 14–15,op_cit,Op. cit.,mention-0039,Valls y Taberner F,,korneeva-research-408,korneeva-research-408,korneeva-research-409;korneeva-footnote-010;korneeva-footnote-011;korneeva-research-410;korneeva-research-408,resolved_relation,op_cit_nearest_prior_work_by_author,0.95,,,,multiple earlier works by this author; nearest preceding work selected by relational order
mention-0423,ИСТОЧНИК_ВЕРСИЯ_3.docx,74,74,1,Цит. по:,commentary,Цит. по:,,,,,,,,,,,not_bibliographic,commentary_or_internal_cross_reference,,,,,
mention-0424,ИСТОЧНИК_ВЕРСИЯ_3.docx,74,74,2,"Barrero García A.M. Las Costumbres de Lérida, Horta y Mirabet // Anuario de historia del derecho español. 1974. № 44. P. 487.",full_reference,"Barrero García A.M. Las Costumbres de Lérida, Horta y Mirabet // Anuario de historia del derecho español. 1974. № 44. P. 487.",P. 487,P. 487,,,,,,,korneeva-research-181,korneeva-research-181,resolved_explicit,exact_title,0.98,,,,
mention-0425,ИСТОЧНИК_ВЕРСИЯ_3.docx,75,75,1,"Oliver y Esteller B. Historia del derecho en Cataluña, Mallorca y Valencia. Código de las costumbres de Tortosa. Madrid: Impr. de M. Ginesta, 1876. T. 1. P. 981.",full_reference,"Oliver y Esteller B. Historia del derecho en Cataluña, Mallorca y Valencia. Código de las costumbres de Tortosa. Madrid: Impr. de M. Ginesta, 1876. T. 1. P. 981.",P. 981,P. 981,,,,,,,korneeva-footnote-017,korneeva-footnote-017,resolved_explicit,exact_title,0.98,,,,
mention-0426,ИСТОЧНИК_ВЕРСИЯ_3.docx,76,76,1,Valls y Taberner F. Op. cit. P. 22.,relational_reference,P. 22,P. 22,P. 22,op_cit,Op. cit.,mention-0422,Valls y Taberner F,,korneeva-research-408,korneeva-research-408,korneeva-research-409;korneeva-footnote-010;korneeva-footnote-011;korneeva-research-410;korneeva-research-408,resolved_relation,op_cit_nearest_prior_work_by_author,0.95,,,,multiple earlier works by this author; nearest preceding work selected by relational order
mention-0427,ИСТОЧНИК_ВЕРСИЯ_3.docx,77,77,1,Archivo municipal de Lérida. Vol. 1376 (antes 1372). Libro verde menor. Ff. 69–92.,short_title_reference,Archivo municipal de Lérida. Vol. 1376 (antes 1372). Libro verde menor. Ff. 69–92.,Vol. 1376 (antes 1372),Vol. 1376 (antes 1372),,,,,,,korneeva-institution-003,korneeva-institution-003,resolved_explicit,explicit_archival_repository_and_shelfmark,1.0,,,,
mention-0428,ИСТОЧНИК_ВЕРСИЯ_3.docx,78,78,1,"Archivo dela Catedral de Lérida. Armario L. Cajón M. Usatici et Consuetudines Cathaloniete Constitutiones. Provincial et sinodales,. Ff. 123–133.",possible_reference,"Archivo dela Catedral de Lérida. Armario L. Cajón M. Usatici et Consuetudines Cathaloniete Constitutiones. Provincial et sinodales,. Ff. 123–133.",,,,,,,,,korneeva-institution-004,korneeva-institution-004,resolved_explicit,explicit_archival_repository_and_shelfmark,1.0,,,,
mention-0429,ИСТОЧНИК_ВЕРСИЯ_3.docx,79,79,1,"Biblioteca de la familia de Dalmases, en Barcelona. № 50. Consuetudines Ilerdenses. cum glosulis. Fori Aragonis tam antiqui quam novi, cum suis glosis (2). Ff. 1–11.",possible_reference,"Biblioteca de la familia de Dalmases, en Barcelona. № 50. Consuetudines Ilerdenses. cum glosulis. Fori Aragonis tam antiqui quam novi, cum suis glosis (2). Ff. 1–11.",,,,,,,,,korneeva-institution-005,korneeva-institution-005,resolved_explicit,explicit_archival_repository_and_shelfmark,1.0,,,,
mention-0430,ИСТОЧНИК_ВЕРСИЯ_3.docx,80,80,1,Biblicteca Nacional de Madrid. № 865 (antes C. 193). Ff. 1–22.,possible_reference,Biblicteca Nacional de Madrid. № 865 (antes C. 193). Ff. 1–22.,,,,,,,,,korneeva-institution-006,korneeva-institution-006,resolved_explicit,explicit_archival_repository_and_shelfmark,1.0,,,,
mention-0431,ИСТОЧНИК_ВЕРСИЯ_3.docx,81,81,1,Valls y Taberner F. Op. cit. P. 29.,relational_reference,P. 29,P. 29,P. 29,op_cit,Op. cit.,mention-0426,Valls y Taberner F,,korneeva-research-408,korneeva-research-408,korneeva-research-409;korneeva-footnote-010;korneeva-footnote-011;korneeva-research-410;korneeva-research-408,resolved_relation,op_cit_nearest_prior_work_by_author,0.95,,,,multiple earlier works by this author; nearest preceding work selected by relational order
mention-0432,ИСТОЧНИК_ВЕРСИЯ_3.docx,82,82,1,Ibid.,relational_reference,,,P. 29,same_work,Ibid.,mention-0431,,"Valls Taberner, F.",korneeva-research-408,korneeva-research-408,korneeva-research-408,resolved_relation,same_work_previous_citation,1.0,,,,
mention-0433,ИСТОЧНИК_ВЕРСИЯ_3.docx,83,83,1,La Biblioteca Central de la Diputación de Barcelona. Ms. 702. Ff. CV–CXVIII.,possible_reference,La Biblioteca Central de la Diputación de Barcelona. Ms. 702. Ff. CV–CXVIII.,,,,,,,,,korneeva-institution-007,korneeva-institution-007,resolved_explicit,explicit_archival_repository_and_shelfmark,1.0,,,,
mention-0434,ИСТОЧНИК_ВЕРСИЯ_3.docx,84,84,1,"Villanueva J., Villanueva J.L. Viage literario á iglesias de España : Le Publica con algunas observaciones. Madrid : Imprenta de la Real Academia de la Historia, 1803. T. XVI. P. 160–196.",full_reference,"Villanueva J., Villanueva J.L. Viage literario á iglesias de España : Le Publica con algunas observaciones. Madrid : Imprenta de la Real Academia de la Historia, 1803. T. XVI. P. 160–196.",P. 160–196,P. 160–196,,,,,,,korneeva-research-416,korneeva-research-416,resolved_explicit,exact_title,0.98,,,,
mention-0435,ИСТОЧНИК_ВЕРСИЯ_3.docx,85,85,1,"Pleyan de Porta J. Apuntes de historia de Lérida : ó sea compendiosa reseña de sus mas principales hechos desde la fundación de la ciudad hasta muestros tiempos. Lérida: Carruez, 1873. P. 495–528.",full_reference,"Pleyan de Porta J. Apuntes de historia de Lérida : ó sea compendiosa reseña de sus mas principales hechos desde la fundación de la ciudad hasta muestros tiempos. Lérida: Carruez, 1873. P. 495–528.",P. 495–528,P. 495–528,,,,,,,korneeva-research-353,korneeva-research-353,resolved_explicit,token_overlap,0.941,,,,
mention-0436,ИСТОЧНИК_ВЕРСИЯ_3.docx,86,86,1,"По возможности мы обращались именно к этому изданию, однако, оно было доступно нам лишь частично: Costumbres de Lérida / ed. M.B. Pilar Loscertales de Valdeavellano. Barcelona: Universidad de Barcelona, Facultad de Derecho, 1946. P. 10–12.",short_title_reference,"По возможности мы обращались именно к этому изданию, однако, оно было доступно нам лишь частично: Costumbres de Lérida / ed. M.B. Pilar Loscertales de Valdeavellano. Barcelona: Universidad de Barcelona, Facultad de Derecho, 1946. P. 10–12.",P. 10–12,P. 10–12,,,,,,,korneeva-sources-011,korneeva-sources-011,resolved_explicit,exact_title,0.98,,,,
mention-0437,ИСТОЧНИК_ВЕРСИЯ_3.docx,87,87,1,"К сожалению, это издание осталось для нас недоступным: Els costumns de Lleida / ed. por J. J. Busqueta Riu, E. González. Lleida: Ajuntament de Lleida, 1997.",full_reference,"К сожалению, это издание осталось для нас недоступным: Els costumns de Lleida / ed. por J. J. Busqueta Riu, E. González. Lleida: Ajuntament de Lleida, 1997.",,,,,,,,,korneeva-sources-019,korneeva-sources-019,resolved_explicit,exact_title,0.98,,,,
mention-0438,ИСТОЧНИК_ВЕРСИЯ_3.docx,88,88,1,Barrero García A. M. Op. cit. P. 494–498,relational_reference,P. 494–498,P. 494–498,P. 494–498,op_cit,Op. cit.,mention-0424,Barrero García A. M,,korneeva-research-181,korneeva-research-181,korneeva-research-181,resolved_relation,op_cit_nearest_prior_work_by_author,0.95,,,,
mention-0439,ИСТОЧНИК_ВЕРСИЯ_3.docx,88,88,2,"Serrano Daura J. La projecció del dret de Lleida // Revista de Dret Històric Català. 2004. № 3. P. 233–258. «Обычаи Орты», «Обычаи Миравета» и др. мы рассмотрим далее.",full_reference,"Serrano Daura J. La projecció del dret de Lleida // Revista de Dret Històric Català. 2004. № 3. P. 233–258. «Обычаи Орты», «Обычаи Миравета» и др. мы рассмотрим далее.",P. 233–258,P. 233–258,,,,,,,korneeva-research-391,korneeva-research-391,resolved_explicit,exact_title,0.98,,,,
mention-0440,ИСТОЧНИК_ВЕРСИЯ_3.docx,89,89,1,Font Rius J.M. Costumbres de Tárrega // Anuario de Historia del Derecho Español. 1953. T. 23. P. 429–444.,full_reference,Font Rius J.M. Costumbres de Tárrega // Anuario de Historia del Derecho Español. 1953. T. 23. P. 429–444.,P. 429–444,P. 429–444,,,,,,,korneeva-sources-022,korneeva-sources-022,resolved_explicit,duplicate_structured_identity,0.98,,,,
mention-0441,ИСТОЧНИК_ВЕРСИЯ_3.docx,90,90,1,Serrano Daura J. La projecció del dret de Lleida // Revista de Dret Històric Català. 2004. № 3. P. 233–258.,full_reference,Serrano Daura J. La projecció del dret de Lleida // Revista de Dret Històric Català. 2004. № 3. P. 233–258.,P. 233–258,P. 233–258,,,,,,,korneeva-research-391,korneeva-research-391,resolved_explicit,exact_title,0.98,,,,
mention-0442,ИСТОЧНИК_ВЕРСИЯ_3.docx,91,91,1,Biblioteca Central de la Deputación de Barcelona. Sección de Archivo. Pergarnino 04458. Caja. 4-VI-6.,possible_reference,Biblioteca Central de la Deputación de Barcelona. Sección de Archivo. Pergarnino 04458. Caja. 4-VI-6.,,,,,,,,,korneeva-institution-008,korneeva-institution-008,resolved_explicit,explicit_archival_repository_and_shelfmark,1.0,,,,
mention-0443,ИСТОЧНИК_ВЕРСИЯ_3.docx,92,92,1,Archivo Municipal de la villa de Tarrega. Libro de Privilegios. Vol. 1. Fol. 1o,short_title_reference,Archivo Municipal de la villa de Tarrega. Libro de Privilegios. Vol. 1. Fol. 1o,Vol. 1; Fol. 1,Vol. 1; Fol. 1,,,,,,,korneeva-institution-009,korneeva-institution-009,resolved_explicit,explicit_archival_repository_and_shelfmark,1.0,,,,
mention-0444,ИСТОЧНИК_ВЕРСИЯ_3.docx,93,93,1,Archivo Municipal de la villa de Tarrega. Libro de Privilegios. Vol. 2. Fol. 1o,short_title_reference,Archivo Municipal de la villa de Tarrega. Libro de Privilegios. Vol. 2. Fol. 1o,Vol. 2; Fol. 1,Vol. 2; Fol. 1,,,,,,,korneeva-institution-010,korneeva-institution-010,resolved_explicit,explicit_archival_repository_and_shelfmark,1.0,,,,
mention-0445,ИСТОЧНИК_ВЕРСИЯ_3.docx,94,94,1,Biblioteca de Cataluña. Biblioteca Capitular de Urgel.Núm. 143. Fol. 129r–133v.,short_title_reference,Biblioteca de Cataluña. Biblioteca Capitular de Urgel.Núm. 143. Fol. 129r–133v.,Núm. 143.; Fol. 129,Núm. 143.; Fol. 129,,,,,,,korneeva-institution-011,korneeva-institution-011,resolved_explicit,explicit_archival_repository_and_shelfmark,1.0,,,,
mention-0446,ИСТОЧНИК_ВЕРСИЯ_3.docx,95,95,1,"Privilegis de Tàrrega / [a cura de] Lluís Sarret i Pons, Pvre ; A. Duran i Sanpere (Pr.) Tarrega : Impr. F. Camps Calvet, 1930, P. 11–15.",full_reference,"Privilegis de Tàrrega / [a cura de] Lluís Sarret i Pons, Pvre ; A. Duran i Sanpere (Pr.) Tarrega : Impr. F. Camps Calvet, 1930, P. 11–15.",P. 11–15,P. 11–15,,,,,,,korneeva-footnote-123,korneeva-footnote-123,new_footnote_only_record,new_footnote_only_record,0.9,,,,
mention-0447,ИСТОЧНИК_ВЕРСИЯ_3.docx,96,96,1,Font Rius J. M. Costumbres de Tárrega // Anuario de Historia del Derecho Español. 1953. T. 23. P. 443.,full_reference,Font Rius J. M. Costumbres de Tárrega // Anuario de Historia del Derecho Español. 1953. T. 23. P. 443.,P. 443,P. 443,,,,,,,korneeva-sources-022,korneeva-sources-022,resolved_explicit,duplicate_structured_identity,0.98,,,,
mention-0448,ИСТОЧНИК_ВЕРСИЯ_3.docx,97,97,1,Ibid. P. 443.,relational_reference,P. 443.,P. 443,P. 443,same_work,Ibid.,mention-0447,,"Font Rius, J",korneeva-sources-022,korneeva-sources-022,korneeva-sources-022,resolved_relation,same_work_previous_citation,1.0,,,,
mention-0449,ИСТОЧНИК_ВЕРСИЯ_3.docx,98,98,1,Serrano Daura J. La projecció del dret de Lleida // Revista de Dret Històric Català. 2004. Т. 3. P. 246.,full_reference,Serrano Daura J. La projecció del dret de Lleida // Revista de Dret Històric Català. 2004. Т. 3. P. 246.,Т. 3; P. 246,Т. 3; P. 246,,,,,,,korneeva-research-391,korneeva-research-391,resolved_explicit,exact_title,0.98,,,,
mention-0450,ИСТОЧНИК_ВЕРСИЯ_3.docx,99,99,1,Idem. Op. cit... P. 247.,relational_reference,P. 247,P. 247,P. 247,same_author_op_cit,Idem. Op. cit.,mention-0449,,"Serrano Daura, J.",korneeva-research-391,korneeva-research-391,korneeva-research-396;korneeva-research-386;korneeva-research-394;korneeva-research-385;korneeva-research-387;korneeva-research-384;korneeva-research-393;korneeva-research-391;korneeva-research-381;korneeva-research-390;korneeva-research-388;korneeva-research-392;korneeva-research-382;korneeva-research-389;korneeva-research-395,resolved_relation,op_cit_nearest_prior_work_by_author,0.95,,,,multiple earlier works by this author; nearest preceding work selected by relational order
mention-0451,ИСТОЧНИК_ВЕРСИЯ_3.docx,100,100,1,AHN. Órdenes Militares. San Juan de Jerusalén. Encomienda de Horta. Carp. 672. Doc. 8.,short_title_reference,AHN. Órdenes Militares. San Juan de Jerusalén. Encomienda de Horta. Carp. 672. Doc. 8.,Doc. 8.,Doc. 8.,,,,,,,korneeva-institution-012,korneeva-institution-012,resolved_explicit,explicit_archival_repository_and_shelfmark,1.0,,,,
mention-0452,ИСТОЧНИК_ВЕРСИЯ_3.docx,101,101,1,AHN. Castellanía de Amposta. Caja 8125. Doc. 8,short_title_reference,AHN. Castellanía de Amposta. Caja 8125. Doc. 8,Doc. 8,Doc. 8,,,,,,,korneeva-institution-013,korneeva-institution-013,resolved_explicit,explicit_archival_repository_and_shelfmark,1.0,,,,
mention-0453,ИСТОЧНИК_ВЕРСИЯ_3.docx,101,101,2,AHN. Órdenes Militares. San Juan de Jerusalén. Encomienda de Horta. Carp. 672. Doc. 9.,short_title_reference,AHN. Órdenes Militares. San Juan de Jerusalén. Encomienda de Horta. Carp. 672. Doc. 9.,Doc. 9.,Doc. 9.,,,,,,,korneeva-institution-014,korneeva-institution-014,resolved_explicit,explicit_archival_repository_and_shelfmark,1.0,,,,
mention-0454,ИСТОЧНИК_ВЕРСИЯ_3.docx,102,102,1,"Cots i Gorchs J. Les consuetuds d’Horta (avui Horta de Sant Joan), a la batlla del Baix Aragó // Estudis Universitaris Catalans. 1930. Vol. 15. P. 304–323.",full_reference,"Cots i Gorchs J. Les consuetuds d’Horta (avui Horta de Sant Joan), a la batlla del Baix Aragó // Estudis Universitaris Catalans. 1930. Vol. 15. P. 304–323.",Vol. 15; P. 304–323,Vol. 15; P. 304–323,,,,,,,korneeva-research-219,korneeva-research-219,resolved_explicit,exact_title,0.98,,,,
mention-0455,ИСТОЧНИК_ВЕРСИЯ_3.docx,103,103,1,"Els Costums d’Orta (1296): Estudi introductori i edició / ed. J. Serrano Daura. Horta de Sant Joan: Ajuntament d’Horta de Sant Joan, 1996. 103 p.",full_reference,"Els Costums d’Orta (1296): Estudi introductori i edició / ed. J. Serrano Daura. Horta de Sant Joan: Ajuntament d’Horta de Sant Joan, 1996. 103 p.",,,,,,,,,korneeva-sources-020,korneeva-sources-020,resolved_explicit,duplicate_source_text,0.98,,,,
mention-0456,ИСТОЧНИК_ВЕРСИЯ_3.docx,104,104,1,"Costumbres de Orta. 1296, abril, 16. Orta (Horta de Sant Joan) // Leyes Históricas de Cataluña / dir. J. Serrano Daura. Madrid: Agencia Estatal Boletín Oficial del Estado, 2024. Vol. 2: Apéndices. P. 617–626.",full_reference,"Costumbres de Orta. 1296, abril, 16. Orta (Horta de Sant Joan) // Leyes Históricas de Cataluña / dir. J. Serrano Daura. Madrid: Agencia Estatal Boletín Oficial del Estado, 2024. Vol. 2: Apéndices. P. 617–626.",Vol. 2: Apéndices; P. 617–626,Vol. 2: Apéndices; P. 617–626,,,,,,,korneeva-sources-013,korneeva-sources-013,resolved_explicit,source_family_unique,0.97,,,costums_d_orta,
mention-0457,ИСТОЧНИК_ВЕРСИЯ_3.docx,105,105,1,Costumbres de Orta…: «…certas habere consuetudines ac etiam speciales». P. 617.,short_title_reference,Costumbres de Orta…: «…certas habere consuetudines ac etiam speciales». P. 617.,P. 617,P. 617,,,,,,,korneeva-sources-013,korneeva-sources-013,resolved_explicit,source_family_unique,0.97,,,costums_d_orta,
mention-0458,ИСТОЧНИК_ВЕРСИЯ_3.docx,106,106,1,"Обращение к «Обычаям Миравета», «Обычаям Балагера» и материалам Валь-д’Арана XIV в. означает сознательный выход за основные хронологические рамки исследования, однако он оправдан его задачами: эти памятники привлекаются не как самостоятельный предмет анализа, а как свидетельства рецепции «Обычаев Льейды». Именно рецепция позволяет проследить дальнейшее функционирование «Обычаев Льейды» как «эталонного» свода обычного права, её адаптацию в иных локальных средах и тем самым точнее определить историческое значение самого памятника.",commentary,"Обращение к «Обычаям Миравета», «Обычаям Балагера» и материалам Валь-д’Арана XIV в. означает сознательный выход за основные хронологические рамки исследования, однако он оправдан его задачами: эти памятники привлекаются не как самостоятельный предмет анализа, а как свидетельства рецепции «Обычаев Льейды». Именно рецепция позволяет проследить дальнейшее функционирование «Обычаев Льейды» как «эталонного» свода обычного права, её адаптацию в иных локальных средах и тем самым точнее определить историческое значение самого памятника.",,,,,,,,,,,not_bibliographic,commentary_or_internal_cross_reference,,,,,
mention-0459,ИСТОЧНИК_ВЕРСИЯ_3.docx,107,107,1,"Biblioteca Capitular Colombina (Sevilla). Cod. A A, 141, 19.",full_reference,"Biblioteca Capitular Colombina (Sevilla). Cod. A A, 141, 19.",,,,,,,,,korneeva-institution-015,korneeva-institution-015,resolved_explicit,explicit_archival_repository_and_shelfmark,1.0,,,,
mention-0460,ИСТОЧНИК_ВЕРСИЯ_3.docx,108,108,1,AHN. Cód. 944-B.,possible_reference,AHN. Cód. 944-B.,,,,,,,,,korneeva-institution-016,korneeva-institution-016,resolved_explicit,explicit_archival_repository_and_shelfmark,1.0,,,,
mention-0461,ИСТОЧНИК_ВЕРСИЯ_3.docx,109,109,1,Valls i Taberner F. Les Costums de la Batllia de Miravet // Revista Jurídica de Catalunya. 1926. Vol. 32. P. 52–76.,full_reference,Valls i Taberner F. Les Costums de la Batllia de Miravet // Revista Jurídica de Catalunya. 1926. Vol. 32. P. 52–76.,Vol. 32; P. 52–76,Vol. 32; P. 52–76,,,,,,,korneeva-footnote-124,korneeva-footnote-124,new_footnote_only_record,new_footnote_only_record,0.9,,,,
mention-0462,ИСТОЧНИК_ВЕРСИЯ_3.docx,110,110,1,"Les Costums de Miravet: editades amb una nota preliminar / ed. F. Valls i Taberner. Barcelona: Estampa de fill de D. Casanovas, 1926.",possible_reference,"Les Costums de Miravet: editades amb una nota preliminar / ed. F. Valls i Taberner. Barcelona: Estampa de fill de D. Casanovas, 1926.",,,,,,,,,korneeva-sources-028,korneeva-sources-028,resolved_explicit,exact_title,0.98,,,,
mention-0463,ИСТОЧНИК_ВЕРСИЯ_3.docx,111,111,1,Serrano Daura J. La concessió dels costums de la batllia de Miravet… P. 295.,short_title_reference,Serrano Daura J. La concessió dels costums de la batllia de Miravet… P. 295.,P. 295,P. 295,,,,,,,korneeva-research-389,korneeva-research-389,resolved_explicit,exact_title,0.98,,,,
mention-0464,ИСТОЧНИК_ВЕРСИЯ_3.docx,112,112,1,"Constituciones Baiulie Mirabeti / ed. G. Sánchez. Madrid: Publicaciones de la Residencia de Estudiantes, 1915.",full_reference,"Constituciones Baiulie Mirabeti / ed. G. Sánchez. Madrid: Publicaciones de la Residencia de Estudiantes, 1915.",,,,,,,,,korneeva-sources-007,korneeva-sources-007,resolved_explicit,exact_title,0.98,,,,
mention-0465,ИСТОЧНИК_ВЕРСИЯ_3.docx,113,113,1,"Els costums de la Batllia de Miravet: estudi introductori i edició / ed. J. Serrano Daura. Gandesa (Tarragona): Consell Comarcal de la Terra Alta, 1999.",full_reference,"Els costums de la Batllia de Miravet: estudi introductori i edició / ed. J. Serrano Daura. Gandesa (Tarragona): Consell Comarcal de la Terra Alta, 1999.",,,,,,,,,korneeva-sources-018,korneeva-sources-018,resolved_explicit,exact_title,0.98,,,,
mention-0466,ИСТОЧНИК_ВЕРСИЯ_3.docx,114,114,1,Serrano Daura J. La concessió dels costums de la batllia de Miravet // Revista de dret històric Català. 2015. Vol. 14. P. 295.,full_reference,Serrano Daura J. La concessió dels costums de la batllia de Miravet // Revista de dret històric Català. 2015. Vol. 14. P. 295.,Vol. 14; P. 295,Vol. 14; P. 295,,,,,,,korneeva-research-389,korneeva-research-389,resolved_explicit,exact_title,0.98,,,,
mention-0467,ИСТОЧНИК_ВЕРСИЯ_3.docx,115,115,1,"Constituciones Baiulie Mirabeti / ed. G. Sánchez. Madrid: Publicaciones de la Residencia de Estudiantes, 1915. P. 33–34.",full_reference,"Constituciones Baiulie Mirabeti / ed. G. Sánchez. Madrid: Publicaciones de la Residencia de Estudiantes, 1915. P. 33–34.",P. 33–34,P. 33–34,,,,,,,korneeva-sources-007,korneeva-sources-007,resolved_explicit,exact_title,0.98,,,,
mention-0468,ИСТОЧНИК_ВЕРСИЯ_3.docx,116,116,1,Carbasse J.-M. Les anciennes coutumes de Perpignan // Société Agricole Scientifique et Littéraire des Pyrénées-Orientales. 1988. No. 96. P. 181.,full_reference,Carbasse J.-M. Les anciennes coutumes de Perpignan // Société Agricole Scientifique et Littéraire des Pyrénées-Orientales. 1988. No. 96. P. 181.,No. 96.; P. 181,No. 96.; P. 181,,,,,,,korneeva-research-213,korneeva-research-213,resolved_explicit,exact_title,0.98,,,,
mention-0469,ИСТОЧНИК_ВЕРСИЯ_3.docx,117,117,1,Ibid. P. 181.,relational_reference,P. 181.,P. 181,P. 181,same_work,Ibid.,mention-0468,,Carbasse J.-M.,korneeva-research-213,korneeva-research-213,korneeva-research-213,resolved_relation,same_work_previous_citation,1.0,,,,
mention-0470,ИСТОЧНИК_ВЕРСИЯ_3.docx,118,118,1,Ibid. P. 182.,relational_reference,P. 182.,P. 182,P. 182,same_work,Ibid.,mention-0469,,Carbasse J.-M.,korneeva-research-213,korneeva-research-213,korneeva-research-213,resolved_relation,same_work_previous_citation,1.0,,,,
mention-0471,ИСТОЧНИК_ВЕРСИЯ_3.docx,119,119,1,Ibid. P. 188.,relational_reference,P. 188.,P. 188,P. 188,same_work,Ibid.,mention-0470,,Carbasse J.-M.,korneeva-research-213,korneeva-research-213,korneeva-research-213,resolved_relation,same_work_previous_citation,1.0,,,,
mention-0472,ИСТОЧНИК_ВЕРСИЯ_3.docx,120,120,1,Ibid. P. 183.,relational_reference,P. 183.,P. 183,P. 183,same_work,Ibid.,mention-0471,,Carbasse J.-M.,korneeva-research-213,korneeva-research-213,korneeva-research-213,resolved_relation,same_work_previous_citation,1.0,,,,
mention-0473,ИСТОЧНИК_ВЕРСИЯ_3.docx,121,121,1,Ibid. P. 189.,relational_reference,P. 189.,P. 189,P. 189,same_work,Ibid.,mention-0472,,Carbasse J.-M.,korneeva-research-213,korneeva-research-213,korneeva-research-213,resolved_relation,same_work_previous_citation,1.0,,,,
mention-0474,ИСТОЧНИК_ВЕРСИЯ_3.docx,122,122,1,"Massot-Reynier J. Les Coutumes de Perpignan, suivies des usages sur la dîme, des plus anciens priviléges de la ville et de documents complémentaires, publiées en latin et en roman d’après les manuscrits par la société archéologique de Montpellier. Montpellier, 1848. P. XVII.",full_reference,"Massot-Reynier J. Les Coutumes de Perpignan, suivies des usages sur la dîme, des plus anciens priviléges de la ville et de documents complémentaires, publiées en latin et en roman d’après les manuscrits par la société archéologique de Montpellier. Montpellier, 1848. P. XVII.",,,,,,,,,korneeva-sources-029,korneeva-sources-029,resolved_explicit,exact_title,0.98,,,,
mention-0475,ИСТОЧНИК_ВЕРСИЯ_3.docx,123,123,1,"Daileader P. La coutume dans un pays aux trois religions : la Catalogne, 1228-1319 // Annales du Midi : revue archéologique, historique et philologique de la France méridionale. 2006. № 225 (118). P. 372.",full_reference,"Daileader P. La coutume dans un pays aux trois religions : la Catalogne, 1228-1319 // Annales du Midi : revue archéologique, historique et philologique de la France méridionale. 2006. № 225 (118). P. 372.",P. 372,P. 372,,,,,,,korneeva-research-222,korneeva-research-222,resolved_explicit,exact_title,0.98,,,,
mention-0476,ИСТОЧНИК_ВЕРСИЯ_3.docx,124,124,1,"Costums de Tortosa / ed. crít. a cur. de J. Massip i Fonollosa, col. C. Duarte i Montserrat, M. A. Massip i Bonet. Barcelona: Fundació Noguera, 1996. P. XVIII.",full_reference,"Costums de Tortosa / ed. crít. a cur. de J. Massip i Fonollosa, col. C. Duarte i Montserrat, M. A. Massip i Bonet. Barcelona: Fundació Noguera, 1996. P. XVIII.",,,,,,,,,work-family-costums_de_tortosa,korneeva-sources-005;korneeva-sources-014,resolved_work_edition_ambiguous,work_resolved_edition_ambiguous,0.9,,,costums_de_tortosa,
mention-0477,ИСТОЧНИК_ВЕРСИЯ_3.docx,125,125,1,ACBEB. Cod. 53.,possible_reference,ACBEB. Cod. 53.,,,,,,,,,korneeva-institution-017,korneeva-institution-017,resolved_explicit,authoritative_institutional_abbreviation,1.0,ACBEB,Arxiu Capitular de la Catedral de Barcelona — Капитулярный архив собора Барселоны,,
mention-0478,ИСТОЧНИК_ВЕРСИЯ_3.docx,126,126,1,ACBEB. Reg. 358. Comú I-113.,possible_reference,ACBEB. Reg. 358. Comú I-113.,,,,,,,,,korneeva-institution-018,korneeva-institution-018,resolved_explicit,authoritative_institutional_abbreviation,1.0,ACBEB,Arxiu Capitular de la Catedral de Barcelona — Капитулярный архив собора Барселоны,,
mention-0479,ИСТОЧНИК_ВЕРСИЯ_3.docx,127,127,1,Fundació Bartolomé March Servera. Biblioteca. Sign. B96-V2-01.,possible_reference,Fundació Bartolomé March Servera. Biblioteca. Sign. B96-V2-01.,,,,,,,,,korneeva-institution-019,korneeva-institution-019,resolved_explicit,explicit_archival_repository_and_shelfmark,1.0,,,,
mention-0480,ИСТОЧНИК_ВЕРСИЯ_3.docx,128,128,1,Ibid. P. XXXVI.,relational_reference,P. XXXVI.,,,same_work,Ibid.,mention-0479,,,korneeva-institution-019,korneeva-institution-019,korneeva-institution-019,resolved_relation,same_work_previous_citation,1.0,,,,
mention-0481,ИСТОЧНИК_ВЕРСИЯ_3.docx,129,129,1,Ibid. XVIII.,relational_reference,XVIII.,,,same_work,Ibid.,mention-0480,,,korneeva-institution-019,korneeva-institution-019,korneeva-institution-019,resolved_relation,same_work_previous_citation,1.0,,,,
mention-0482,ИСТОЧНИК_ВЕРСИЯ_3.docx,130,130,1,Ibid. P. XVIII.,relational_reference,P. XVIII.,,,same_work,Ibid.,mention-0481,,,korneeva-institution-019,korneeva-institution-019,korneeva-institution-019,resolved_relation,same_work_previous_citation,1.0,,,,
mention-0483,ИСТОЧНИК_ВЕРСИЯ_3.docx,131,131,1,"Ibid.: «Con fos pleyt longament estat en la cort de Roma per !frare Amau de Castelnou, Maestre en Aragon s e en Cataluyna, e per los frares de la cavaleria del Temple demanant de la una part, e els ciutadans de la ciutat de Tortosa defenent de l'altra; demanavan lo dit Maestre e els frares que les costumes de Tortosa fossen meses en escrit…». P. 2.",relational_reference,"«Con fos pleyt longament estat en la cort de Roma per !frare Amau de Castelnou, Maestre en Aragon s e en Cataluyna, e per los frares de la cavaleria del Temple demanant de la una part, e els ciutadans de la ciutat de Tortosa defenent de l'altra; demanavan lo dit Maestre e els frares que les costumes de Tortosa fossen meses en escrit…». P. 2.",P. 2,P. 2,same_work,Ibid.:,mention-0482,,,korneeva-institution-019,korneeva-institution-019,korneeva-institution-019,resolved_relation,same_work_previous_citation,1.0,,,,
mention-0484,ИСТОЧНИК_ВЕРСИЯ_3.docx,132,132,1,Ibid.: «les Costumes romanguessen encara massa longues e escures e duptoses…». P. 3.,relational_reference,«les Costumes romanguessen encara massa longues e escures e duptoses…». P. 3.,P. 3,P. 3,same_work,Ibid.:,mention-0483,,,korneeva-institution-019,korneeva-institution-019,korneeva-institution-019,resolved_relation,same_work_previous_citation,1.0,,,,
mention-0485,ИСТОЧНИК_ВЕРСИЯ_3.docx,133,133,1,"Ibid.: «adobar, mudar e abreviar ... a lur discreció». P. 3.",relational_reference,"«adobar, mudar e abreviar ... a lur discreció». P. 3.",P. 3,P. 3,same_work,Ibid.:,mention-0484,,,korneeva-institution-019,korneeva-institution-019,korneeva-institution-019,resolved_relation,same_work_previous_citation,1.0,,,,
mention-0486,ИСТОЧНИК_ВЕРСИЯ_3.docx,134,134,1,"Llibre de les costums generals scrites de la insigne ciutat de Tortosa: ab alguns privilegis, confirmacions e sentencies fahents per a la administració de justicia / ed. J. Amich. Tortosa, 1539. 1 vol.",possible_reference,"Llibre de les costums generals scrites de la insigne ciutat de Tortosa: ab alguns privilegis, confirmacions e sentencies fahents per a la administració de justicia / ed. J. Amich. Tortosa, 1539. 1 vol.",,,,,,,,,korneeva-sources-032,korneeva-sources-032,resolved_explicit,exact_title,0.98,,,,
mention-0487,ИСТОЧНИК_ВЕРСИЯ_3.docx,135,135,1,"Costums de Tortosa; Libre de les costums generals scrites de la insigne ciutat de Tortosa: texto auténtico de siglo XIII que da a luz nuevamente, ilustrado con observaciones crítico-literarias y un copioso vocabulario / ed. B. Oliver y Esteller. Madrid: Impr. de M. Ginesta, 1881.",short_title_reference,"Costums de Tortosa; Libre de les costums generals scrites de la insigne ciutat de Tortosa: texto auténtico de siglo XIII que da a luz nuevamente, ilustrado con observaciones crítico-literarias y un copioso vocabulario / ed. B. Oliver y Esteller. Madrid: Impr. de M. Ginesta, 1881.",,,,,,,,,korneeva-sources-015,korneeva-sources-015,resolved_explicit,source_family_unique,0.97,,,costums_de_tortosa,
mention-0488,ИСТОЧНИК_ВЕРСИЯ_3.docx,136,136,1,"Libre de les costums escrites de la ciutat de Tortosa: texto catalán (auténtico) enriquecido con las variantes de códices anteriores al siglo XV / ed. R. Foguet. Barcelona: C. Verdaguer, 1878–1881.",possible_reference,"Libre de les costums escrites de la ciutat de Tortosa: texto catalán (auténtico) enriquecido con las variantes de códices anteriores al siglo XV / ed. R. Foguet. Barcelona: C. Verdaguer, 1878–1881.",,,,,,,,,korneeva-sources-030,korneeva-sources-030,resolved_explicit,exact_title,0.98,,,,
mention-0489,ИСТОЧНИК_ВЕРСИЯ_3.docx,137,137,1,"Código de las costumbres escritas de Tortosa a doble texto, traducido al castellano del más auténtico ejemplar catalán / ed. R. Foguet; continuada por J. Foguet Marsal. Tortosa: Impr. Querol, 1912.",possible_reference,"Código de las costumbres escritas de Tortosa a doble texto, traducido al castellano del más auténtico ejemplar catalán / ed. R. Foguet; continuada por J. Foguet Marsal. Tortosa: Impr. Querol, 1912.",,,,,,,,,korneeva-sources-016,korneeva-sources-016,resolved_explicit,exact_title,0.98,,,,
mention-0490,ИСТОЧНИК_ВЕРСИЯ_3.docx,138,138,1,"Libro de las Costumbres Generales Escritas de la Insigne Ciudad de Tortosa: texto auténtico del siglo XIII / ed. F. J. Gas Carpio. Tortosa: La Voz del Bajo Ebro, 1956–1958.",full_reference,"Libro de las Costumbres Generales Escritas de la Insigne Ciudad de Tortosa: texto auténtico del siglo XIII / ed. F. J. Gas Carpio. Tortosa: La Voz del Bajo Ebro, 1956–1958.",,,,,,,,,korneeva-sources-031,korneeva-sources-031,resolved_explicit,exact_title,0.98,,,,
mention-0491,ИСТОЧНИК_ВЕРСИЯ_3.docx,139,139,1,"Consuetudines Dertosae: VII centenari 1272–1972 (“Llibre de les costums de Tortosa”) / pról. J. Massip i Fonollosa. Tarragona: Institut d’Estudis Tarraconenses Ramon Berenguer IV, 1972.",full_reference,"Consuetudines Dertosae: VII centenari 1272–1972 (“Llibre de les costums de Tortosa”) / pról. J. Massip i Fonollosa. Tarragona: Institut d’Estudis Tarraconenses Ramon Berenguer IV, 1972.",,,,,,,,,korneeva-sources-009,korneeva-sources-009,resolved_explicit,exact_title,0.98,,,,
mention-0492,ИСТОЧНИК_ВЕРСИЯ_3.docx,140,140,1,Curto Homedes A. Els Costums de Tortosa. Els diferents manuscrits i edicions // Revista de Dret Històric Català. 2023. Vol. 22. P. 109.,full_reference,Curto Homedes A. Els Costums de Tortosa. Els diferents manuscrits i edicions // Revista de Dret Històric Català. 2023. Vol. 22. P. 109.,Vol. 22; P. 109,Vol. 22; P. 109,,,,,,,korneeva-research-220,korneeva-research-220,resolved_explicit,exact_title,0.98,,,,
mention-0493,ИСТОЧНИК_ВЕРСИЯ_3.docx,141,141,1,"Costums de Tortosa / ed. crít. J. Massip i Fonollosa. Barcelona: Fundació Noguera, 1996.",full_reference,"Costums de Tortosa / ed. crít. J. Massip i Fonollosa. Barcelona: Fundació Noguera, 1996.",,,,,,,,,work-family-costums_de_tortosa,korneeva-sources-005;korneeva-sources-014,resolved_work_edition_ambiguous,work_resolved_edition_ambiguous,0.9,,,costums_de_tortosa,
mention-0494,ИСТОЧНИК_ВЕРСИЯ_3.docx,142,142,1,"Calzada González M. A. El principio ei incumbit probatio qui dicit, non qui negat y su recepción en Les Furs de Valencia y en Les Costums de Tortosa // La prueba y medios de prueba. De Roma al derecho moderno. Madrid: Universidad Rey Juan Carlos, Servicio de Publicaciones, 2000. P. 109–120.",full_reference,"Calzada González M. A. El principio ei incumbit probatio qui dicit, non qui negat y su recepción en Les Furs de Valencia y en Les Costums de Tortosa // La prueba y medios de prueba. De Roma al derecho moderno. Madrid: Universidad Rey Juan Carlos, Servicio de Publicaciones, 2000. P. 109–120.",P. 109–120,P. 109–120,,,,,,,korneeva-research-212,korneeva-research-212,resolved_explicit,exact_title,0.98,,,,
mention-0495,ИСТОЧНИК_ВЕРСИЯ_3.docx,143,143,1,Более подробно об историческом контексте см.,commentary,Более подробно об историческом контексте см.,,,,,,,,,,,not_bibliographic,commentary_or_internal_cross_reference,,,,,
mention-0496,ИСТОЧНИК_ВЕРСИЯ_3.docx,143,143,2,"Кучумов В.А. Кортесы Арагона и Каталонии: генезис и специфика // Проблемы испанской истории [Текст] : сб / под ред. Пожарская С.П. Москва: Наука, 1992. С. 146–147.",full_reference,"Кучумов В.А. Кортесы Арагона и Каталонии: генезис и специфика // Проблемы испанской истории [Текст] : сб / под ред. Пожарская С.П. Москва: Наука, 1992. С. 146–147.",С. 146–147,С. 146–147,,,,,,,korneeva-research-070,korneeva-research-070,resolved_explicit,exact_title,0.98,,,,
mention-0497,ИСТОЧНИК_ВЕРСИЯ_3.docx,144,144,1,Recognoverunt proceres. I.: «…antiqui et sapientes in iure…». P. 590.,short_title_reference,Recognoverunt proceres. I.: «…antiqui et sapientes in iure…». P. 590.,P. 590,P. 590,,,,,,,korneeva-sources-034,korneeva-sources-034,resolved_explicit,source_family_unique,0.97,,,recognoverunt_proceres,
mention-0498,ИСТОЧНИК_ВЕРСИЯ_3.docx,145,145,1,Archivo de la Corona de Aragón. Cancillería. Consell de Cent. Pergaminos. Núm. 5131.,short_title_reference,Archivo de la Corona de Aragón. Cancillería. Consell de Cent. Pergaminos. Núm. 5131.,Núm. 5131.,Núm. 5131.,,,,,,,korneeva-institution-020,korneeva-institution-020,resolved_explicit,explicit_archival_repository_and_shelfmark,1.0,,,,
mention-0499,ИСТОЧНИК_ВЕРСИЯ_3.docx,146,146,1,Real Biblioteca del Monasterio de El Escorial. Sign. O-I-12. Fols. 17–33.,possible_reference,Real Biblioteca del Monasterio de El Escorial. Sign. O-I-12. Fols. 17–33.,,,,,,,,,korneeva-institution-021,korneeva-institution-021,resolved_explicit,explicit_archival_repository_and_shelfmark,1.0,,,,
mention-0500,ИСТОЧНИК_ВЕРСИЯ_3.docx,147,147,1,Archivo Histórico de la Ciudad de Barcelona. Pergaminos Municipales. 1A-105.,possible_reference,Archivo Histórico de la Ciudad de Barcelona. Pergaminos Municipales. 1A-105.,,,,,,,,,korneeva-institution-022,korneeva-institution-022,resolved_explicit,explicit_archival_repository_and_shelfmark,1.0,,,,
mention-0501,ИСТОЧНИК_ВЕРСИЯ_3.docx,148,148,1,"Constitucions y altres drets de Cathalunya, compilats en virtut del capitol de cort LXXXII de las Corts per la S. C. y R. Majestat del Rey Don Philip IV, Nostre Senyor, celebradas en la Ciutat de Barcelona any M. DCCII. Barcelona: Casa de Joan Pau Martí y Joseph Llopis Estampers, 1704. Vol. 2. Lib. 1. Tit. 13. P. 39–51.",full_reference,"Constitucions y altres drets de Cathalunya, compilats en virtut del capitol de cort LXXXII de las Corts per la S. C. y R. Majestat del Rey Don Philip IV, Nostre Senyor, celebradas en la Ciutat de Barcelona any M. DCCII. Barcelona: Casa de Joan Pau Martí y Joseph Llopis Estampers, 1704. Vol. 2. Lib. 1. Tit. 13. P. 39–51.",Vol. 2; P. 39–51,Vol. 2; P. 39–51,,,,,,,korneeva-sources-008,korneeva-sources-008,resolved_explicit,exact_title,0.98,,,,
mention-0502,ИСТОЧНИК_ВЕРСИЯ_3.docx,149,149,1,"Recognoverunt proceres. Versión medieval catalana del privilegio así llamado / ed. J. Rovira. Barcelona: Departamento de Historia del Derecho de la Universidad de Barcelona, 1927.",full_reference,"Recognoverunt proceres. Versión medieval catalana del privilegio así llamado / ed. J. Rovira. Barcelona: Departamento de Historia del Derecho de la Universidad de Barcelona, 1927.",,,,,,,,,korneeva-sources-035,korneeva-sources-035,resolved_explicit,source_family_unique,0.97,,,recognoverunt_proceres,
mention-0503,ИСТОЧНИК_ВЕРСИЯ_3.docx,150,150,1,"Valls i Taberner F. Les consuetuds i franqueses de Barcelona de 1284, o “Recognoverunt proceres” // Revista de Catalunya. 1927. No. 39. P. 248–254.",full_reference,"Valls i Taberner F. Les consuetuds i franqueses de Barcelona de 1284, o “Recognoverunt proceres” // Revista de Catalunya. 1927. No. 39. P. 248–254.",No. 39.; P. 248–254,No. 39.; P. 248–254,,,,,,,korneeva-footnote-010,korneeva-footnote-010,resolved_explicit,exact_title,0.98,,,,
mention-0504,ИСТОЧНИК_ВЕРСИЯ_3.docx,151,151,1,"Privilegios reales concedidos a la ciudad de Barcelona / ed. A. M. Aragó, M. M. Costa. Barcelona: Archivo de la Corona de Aragón, 1971. Vol. 43. P. 8–17.",full_reference,"Privilegios reales concedidos a la ciudad de Barcelona / ed. A. M. Aragó, M. M. Costa. Barcelona: Archivo de la Corona de Aragón, 1971. Vol. 43. P. 8–17.",Vol. 43; P. 8–17,Vol. 43; P. 8–17,,,,,,,korneeva-sources-033,korneeva-sources-033,resolved_explicit,exact_title,0.98,,,,
mention-0505,ИСТОЧНИК_ВЕРСИЯ_3.docx,152,152,1,"Recognoverunt proceres. 1283, enero, 11. Barcelona // Leyes Históricas de Cataluña. Madrid: Agencia Estatal Boletín Oficial del Estado, 2024. Vol. 2: Apéndices. P. 589–617. (В дальнейшем цитируется по этому изданию).",full_reference,"Recognoverunt proceres. 1283, enero, 11. Barcelona // Leyes Históricas de Cataluña. Madrid: Agencia Estatal Boletín Oficial del Estado, 2024. Vol. 2: Apéndices. P. 589–617. (В дальнейшем цитируется по этому изданию).",Vol. 2: Apéndices; P. 589–617,Vol. 2: Apéndices; P. 589–617,,,,,,,korneeva-sources-034,korneeva-sources-034,resolved_explicit,source_family_unique,0.97,,,recognoverunt_proceres,
mention-0506,ИСТОЧНИК_ВЕРСИЯ_3.docx,153,153,1,"Justícia i resolució de conflictes a la Catalunya medieval. Col·lecció diplomàtica. Segles IX–XI / dir. J. M. Salrach i Marès, T. de Montagut i Estragués. Barcelona: Parlament de Catalunya: Departament de Justícia de la Generalitat de Catalunya, 2018. (Textos Jurídics Catalans; 37. Documents; 2); Justícia i resolució de conflictes a la Catalunya medieval. Col·lecció diplomàtica. Segle XII / dir. J. M. Salrach i Marès, T. de Montagut i Estragués. Barcelona, 2024. (Textos Jurídics Catalans; 38. Documents; 2/3).",full_reference,"Justícia i resolució de conflictes a la Catalunya medieval. Col·lecció diplomàtica. Segles IX–XI / dir. J. M. Salrach i Marès, T. de Montagut i Estragués. Barcelona: Parlament de Catalunya: Departament de Justícia de la Generalitat de Catalunya, 2018. (Textos Jurídics Catalans; 37. Documents; 2); Justícia i resolució de conflictes a la Catalunya medieval. Col·lecció diplomàtica. Segle XII / dir. J. M. Salrach i Marès, T. de Montagut i Estragués. Barcelona, 2024. (Textos Jurídics Catalans; 38. Documents; 2/3).",,,,,,,,,korneeva-sources-025,korneeva-sources-025,resolved_explicit,source_family_unique,0.97,,,justicia_i_resolucio,
mention-0507,ИСТОЧНИК_ВЕРСИЯ_3.docx,154,154,1,"Варьяш О.И. Проблемы социализации индивида // Она же. Пиренейские тетради: право, общество, власть и человек в средние века. Москва: Наука, 2006. С. 33.",full_reference,"Варьяш О.И. Проблемы социализации индивида // Она же. Пиренейские тетради: право, общество, власть и человек в средние века. Москва: Наука, 2006. С. 33.",С. 33,С. 33,,,,,,,korneeva-research-037,korneeva-research-037,resolved_explicit,token_overlap,0.826,,,,
mention-0508,ИСТОЧНИК_ВЕРСИЯ_3.docx,155,155,1,"Варьяш И.И. Сарацины под властью арагонских королей: исследование правового пространства XIV в. Санкт-Петербург: Евразия Clio, 2016. С. 11.",full_reference,"Варьяш И.И. Сарацины под властью арагонских королей: исследование правового пространства XIV в. Санкт-Петербург: Евразия Clio, 2016. С. 11.",С. 11,С. 11,,,,,,,korneeva-research-032,korneeva-research-032,resolved_explicit,exact_title,0.98,,,,
mention-0509,ИСТОЧНИК_ВЕРСИЯ_3.docx,156,156,1,"Justícia i resolució de conflictes a la Catalunya medieval. Col·lecció diplomàtica. Segle XII / dir. J. M. Salrach i Marès, T. de Montagut i Estragués. Barcelona, 2024. P. XIV.",short_title_reference,"Justícia i resolució de conflictes a la Catalunya medieval. Col·lecció diplomàtica. Segle XII / dir. J. M. Salrach i Marès, T. de Montagut i Estragués. Barcelona, 2024. P. XIV.",,,,,,,,,korneeva-sources-025,korneeva-sources-025,resolved_explicit,source_family_unique,0.97,,,justicia_i_resolucio,
mention-0510,ИСТОЧНИК_ВЕРСИЯ_3.docx,157,157,1,"Justícia i resolució de conflictes a la Catalunya medieval. Col·lecció diplomàtica. Segle XII / dir. J.M. Salrach i Marès, T. de Montagut i Estragués. Barcelona, 2024. P. XIII.",short_title_reference,"Justícia i resolució de conflictes a la Catalunya medieval. Col·lecció diplomàtica. Segle XII / dir. J.M. Salrach i Marès, T. de Montagut i Estragués. Barcelona, 2024. P. XIII.",,,,,,,,,korneeva-sources-025,korneeva-sources-025,resolved_explicit,source_family_unique,0.97,,,justicia_i_resolucio,
mention-0511,ИСТОЧНИК_ВЕРСИЯ_3.docx,158,158,1,"Justícia i resolució de conflictes a la Catalunya medieval. Col·lecció diplomàtica. Segle XII / dir. J.M. Salrach i Marès, T. de Montagut i Estragués. Barcelona, 2024. P. XIII.",short_title_reference,"Justícia i resolució de conflictes a la Catalunya medieval. Col·lecció diplomàtica. Segle XII / dir. J.M. Salrach i Marès, T. de Montagut i Estragués. Barcelona, 2024. P. XIII.",,,,,,,,,korneeva-sources-025,korneeva-sources-025,resolved_explicit,source_family_unique,0.97,,,justicia_i_resolucio,
mention-0512,ИСТОЧНИК_ВЕРСИЯ_3.docx,159,159,1,"Варьяш И.И. Сарацины под властью арагонских королей: исследование правового пространства XIV в. Санкт-Петербург: Евразия Clio, 2016. С. 13.",full_reference,"Варьяш И.И. Сарацины под властью арагонских королей: исследование правового пространства XIV в. Санкт-Петербург: Евразия Clio, 2016. С. 13.",С. 13,С. 13,,,,,,,korneeva-research-032,korneeva-research-032,resolved_explicit,exact_title,0.98,,,,
mention-0513,ИСТОЧНИК_ВЕРСИЯ_3.docx,160,160,1,"Bonnassie P. La Catalogne du milieu du Xe à la fin du XIe siècle. Croissance et mutations d’une société. Toulouse, 1975. T. 1. P. 23–25.",full_reference,"Bonnassie P. La Catalogne du milieu du Xe à la fin du XIe siècle. Croissance et mutations d’une société. Toulouse, 1975. T. 1. P. 23–25.",P. 23–25,P. 23–25,,,,,,,korneeva-research-202,korneeva-research-202,resolved_explicit,exact_title,0.98,,,,
mention-0514,ИСТОЧНИК_ВЕРСИЯ_3.docx,161,161,1,"Филиппов И.С. Рукописи не горят: проблемы реконструкции погибших архивов и возможности расширения базы источников по истории Средневековья // Как мы пишем историю? М., 2013. С. 199–202",full_reference,"Филиппов И.С. Рукописи не горят: проблемы реконструкции погибших архивов и возможности расширения базы источников по истории Средневековья // Как мы пишем историю? М., 2013. С. 199–202",С. 199–202,С. 199–202,,,,,,,korneeva-footnote-125,korneeva-footnote-125,new_footnote_only_record,new_footnote_only_record,0.9,,,,
mention-0515,КОНТЕКСТ_ВЕРСИЯ_3.docx,1,1,1,"Арский И.В. Очерки по истории средневековой Каталонии до соединения с Арагоном. (VIII–XII века). Л.: Ленингр. гос. ун-т, 1941. С. 6.",full_reference,"Арский И.В. Очерки по истории средневековой Каталонии до соединения с Арагоном. (VIII–XII века). Л.: Ленингр. гос. ун-т, 1941. С. 6.",С. 6,С. 6,,,,,,,korneeva-research-003,korneeva-research-003,resolved_explicit,exact_title,0.98,,,,
mention-0516,КОНТЕКСТ_ВЕРСИЯ_3.docx,2,2,1,Название Каталония появилось относительно поздно и датируется приблизительно 2-й половиной XI– началом XII вв.:,commentary,Название Каталония появилось относительно поздно и датируется приблизительно 2-й половиной XI– началом XII вв.:,,,,,,,,,,,not_bibliographic,commentary_or_internal_cross_reference,,,,,
mention-0517,КОНТЕКСТ_ВЕРСИЯ_3.docx,2,2,2,Арский И.В. Указ. соч. С. 6,relational_reference,С. 6,С. 6,С. 6,op_cit,Указ. соч.,mention-0515,Арский И.В,,korneeva-research-003,korneeva-research-003,korneeva-research-003,resolved_relation,op_cit_nearest_prior_work_by_author,0.95,,,,
mention-0518,КОНТЕКСТ_ВЕРСИЯ_3.docx,2,2,3,"Мильская Л.Т. Очерки из истории деревни в Каталонии X-XII вв. М.: Изд-во Акад. наук СССР, 1962. С. 4",full_reference,"Мильская Л.Т. Очерки из истории деревни в Каталонии X-XII вв. М.: Изд-во Акад. наук СССР, 1962. С. 4",Т. Очерки из истории деревни в Каталонии X-XII вв; С. 4,Т. Очерки из истории деревни в Каталонии X-XII вв; С. 4,,,,,,,korneeva-research-083,korneeva-research-083,resolved_explicit,exact_title,0.98,,,,
mention-0519,КОНТЕКСТ_ВЕРСИЯ_3.docx,2,2,4,"Варьяш И.И., Астахов М.А. Арагон, Каталония и Наварра в VIII–XI вв. // История Испании / под ред. В.А. Ведюшкина, Г.А. Поповой. М.: «Индрик», 2012. Т. 1. С. 219–220",full_reference,"Варьяш И.И., Астахов М.А. Арагон, Каталония и Наварра в VIII–XI вв. // История Испании / под ред. В.А. Ведюшкина, Г.А. Поповой. М.: «Индрик», 2012. Т. 1. С. 219–220",Т. 1; С. 219–220,Т. 1; С. 219–220,,,,,,,korneeva-footnote-126,korneeva-footnote-126,new_footnote_only_record,new_footnote_only_record,0.9,,,,
mention-0520,КОНТЕКСТ_ВЕРСИЯ_3.docx,2,2,5,"Sabaté i Curull F. L’origen medieval de la identitat catalana // Anàlisi històrica de la identitat catalana. [Barcelona]: Institut d’Estudis Catalans, 2015. P. 25",full_reference,"Sabaté i Curull F. L’origen medieval de la identitat catalana // Anàlisi històrica de la identitat catalana. [Barcelona]: Institut d’Estudis Catalans, 2015. P. 25",P. 25,P. 25,,,,,,,korneeva-footnote-127,korneeva-footnote-127,new_footnote_only_record,new_footnote_only_record,0.9,,,,
mention-0521,КОНТЕКСТ_ВЕРСИЯ_3.docx,2,2,6,Salrach J.M. Orígens i transformacions de la senyoria a Catalunya (segles IX–XIII) // Revista d’historia medieval. 1997. № 8. P. 28 и др.,full_reference,Salrach J.M. Orígens i transformacions de la senyoria a Catalunya (segles IX–XIII) // Revista d’historia medieval. 1997. № 8. P. 28 и др.,P. 28,P. 28,,,,,,,korneeva-footnote-128,korneeva-footnote-128,new_footnote_only_record,new_footnote_only_record,0.9,,,,
mention-0522,КОНТЕКСТ_ВЕРСИЯ_3.docx,3,3,1,"Варьяш И.И., Астахов М.А. Арагон, Каталония и Наварра в VIII–XI вв. // История Испании / под ред. В.А. Ведюшкина, Г.А. Поповой. М.: «Индрик», 2012. Т. 1. С. 221.",full_reference,"Варьяш И.И., Астахов М.А. Арагон, Каталония и Наварра в VIII–XI вв. // История Испании / под ред. В.А. Ведюшкина, Г.А. Поповой. М.: «Индрик», 2012. Т. 1. С. 221.",Т. 1; С. 221,Т. 1; С. 221,,,,,,,korneeva-footnote-126,korneeva-footnote-126,resolved_explicit,exact_title,0.98,,,,
mention-0523,КОНТЕКСТ_ВЕРСИЯ_3.docx,4,4,1,Bisson T.N. Feudalism in Twelfth-Century Catalonia // Publications de l’École française de Rome. 1980. Т. 44. № 1. P. 186.,full_reference,Bisson T.N. Feudalism in Twelfth-Century Catalonia // Publications de l’École française de Rome. 1980. Т. 44. № 1. P. 186.,Т. 44; P. 186,Т. 44; P. 186,,,,,,,korneeva-research-192,korneeva-research-192,resolved_explicit,exact_title,0.98,,,,
mention-0524,КОНТЕКСТ_ВЕРСИЯ_3.docx,5,5,1,"Здесь и далее имена графов Барселонских и правителей Барселонского дома передаются преимущественно в каталанской форме, а не в латинизированной или кастильской традиции: Рамон Беренгер (а не Раймунд Беренгарий), Жауме (а не Хайме), Пере (а не Педро или Пётр) и т.д.",commentary,"Здесь и далее имена графов Барселонских и правителей Барселонского дома передаются преимущественно в каталанской форме, а не в латинизированной или кастильской традиции: Рамон Беренгер (а не Раймунд Беренгарий), Жауме (а не Хайме), Пере (а не Педро или Пётр) и т.д.",т.д,т.д,,,,,,,,,not_bibliographic,commentary_or_internal_cross_reference,,,,,
mention-0525,КОНТЕКСТ_ВЕРСИЯ_3.docx,6,6,1,"Варьяш И.И., Астахов М.А. Арагон, Каталония и Наварра в VIII–XI вв. // История Испании / под ред. В.А. Ведюшкина, Г.А. Поповой. М.: «Индрик», 2012. Т. 1. С. 219–220.",full_reference,"Варьяш И.И., Астахов М.А. Арагон, Каталония и Наварра в VIII–XI вв. // История Испании / под ред. В.А. Ведюшкина, Г.А. Поповой. М.: «Индрик», 2012. Т. 1. С. 219–220.",Т. 1; С. 219–220,Т. 1; С. 219–220,,,,,,,korneeva-footnote-126,korneeva-footnote-126,resolved_explicit,exact_title,0.98,,,,
mention-0526,КОНТЕКСТ_ВЕРСИЯ_3.docx,7,7,1,Там же. С. 222.,relational_reference,С. 222.,С. 222,С. 222,same_work,Там же.,mention-0525,,"Варьяш, И",korneeva-footnote-126,korneeva-footnote-126,korneeva-footnote-126,resolved_relation,same_work_previous_citation,1.0,,,,
mention-0527,КОНТЕКСТ_ВЕРСИЯ_3.docx,8,8,1,"Л.Т. Мильская отмечала, что этимология названия Каталония весьма спорна, и появляется это обозначение не ранее XI в.:",commentary,"Л.Т. Мильская отмечала, что этимология названия Каталония весьма спорна, и появляется это обозначение не ранее XI в.:","Т. Мильская отмечала, что этимология названия Каталония весьма спорна, и появляется это обозначение не ранее XI в","Т. Мильская отмечала, что этимология названия Каталония весьма спорна, и появляется это обозначение не ранее XI в",,,,,,,,,not_bibliographic,commentary_or_internal_cross_reference,,,,,
mention-0528,КОНТЕКСТ_ВЕРСИЯ_3.docx,8,8,2,"Мильская Л.Т. К вопросу о структуре господствующего класса в Каталонии X–XII вв. // Средние века. Вып. 47. М.: Наука, 1984. С. 22.",full_reference,"Мильская Л.Т. К вопросу о структуре господствующего класса в Каталонии X–XII вв. // Средние века. Вып. 47. М.: Наука, 1984. С. 22.",Т. К вопросу о структуре господствующего класса в Каталонии X–XII вв; Вып. 47; С. 22,Т. К вопросу о структуре господствующего класса в Каталонии X–XII вв; Вып. 47; С. 22,,,,,,,korneeva-research-081,korneeva-research-081,resolved_explicit,exact_title,0.98,,,,
mention-0529,КОНТЕКСТ_ВЕРСИЯ_3.docx,9,9,1,"Варьяш И.И., Астахов М.А. Каталония и Арагон в XI–XIV вв. // История Испании / под ред. В.А. Ведюшкина, Г.А. Поповой. М.: «Индрик», 2012. Т. 1. С. 261",full_reference,"Варьяш И.И., Астахов М.А. Каталония и Арагон в XI–XIV вв. // История Испании / под ред. В.А. Ведюшкина, Г.А. Поповой. М.: «Индрик», 2012. Т. 1. С. 261",Т. 1; С. 261,Т. 1; С. 261,,,,,,,korneeva-footnote-126,korneeva-footnote-126,resolved_explicit,token_overlap,0.849,,,,
mention-0530,КОНТЕКСТ_ВЕРСИЯ_3.docx,9,9,2,"Aurell M. Les noces du comte: mariage et pouvoir en Catalogne (785–1213). Paris: Publications de la Sorbonne, 1995. P. 271.",full_reference,"Aurell M. Les noces du comte: mariage et pouvoir en Catalogne (785–1213). Paris: Publications de la Sorbonne, 1995. P. 271.",P. 271,P. 271,,,,,,,korneeva-research-176,korneeva-research-176,resolved_explicit,exact_title,0.98,,,,
mention-0531,КОНТЕКСТ_ВЕРСИЯ_3.docx,10,10,1,"Тайфы (араб. طائفة (ṭāʾifa) — «группа», «сторона», «партия»)— мусульманские государственные образования, возникшие на территории аль-Андалуса в результате распада Кордовского халифата и со временем достигшие фактической самостоятельности. См.",commentary,"Тайфы (араб. طائفة (ṭāʾifa) — «группа», «сторона», «партия»)— мусульманские государственные образования, возникшие на территории аль-Андалуса в результате распада Кордовского халифата и со временем достигшие фактической самостоятельности. См.",,,,,,,,,,,not_bibliographic,commentary_or_internal_cross_reference,,,,,
mention-0532,КОНТЕКСТ_ВЕРСИЯ_3.docx,10,10,2,"Варьяш И.И. Очерк политической истории // История Испании / под ред. В.А. Ведюшкина, Г.А. Поповой. М.: «Индрик», 2012. Т. 1. С. 135",full_reference,"Варьяш И.И. Очерк политической истории // История Испании / под ред. В.А. Ведюшкина, Г.А. Поповой. М.: «Индрик», 2012. Т. 1. С. 135",Т. 1; С. 135,Т. 1; С. 135,,,,,,,korneeva-research-047,korneeva-research-047,resolved_explicit,token_overlap,0.622,,,,
mention-0533,КОНТЕКСТ_ВЕРСИЯ_3.docx,10,10,3,Taifa // Gran Enciclopèdia Catalana. Enciclopèdia.cat. URL: https://www.enciclopedia.cat/gran-enciclopedia-catalana/taifa-0 (дата обращения: 16.05.2026).,full_reference,Taifa // Gran Enciclopèdia Catalana. Enciclopèdia.cat. URL: https://www.enciclopedia.cat/gran-enciclopedia-catalana/taifa-0 (дата обращения: 16.05.2026).,,,,,,,,,korneeva-footnote-129,korneeva-footnote-129,new_footnote_only_record,new_footnote_only_record,0.9,,,,
mention-0534,КОНТЕКСТ_ВЕРСИЯ_3.docx,11,11,1,"Варьяш И.И., Астахов М.А. Арагон, Каталония и Наварра в VIII–XI вв. // История Испании / под ред. В.А. Ведюшкина, Г.А. Поповой. М.: «Индрик», 2012. Т. 1. С. 222;",full_reference,"Варьяш И.И., Астахов М.А. Арагон, Каталония и Наварра в VIII–XI вв. // История Испании / под ред. В.А. Ведюшкина, Г.А. Поповой. М.: «Индрик», 2012. Т. 1. С. 222;",Т. 1; С. 222,Т. 1; С. 222,,,,,,,korneeva-footnote-126,korneeva-footnote-126,resolved_explicit,exact_title,0.98,,,,
mention-0535,КОНТЕКСТ_ВЕРСИЯ_3.docx,12,12,1,Там же. С. 265,relational_reference,С. 265,С. 265,С. 265,same_work,Там же.,mention-0534,,"Варьяш, И",korneeva-footnote-126,korneeva-footnote-126,korneeva-footnote-126,resolved_relation,same_work_previous_citation,1.0,,,,
mention-0536,КОНТЕКСТ_ВЕРСИЯ_3.docx,12,12,2,"Филиппов И.С. Средиземноморская Франция в раннее средневековье: Проблема становления феодализма. М.: Скрипторий, 2000. С. 201.",full_reference,"Филиппов И.С. Средиземноморская Франция в раннее средневековье: Проблема становления феодализма. М.: Скрипторий, 2000. С. 201.",С. 201,С. 201,,,,,,,korneeva-research-142,korneeva-research-142,resolved_explicit,exact_title,0.98,,,,
mention-0537,КОНТЕКСТ_ВЕРСИЯ_3.docx,13,13,1,Bisson T. N. Feudalism in Twelfth-Century Catalonia // Publications de l’École française de Rome. 1980. Т. 44. № 1. P. 186,full_reference,Bisson T. N. Feudalism in Twelfth-Century Catalonia // Publications de l’École française de Rome. 1980. Т. 44. № 1. P. 186,Т. 44; P. 186,Т. 44; P. 186,,,,,,,korneeva-research-192,korneeva-research-192,resolved_explicit,exact_title,0.98,,,,
mention-0538,КОНТЕКСТ_ВЕРСИЯ_3.docx,13,13,2,"Idem. The Problem of Feudal Monarchy: Aragon, Catalonia, and France // Speculum. 1978. Т. 53, Vol. 3. P. 464.",full_reference,"The Problem of Feudal Monarchy: Aragon, Catalonia, and France // Speculum. 1978. Т. 53, Vol. 3. P. 464.","Т. 53, Vol; P. 464","Т. 53, Vol; P. 464",same_author,Idem.,mention-0537,,"Bisson, T",,korneeva-research-195,korneeva-research-195,resolved_explicit,exact_title,0.98,,,,
mention-0539,КОНТЕКСТ_ВЕРСИЯ_3.docx,14,14,1,"Idem. The Problem of Feudal Monarchy: Aragon, Catalonia, and France // Speculum. [Medieval Academy of America, Cambridge: Cambridge University Press, Chicago: University of Chicago Press], 1978. Т. 53, Vol. 3. P. 467.",full_reference,"The Problem of Feudal Monarchy: Aragon, Catalonia, and France // Speculum. [Medieval Academy of America, Cambridge: Cambridge University Press, Chicago: University of Chicago Press], 1978. Т. 53, Vol. 3. P. 467.","Т. 53, Vol; P. 467","Т. 53, Vol; P. 467",same_author,Idem.,mention-0538,,"Bisson, T",,korneeva-research-195,korneeva-research-195,resolved_explicit,exact_title,0.98,,,,
mention-0540,КОНТЕКСТ_ВЕРСИЯ_3.docx,15,15,1,Guinot i Rodríguez E. The expansion of a European feudal monarchy during the 13th Century: the Catalan-Aragonese Crown and the consequences of the conquest of the kingdoms of Majorca and Valencia // Catalan Historical Review. 2009. Núm. 2. P. 37–38.,full_reference,Guinot i Rodríguez E. The expansion of a European feudal monarchy during the 13th Century: the Catalan-Aragonese Crown and the consequences of the conquest of the kingdoms of Majorca and Valencia // Catalan Historical Review. 2009. Núm. 2. P. 37–38.,Núm. 2.; P. 37–38,Núm. 2.; P. 37–38,,,,,,,korneeva-research-256,korneeva-research-256,resolved_explicit,exact_title,0.98,,,,
mention-0541,КОНТЕКСТ_ВЕРСИЯ_3.docx,16,16,1,"Pacheco Catalán N. Ut sis statoret habitator: La colonización feudal de la Catalunya Nova : la inmigración occitana (siglos XII–XIII). Granada: Universidad de Granada, 2025. P. 22.",full_reference,"Pacheco Catalán N. Ut sis statoret habitator: La colonización feudal de la Catalunya Nova : la inmigración occitana (siglos XII–XIII). Granada: Universidad de Granada, 2025. P. 22.",P. 22,P. 22,,,,,,,korneeva-research-351,korneeva-research-351,resolved_explicit,exact_title,0.98,,,,
mention-0542,КОНТЕКСТ_ВЕРСИЯ_3.docx,17,17,1,"Пере Альберт (1233 – ок. 1261) — каталонский юрист, предположительно получивший образование в Болонском университете, каноник Собора Святого Креста и Святой Евлалии. Известен как автор юридического трактата «Коммеморации», в котором он попытался соединить локальные записи обычного права с римским правовым наследием. Подробнее о нём и его труде см.:",commentary,"Пере Альберт (1233 – ок. 1261) — каталонский юрист, предположительно получивший образование в Болонском университете, каноник Собора Святого Креста и Святой Евлалии. Известен как автор юридического трактата «Коммеморации», в котором он попытался соединить локальные записи обычного права с римским правовым наследием. Подробнее о нём и его труде см.:",,,,,,,,,,,not_bibliographic,commentary_or_internal_cross_reference,,,,,
mention-0543,КОНТЕКСТ_ВЕРСИЯ_3.docx,17,17,2,Ferran i Planas E. El jurista Pere Albert i les «Commemoracions» / ed. T. de Montagut i Estragués. Barcelona: Institut d’Estudis Catalans. 2006. P. 172.,full_reference,Ferran i Planas E. El jurista Pere Albert i les «Commemoracions» / ed. T. de Montagut i Estragués. Barcelona: Institut d’Estudis Catalans. 2006. P. 172.,P. 172,P. 172,,,,,,,korneeva-research-232,korneeva-research-232,resolved_explicit,exact_title,0.98,,,,
mention-0544,КОНТЕКСТ_ВЕРСИЯ_3.docx,18,18,1,Цит. по:,commentary,Цит. по:,,,,,,,,,,,not_bibliographic,commentary_or_internal_cross_reference,,,,,
mention-0545,КОНТЕКСТ_ВЕРСИЯ_3.docx,18,18,2,"Ferran i Planas E. El jurista Pere Albert i les «Commemoracions» / ed. T. de Montagut i Estragués. Barcelona: Institut d’Estudis Catalans, 2006. P. 172.",full_reference,"Ferran i Planas E. El jurista Pere Albert i les «Commemoracions» / ed. T. de Montagut i Estragués. Barcelona: Institut d’Estudis Catalans, 2006. P. 172.",P. 172,P. 172,,,,,,,korneeva-research-232,korneeva-research-232,resolved_explicit,exact_title,0.98,,,,
mention-0546,КОНТЕКСТ_ВЕРСИЯ_3.docx,19,19,1,Sabaté i Curull F. La noció d’Espanya a la Catalunya medieval // Acta historica et archaeologica mediaevalia. 1998. P. 375–390,full_reference,Sabaté i Curull F. La noció d’Espanya a la Catalunya medieval // Acta historica et archaeologica mediaevalia. 1998. P. 375–390,P. 375–390,P. 375–390,,,,,,,korneeva-footnote-130,korneeva-footnote-130,new_footnote_only_record,new_footnote_only_record,0.9,,,,
mention-0547,КОНТЕКСТ_ВЕРСИЯ_3.docx,19,19,2,Virgili i Colet A. Gent nova. La colonització feudal de la Catalunya Nova (segles XII–XIII) // Butlletí de la Societat Catalana d’Estudis Històrics. 2010. Т. 21. P. 100.,full_reference,Virgili i Colet A. Gent nova. La colonització feudal de la Catalunya Nova (segles XII–XIII) // Butlletí de la Societat Catalana d’Estudis Històrics. 2010. Т. 21. P. 100.,Т. 21; P. 100,Т. 21; P. 100,,,,,,,korneeva-research-418,korneeva-research-418,resolved_explicit,exact_title,0.98,,,,
mention-0548,КОНТЕКСТ_ВЕРСИЯ_3.docx,20,20,1,"Варьяш И.И., Астахов М.А. Каталония и Арагон в XI–XIV вв. // История Испании / под ред. В.А. Ведюшкина, Г.А. Поповой. М.: «Индрик», 2012. Т. 1. С. 277.",full_reference,"Варьяш И.И., Астахов М.А. Каталония и Арагон в XI–XIV вв. // История Испании / под ред. В.А. Ведюшкина, Г.А. Поповой. М.: «Индрик», 2012. Т. 1. С. 277.",Т. 1; С. 277,Т. 1; С. 277,,,,,,,korneeva-footnote-126,korneeva-footnote-126,resolved_explicit,token_overlap,0.849,,,,
mention-0549,КОНТЕКСТ_ВЕРСИЯ_3.docx,21,21,1,Там же. С. 278–279.,relational_reference,С. 278–279.,С. 278–279,С. 278–279,same_work,Там же.,mention-0548,,"Варьяш, И",korneeva-footnote-126,korneeva-footnote-126,korneeva-footnote-126,resolved_relation,same_work_previous_citation,1.0,,,,
mention-0550,КОНТЕКСТ_ВЕРСИЯ_3.docx,22,22,1,Там же. С. 278–279.,relational_reference,С. 278–279.,С. 278–279,С. 278–279,same_work,Там же.,mention-0549,,"Варьяш, И",korneeva-footnote-126,korneeva-footnote-126,korneeva-footnote-126,resolved_relation,same_work_previous_citation,1.0,,,,
mention-0551,КОНТЕКСТ_ВЕРСИЯ_3.docx,23,23,1,Там же. С. 281.,relational_reference,С. 281.,С. 281,С. 281,same_work,Там же.,mention-0550,,"Варьяш, И",korneeva-footnote-126,korneeva-footnote-126,korneeva-footnote-126,resolved_relation,same_work_previous_citation,1.0,,,,
mention-0552,КОНТЕКСТ_ВЕРСИЯ_3.docx,24,24,1,Там же. С. 280.,relational_reference,С. 280.,С. 280,С. 280,same_work,Там же.,mention-0551,,"Варьяш, И",korneeva-footnote-126,korneeva-footnote-126,korneeva-footnote-126,resolved_relation,same_work_previous_citation,1.0,,,,
mention-0553,КОНТЕКСТ_ВЕРСИЯ_3.docx,25,25,1,"Фрязинов С.В. Материалы для изучения фуэрос и поселенных хартий // Средние века. Вып. 22. М.: Наука, 1962. С. 163.",full_reference,"Фрязинов С.В. Материалы для изучения фуэрос и поселенных хартий // Средние века. Вып. 22. М.: Наука, 1962. С. 163.",Вып. 22; С. 163,Вып. 22; С. 163,,,,,,,korneeva-research-144,korneeva-research-144,resolved_explicit,exact_title,0.98,,,,
mention-0554,КОНТЕКСТ_ВЕРСИЯ_3.docx,26,26,1,"Кучумов В.А. Кортесы Арагона и Каталонии: генезис и специфика // Проблемы испанской истории. М.: Наука, 1992. C. 146.",full_reference,"Кучумов В.А. Кортесы Арагона и Каталонии: генезис и специфика // Проблемы испанской истории. М.: Наука, 1992. C. 146.",,,,,,,,,korneeva-research-070,korneeva-research-070,resolved_explicit,exact_title,0.98,,,,
mention-0555,КОНТЕКСТ_ВЕРСИЯ_3.docx,27,27,1,"Варьяш И.И., Астахов М.А. Каталония и Арагон в XI–XIV вв. // История Испании / под ред. В.А. Ведюшкина, Г.А. Поповой. М.: «Индрик», 2012. Т. 1. С. 280.",full_reference,"Варьяш И.И., Астахов М.А. Каталония и Арагон в XI–XIV вв. // История Испании / под ред. В.А. Ведюшкина, Г.А. Поповой. М.: «Индрик», 2012. Т. 1. С. 280.",Т. 1; С. 280,Т. 1; С. 280,,,,,,,korneeva-footnote-126,korneeva-footnote-126,resolved_explicit,token_overlap,0.849,,,,
mention-0556,КОНТЕКСТ_ВЕРСИЯ_3.docx,28,28,1,"Кучумов В.А. Кортесы Арагона и Каталонии: генезис и специфика // Проблемы испанской истории. М.: Наука, 1992. C. 146.",full_reference,"Кучумов В.А. Кортесы Арагона и Каталонии: генезис и специфика // Проблемы испанской истории. М.: Наука, 1992. C. 146.",,,,,,,,,korneeva-research-070,korneeva-research-070,resolved_explicit,exact_title,0.98,,,,
mention-0557,КОНТЕКСТ_ВЕРСИЯ_3.docx,29,29,1,Подробнее см. раздел «Источниковедение» настоящей работы.,commentary,Подробнее см. раздел «Источниковедение» настоящей работы.,,,,,,,,,,,not_bibliographic,commentary_or_internal_cross_reference,,,,,
mention-0558,КОНТЕКСТ_ВЕРСИЯ_3.docx,30,30,1,"Варьяш И.И., Астахов М.А. Каталония и Арагон в XI–XIV вв. // История Испании / под ред. В.А. Ведюшкина, Г.А. Поповой. М.: «Индрик», 2012. Т. 1. С. 282. Например, часть Тортосы после её отвоевания находилась в юрисдикции духовно-рыцарских орденов (тамплиеров, и наиболее важным должностным лицом для них являлся магистр ордена).",full_reference,"Варьяш И.И., Астахов М.А. Каталония и Арагон в XI–XIV вв. // История Испании / под ред. В.А. Ведюшкина, Г.А. Поповой. М.: «Индрик», 2012. Т. 1. С. 282. Например, часть Тортосы после её отвоевания находилась в юрисдикции духовно-рыцарских орденов (тамплиеров, и наиболее важным должностным лицом для них являлся магистр ордена).",Т. 1; С. 282,Т. 1; С. 282,,,,,,,korneeva-footnote-131,korneeva-footnote-131,new_footnote_only_record,new_footnote_only_record,0.9,,,,
mention-0559,КОНТЕКСТ_ВЕРСИЯ_3.docx,30,30,2,"Варьяш И.И. Потестарные институты и должности в Испании в V–XV вв. // Властные институты и должности в Европе в Средние века и раннее Новое время. М.: КДУ, 2011. С. 417.",full_reference,"Варьяш И.И. Потестарные институты и должности в Испании в V–XV вв. // Властные институты и должности в Европе в Средние века и раннее Новое время. М.: КДУ, 2011. С. 417.",С. 417,С. 417,,,,,,,korneeva-research-030,korneeva-research-030,resolved_explicit,exact_title,0.98,,,,
mention-0560,КОНТЕКСТ_ВЕРСИЯ_3.docx,31,31,1,Варьяш И.И. Указ. соч. С. 428–429.,relational_reference,С. 428–429,С. 428–429,С. 428–429,op_cit,Указ. соч.,mention-0559,Варьяш И.И,,korneeva-research-030,korneeva-research-030,korneeva-research-033;korneeva-research-039;korneeva-research-032;korneeva-research-034;korneeva-research-035;korneeva-research-038;korneeva-research-036;korneeva-research-029;korneeva-research-037;korneeva-footnote-126;korneeva-footnote-131;korneeva-research-030,resolved_relation,op_cit_nearest_prior_work_by_author,0.95,,,,multiple earlier works by this author; nearest preceding work selected by relational order
mention-0561,КОНТЕКСТ_ВЕРСИЯ_3.docx,32,32,1,Там же. С. 433.,relational_reference,С. 433.,С. 433,С. 433,same_work,Там же.,mention-0560,,"Варьяш, И",korneeva-research-030,korneeva-research-030,korneeva-research-030,resolved_relation,same_work_previous_citation,1.0,,,,
mention-0562,КОНТЕКСТ_ВЕРСИЯ_3.docx,32,32,2,"Rodon Binue E. El lenguaje técnico del feudalismo en el siglo XI en Cataluña. (Coniribucrón al estudio del latin medieval). Barcelona: Escuela de filología, 1957. P. 37. Батлов, как нам кажется, некорректно определять как отдельную социальную прослойку между знатью и простолюдинами, как это было сделано Л.Т. Мильской:",full_reference,"Rodon Binue E. El lenguaje técnico del feudalismo en el siglo XI en Cataluña. (Coniribucrón al estudio del latin medieval). Barcelona: Escuela de filología, 1957. P. 37. Батлов, как нам кажется, некорректно определять как отдельную социальную прослойку между знатью и простолюдинами, как это было сделано Л.Т. Мильской:",P. 37; Т. Мильской:,P. 37; Т. Мильской:,,,,,,,korneeva-research-359,korneeva-research-359,resolved_explicit,exact_title,0.98,,,,
mention-0563,КОНТЕКСТ_ВЕРСИЯ_3.docx,32,32,3,"Мильская Л.Т. К вопросу о структуре господствующего класса в Каталонии X–XII вв. // Средние века. Вып. 47. М.: Наука, 1984. С. 25. По нашему мнению, этот термин указывает на административную функцию, а не социальную принадлежность конкретного лица.",full_reference,"Мильская Л.Т. К вопросу о структуре господствующего класса в Каталонии X–XII вв. // Средние века. Вып. 47. М.: Наука, 1984. С. 25. По нашему мнению, этот термин указывает на административную функцию, а не социальную принадлежность конкретного лица.",Т. К вопросу о структуре господствующего класса в Каталонии X–XII вв; Вып. 47; С. 25,Т. К вопросу о структуре господствующего класса в Каталонии X–XII вв; Вып. 47; С. 25,,,,,,,korneeva-research-081,korneeva-research-081,resolved_explicit,exact_title,0.98,,,,
mention-0564,КОНТЕКСТ_ВЕРСИЯ_3.docx,33,33,1,"Варьяш И.И. Потестарные институты и должности в Испании в V–XV вв. // Властные институты и должности в Европе в Средние века и раннее Новое время. М.: КДУ, 2011. С. 418.",full_reference,"Варьяш И.И. Потестарные институты и должности в Испании в V–XV вв. // Властные институты и должности в Европе в Средние века и раннее Новое время. М.: КДУ, 2011. С. 418.",С. 418,С. 418,,,,,,,korneeva-research-030,korneeva-research-030,resolved_explicit,exact_title,0.98,,,,
mention-0565,КОНТЕКСТ_ВЕРСИЯ_3.docx,34,34,1,Sabaté i Curull F.  El Veguer a Catalunya. Anàlisi del funcionament de la jurisdicció reial al segle XIV // Butlletí de la Societat Catalana d’Estudis Històrics. 1995. Т. 6. P. 149,full_reference,Sabaté i Curull F.  El Veguer a Catalunya. Anàlisi del funcionament de la jurisdicció reial al segle XIV // Butlletí de la Societat Catalana d’Estudis Històrics. 1995. Т. 6. P. 149,Т. 6; P. 149,Т. 6; P. 149,,,,,,,korneeva-footnote-132,korneeva-footnote-132,new_footnote_only_record,new_footnote_only_record,0.9,,,,
mention-0566,КОНТЕКСТ_ВЕРСИЯ_3.docx,34,34,2,Варьяш И.И. Указ. соч. С. 418.,relational_reference,С. 418,С. 418,С. 418,op_cit,Указ. соч.,mention-0564,Варьяш И.И,,korneeva-research-030,korneeva-research-030,korneeva-research-033;korneeva-research-039;korneeva-research-032;korneeva-research-034;korneeva-research-035;korneeva-research-038;korneeva-research-036;korneeva-research-029;korneeva-research-037;korneeva-footnote-126;korneeva-footnote-131;korneeva-research-030,resolved_relation,op_cit_nearest_prior_work_by_author,0.95,,,,multiple earlier works by this author; nearest preceding work selected by relational order
mention-0567,КОНТЕКСТ_ВЕРСИЯ_3.docx,35,35,1,"Мильская Л.Т. К вопросу о структуре господствующего класса в Каталонии X–XII вв. // Средние века. Вып. 47. М.: Наука, 1984. С. 25",full_reference,"Мильская Л.Т. К вопросу о структуре господствующего класса в Каталонии X–XII вв. // Средние века. Вып. 47. М.: Наука, 1984. С. 25",Т. К вопросу о структуре господствующего класса в Каталонии X–XII вв; Вып. 47; С. 25,Т. К вопросу о структуре господствующего класса в Каталонии X–XII вв; Вып. 47; С. 25,,,,,,,korneeva-research-081,korneeva-research-081,resolved_explicit,exact_title,0.98,,,,
mention-0568,КОНТЕКСТ_ВЕРСИЯ_3.docx,35,35,2,Bonnassie Р. Ор. cit. T. 2. P. 785.,relational_reference,T. 2. P. 785,P. 785,P. 785,op_cit,Op. cit.,mention-0513,Bonnassie Р,,korneeva-research-202,korneeva-research-202,korneeva-research-202;korneeva-footnote-024,resolved_relation,op_cit_nearest_prior_work_by_author,0.95,,,,multiple earlier works by this author; nearest preceding work selected by relational order
mention-0569,КОНТЕКСТ_ВЕРСИЯ_3.docx,36,36,1,Bisson T.N. The Organized Peace in Southern France and Catalonia (c. 1140–1223) // The American Historical Review. 1977. Vol. 82. P. 291. Подробнее о существующих в историографии концепциях «мира и перемирия Божьего» см.:,full_reference,Bisson T.N. The Organized Peace in Southern France and Catalonia (c. 1140–1223) // The American Historical Review. 1977. Vol. 82. P. 291. Подробнее о существующих в историографии концепциях «мира и перемирия Божьего» см.:,Vol. 82; P. 291,Vol. 82; P. 291,,,,,,,korneeva-footnote-133,korneeva-footnote-133,new_footnote_only_record,new_footnote_only_record,0.9,,,,
mention-0570,КОНТЕКСТ_ВЕРСИЯ_3.docx,36,36,2,"Gonzalvo i Bou G. Les constitucions de Pau i Treva de Catalunya: (segles XI – XIII). Barcelona, 1994. P. XIX–XXXII.",full_reference,"Gonzalvo i Bou G. Les constitucions de Pau i Treva de Catalunya: (segles XI – XIII). Barcelona, 1994. P. XIX–XXXII.",,,,,,,,,korneeva-footnote-134,korneeva-footnote-134,new_footnote_only_record,new_footnote_only_record,0.9,,,,
mention-0571,КОНТЕКСТ_ВЕРСИЯ_3.docx,37,37,1,"Варьяш И.И., Астахов М.А. Каталония и Арагон в XI–XIV вв. // История Испании / под ред. В.А. Ведюшкина, Г.А. Поповой. М.: «Индрик», 2012. Т. 1. С. 269.",full_reference,"Варьяш И.И., Астахов М.А. Каталония и Арагон в XI–XIV вв. // История Испании / под ред. В.А. Ведюшкина, Г.А. Поповой. М.: «Индрик», 2012. Т. 1. С. 269.",Т. 1; С. 269,Т. 1; С. 269,,,,,,,korneeva-footnote-131,korneeva-footnote-131,resolved_explicit,exact_title,0.98,,,,
mention-0572,КОНТЕКСТ_ВЕРСИЯ_3.docx,38,38,1,Там же. С. 281.,relational_reference,С. 281.,С. 281,С. 281,same_work,Там же.,mention-0571,,"Варьяш, И",korneeva-footnote-131,korneeva-footnote-131,korneeva-footnote-131,resolved_relation,same_work_previous_citation,1.0,,,,
mention-0573,КОНТЕКСТ_ВЕРСИЯ_3.docx,39,39,1,"Font i Rius J.M. Estudis sobre els drets i institucions locals en la Catalunya medieval. Barcelona: Edicions Universitat Barcelona, 1985. P. 475.",full_reference,"Font i Rius J.M. Estudis sobre els drets i institucions locals en la Catalunya medieval. Barcelona: Edicions Universitat Barcelona, 1985. P. 475.",P. 475,P. 475,,,,,,,korneeva-footnote-135,korneeva-footnote-135,new_footnote_only_record,new_footnote_only_record,0.9,,,,
mention-0574,КОНТЕКСТ_ВЕРСИЯ_3.docx,40,40,1,"Ferrer Mallol M.T. El Consolat de Mar i els consolats d’Ultramar, instrument i manifestació de l’expansió del comerç català // L'Expansió Catalana a la Mediterrània a la Baixa Edat Mitjana: actes del séminaire-seminari, celebrat a Barcelona el 20 d'abril de 1998 / coord. por María Teresa Ferrer Mallol, Damien Coulon,. Barcelona: Consejo Superior de Investigaciones Científicas (CSIC), 1999. P. 59.",full_reference,"Ferrer Mallol M.T. El Consolat de Mar i els consolats d’Ultramar, instrument i manifestació de l’expansió del comerç català // L'Expansió Catalana a la Mediterrània a la Baixa Edat Mitjana: actes del séminaire-seminari, celebrat a Barcelona el 20 d'abril de 1998 / coord. por María Teresa Ferrer Mallol, Damien Coulon,. Barcelona: Consejo Superior de Investigaciones Científicas (CSIC), 1999. P. 59.",P. 59,P. 59,,,,,,,korneeva-footnote-136,korneeva-footnote-136,new_footnote_only_record,new_footnote_only_record,0.9,,,,
mention-0575,КОНТЕКСТ_ВЕРСИЯ_3.docx,41,41,1,"Мильская Л.Т. К вопросу о структуре господствующего класса в Каталонии X–XII вв. // Средние века. Вып. 47. М.: Наука, 1984. С. 25",full_reference,"Мильская Л.Т. К вопросу о структуре господствующего класса в Каталонии X–XII вв. // Средние века. Вып. 47. М.: Наука, 1984. С. 25",Т. К вопросу о структуре господствующего класса в Каталонии X–XII вв; Вып. 47; С. 25,Т. К вопросу о структуре господствующего класса в Каталонии X–XII вв; Вып. 47; С. 25,,,,,,,korneeva-research-081,korneeva-research-081,resolved_explicit,exact_title,0.98,,,,
mention-0576,КОНТЕКСТ_ВЕРСИЯ_3.docx,41,41,2,Bonnassie Р. Ор. cit. T. 2. P. 785.,relational_reference,T. 2. P. 785,P. 785,P. 785,op_cit,Op. cit.,mention-0568,Bonnassie Р,,korneeva-research-202,korneeva-research-202,korneeva-research-202;korneeva-footnote-024,resolved_relation,op_cit_nearest_prior_work_by_author,0.95,,,,multiple earlier works by this author; nearest preceding work selected by relational order
mention-0577,КОНТЕКСТ_ВЕРСИЯ_3.docx,42,42,1,Мильская Л.Т. Указ. соч. С. 24.,relational_reference,С. 24,Т. Указ; С. 24,Т. Указ; С. 24,op_cit,Указ. соч.,mention-0575,Мильская Л.Т,,korneeva-research-081,korneeva-research-081,korneeva-research-080;korneeva-footnote-115;korneeva-research-083;korneeva-research-081,resolved_relation,op_cit_nearest_prior_work_by_author,0.95,,,,multiple earlier works by this author; nearest preceding work selected by relational order
mention-0578,КОНТЕКСТ_ВЕРСИЯ_3.docx,43,43,1,"Альтамира-и-Кревеа Р. История средневековой Испании. СПб.: Евразия, 2003. Т. 1. С. 282.",full_reference,"Альтамира-и-Кревеа Р. История средневековой Испании. СПб.: Евразия, 2003. Т. 1. С. 282.",Т. 1; С. 282,Т. 1; С. 282,,,,,,,korneeva-research-002,korneeva-research-002,resolved_explicit,exact_title,0.98,,,,
mention-0579,КОНТЕКСТ_ВЕРСИЯ_3.docx,44,44,1,"Филиппов И.С. Средиземноморская Франция в раннее средневековье: Проблема становления феодализма. М.: Скрипторий, 2000. С. 497.",full_reference,"Филиппов И.С. Средиземноморская Франция в раннее средневековье: Проблема становления феодализма. М.: Скрипторий, 2000. С. 497.",С. 497,С. 497,,,,,,,korneeva-research-142,korneeva-research-142,resolved_explicit,exact_title,0.98,,,,
mention-0580,КОНТЕКСТ_ВЕРСИЯ_3.docx,45,45,1,"Пискорский В.К. Вопрос о значении и происхождении шести «дурных обычаев» в Каталонии: С прил. неизд. документов. Киев: тип. Ун-та св. Владимира Н.Т. Корчак-Новицкого, 1899. С. 8–9.",full_reference,"Пискорский В.К. Вопрос о значении и происхождении шести «дурных обычаев» в Каталонии: С прил. неизд. документов. Киев: тип. Ун-та св. Владимира Н.Т. Корчак-Новицкого, 1899. С. 8–9.","Т. Корчак-Новицкого, 1899; С. 8–9","Т. Корчак-Новицкого, 1899; С. 8–9",,,,,,,korneeva-research-088,korneeva-research-088,resolved_explicit,token_overlap,0.678,,,,
mention-0581,КОНТЕКСТ_ВЕРСИЯ_3.docx,46,46,1,"Варьяш И.И., Астахов М.А. Арагонская Корона в XV в. // История Испании / под ред. В.А. Ведюшкина, Г.А. Поповой. М.: «Индрик», 2012. Т. 1. С. 346. П. Боннасси настаивал на том, что включение собственно «ременсы» в состав «дурных обычаев» некорректно:",full_reference,"Варьяш И.И., Астахов М.А. Арагонская Корона в XV в. // История Испании / под ред. В.А. Ведюшкина, Г.А. Поповой. М.: «Индрик», 2012. Т. 1. С. 346. П. Боннасси настаивал на том, что включение собственно «ременсы» в состав «дурных обычаев» некорректно:",Т. 1; С. 346,Т. 1; С. 346,,,,,,,korneeva-footnote-137,korneeva-footnote-137,new_footnote_only_record,new_footnote_only_record,0.9,,,,
mention-0582,КОНТЕКСТ_ВЕРСИЯ_3.docx,46,46,2,Bonnassie Р. Ор. cit. T. 2. P. 824.,relational_reference,T. 2. P. 824,P. 824,P. 824,op_cit,Op. cit.,mention-0576,Bonnassie Р,,korneeva-research-202,korneeva-research-202,korneeva-research-202;korneeva-footnote-024,resolved_relation,op_cit_nearest_prior_work_by_author,0.95,,,,multiple earlier works by this author; nearest preceding work selected by relational order
mention-0583,КОНТЕКСТ_ВЕРСИЯ_3.docx,47,47,1,"Варьяш И.И., Астахов М.А. Арагонская Корона в XV в. // История Испании / под ред. В.А. Ведюшкина, Г.А. Поповой. М.: «Индрик», 2012. Т. 1. С. 346.",full_reference,"Варьяш И.И., Астахов М.А. Арагонская Корона в XV в. // История Испании / под ред. В.А. Ведюшкина, Г.А. Поповой. М.: «Индрик», 2012. Т. 1. С. 346.",Т. 1; С. 346,Т. 1; С. 346,,,,,,,korneeva-footnote-137,korneeva-footnote-137,resolved_explicit,exact_title,0.98,,,,
mention-0584,КОНТЕКСТ_ВЕРСИЯ_3.docx,48,48,1,Bisson T.N. Feudalism in Twelfth-Century Catalonia // Publications de l’École française de Rome. 1980. Т. 44. Vol 1. P. 186.,full_reference,Bisson T.N. Feudalism in Twelfth-Century Catalonia // Publications de l’École française de Rome. 1980. Т. 44. Vol 1. P. 186.,Т. 44; P. 186,Т. 44; P. 186,,,,,,,korneeva-research-192,korneeva-research-192,resolved_explicit,exact_title,0.98,,,,
mention-0585,КОНТЕКСТ_ВЕРСИЯ_3.docx,49,49,1,Мильская Л.Т. Указ. соч. С. 27.,relational_reference,С. 27,Т. Указ; С. 27,Т. Указ; С. 27,op_cit,Указ. соч.,mention-0577,Мильская Л.Т,,korneeva-research-081,korneeva-research-081,korneeva-research-080;korneeva-footnote-115;korneeva-research-083;korneeva-research-081,resolved_relation,op_cit_nearest_prior_work_by_author,0.95,,,,multiple earlier works by this author; nearest preceding work selected by relational order
mention-0586,КОНТЕКСТ_ВЕРСИЯ_3.docx,50,50,1,"В «Барселонских обычаях» также встречается термин «еретики»: Usatges de Barcelona. Us. 60 (64): «...christiani et sarraceni, iudei et heretici...». P. 96. Под «еретиками» в «Барселонских обычаях» едва ли следует понимать одну строго определённую группу. В каталонском обществе XII–XIII вв. это обозначение относилось к катарам, или альбигойцам. Довольно подробная библиография по этому вопросу:",short_title_reference,"В «Барселонских обычаях» также встречается термин «еретики»: Usatges de Barcelona. Us. 60 (64): «...christiani et sarraceni, iudei et heretici...». P. 96. Под «еретиками» в «Барселонских обычаях» едва ли следует понимать одну строго определённую группу. В каталонском обществе XII–XIII вв. это обозначение относилось к катарам, или альбигойцам. Довольно подробная библиография по этому вопросу:",P. 96,P. 96,,,,,,,korneeva-sources-040,korneeva-sources-040,resolved_explicit,exact_title,0.98,,,,
mention-0587,КОНТЕКСТ_ВЕРСИЯ_3.docx,50,50,2,"Thouzellier C. Catharisme et valdéisme en Languedoc: à la fin du XIIe et au début du XIIIe siècle: politique pontificale, controverses. Paris: Presses universitaires de France, 1965. P. 14.",full_reference,"Thouzellier C. Catharisme et valdéisme en Languedoc: à la fin du XIIe et au début du XIIIe siècle: politique pontificale, controverses. Paris: Presses universitaires de France, 1965. P. 14.",P. 14,P. 14,,,,,,,korneeva-research-425,korneeva-research-425,resolved_explicit,token_overlap,0.607,,,,
mention-0588,КОНТЕКСТ_ВЕРСИЯ_3.docx,51,51,1,"Ferrer Mallol M.T. L'Aljama islámica de Tortosa a la Baixa Edat Mitjana // Recerca. Centre d'Estudis Històrics del Baix Ebre, 2003. Núm. 7. P. 186.",full_reference,"Ferrer Mallol M.T. L'Aljama islámica de Tortosa a la Baixa Edat Mitjana // Recerca. Centre d'Estudis Històrics del Baix Ebre, 2003. Núm. 7. P. 186.",Núm. 7.; P. 186,Núm. 7.; P. 186,,,,,,,korneeva-research-234,korneeva-research-234,resolved_explicit,exact_title,0.98,,,,
mention-0589,КОНТЕКСТ_ВЕРСИЯ_3.docx,52,52,1,Curto Homedes A. Topografia del call jueu de Tortosa // Recerca. 1999. Núm. 3. P. 10.,full_reference,Curto Homedes A. Topografia del call jueu de Tortosa // Recerca. 1999. Núm. 3. P. 10.,Núm. 3.; P. 10,Núm. 3.; P. 10,,,,,,,korneeva-research-221,korneeva-research-221,resolved_explicit,exact_title,0.98,,,,
mention-0590,КОНТЕКСТ_ВЕРСИЯ_3.docx,53,53,1,"Варьяш И.И., Зеленина Г.С., Попова Г.А. Три веры // История Испании / под ред. В.А. Ведюшкина, Г.А. Поповой. М.: «Индрик», 2012. Т. 1. С. 188.",full_reference,"Варьяш И.И., Зеленина Г.С., Попова Г.А. Три веры // История Испании / под ред. В.А. Ведюшкина, Г.А. Поповой. М.: «Индрик», 2012. Т. 1. С. 188.",Т. 1; С. 188,Т. 1; С. 188,,,,,,,korneeva-footnote-138,korneeva-footnote-138,new_footnote_only_record,new_footnote_only_record,0.9,,,,
mention-0591,ГЛАВА_1_ВЕРСИЯ_3.docx,1,1,1,"В данном исследовании термин «пайплайн» используется для обозначения целостной вычислительной процедуры, организованной как последовательность формализованных этапов, каждый из которых выполняет определённую аналитическую функцию и передаёт результат на последующую стадию обработки.",commentary,"В данном исследовании термин «пайплайн» используется для обозначения целостной вычислительной процедуры, организованной как последовательность формализованных этапов, каждый из которых выполняет определённую аналитическую функцию и передаёт результат на последующую стадию обработки.",,,,,,,,,,,not_bibliographic,commentary_or_internal_cross_reference,,,,,
mention-0592,ГЛАВА_1_ВЕРСИЯ_3.docx,2,2,1,AnnaIasinskaia. Usatges_de_Barcelona [Электронный ресурс]. URL: https://github.com/AnnaIasinskaia/Usatges_de_Barcelona (дата обращения: 09.04.2026).,full_reference,AnnaIasinskaia. Usatges_de_Barcelona [Электронный ресурс]. URL: https://github.com/AnnaIasinskaia/Usatges_de_Barcelona (дата обращения: 09.04.2026).,,,,,,,,,korneeva-software-001,korneeva-software-001,resolved_explicit,token_overlap,1.0,,,,
mention-0593,ГЛАВА_1_ВЕРСИЯ_3.docx,3,3,1,Данное программное обеспечение распространяется свободно (бесплатно) и доступно по следующему адресу: https://outils.biblissima.fr/en/collatinus.URL: https://outils.biblissima.fr/en/collatinus. Дата обращения: 05.04.2020.,full_reference,Данное программное обеспечение распространяется свободно (бесплатно) и доступно по следующему адресу: https://outils.biblissima.fr/en/collatinus.URL: https://outils.biblissima.fr/en/collatinus. Дата обращения: 05.04.2020.,,,,,,,,,korneeva-footnote-139,korneeva-footnote-139,new_footnote_only_record,new_footnote_only_record,0.9,,,,
mention-0594,ГЛАВА_1_ВЕРСИЯ_3.docx,4,4,1,См. приложение 2 к настоящей диссертации.,commentary,См. приложение 2 к настоящей диссертации.,,,,,,,,,,,not_bibliographic,commentary_or_internal_cross_reference,,,,,
mention-0595,ГЛАВА_1_ВЕРСИЯ_3.docx,5,5,1,"Проблема заключается в том, что рукописи и их транскрипции интересующих нас текстов в большинстве случаев оставались для нас недоступными.",commentary,"Проблема заключается в том, что рукописи и их транскрипции интересующих нас текстов в большинстве случаев оставались для нас недоступными.",,,,,,,,,,,not_bibliographic,commentary_or_internal_cross_reference,,,,,
mention-0596,ГЛАВА_1_ВЕРСИЯ_3.docx,6,6,1,"Manning Ch.D., Raghavan P., Schütze H. Introduction to Information Retrieval. Cambridge: Cambridge Unicersity Press, 2008. P. 23–24.",full_reference,"Manning Ch.D., Raghavan P., Schütze H. Introduction to Information Retrieval. Cambridge: Cambridge Unicersity Press, 2008. P. 23–24.",P. 23–24,P. 23–24,,,,,,,korneeva-research-327,korneeva-research-327,resolved_explicit,exact_title,0.98,,,,
mention-0597,ГЛАВА_1_ВЕРСИЯ_3.docx,7,7,1,Ibid. P. 32–34.,relational_reference,P. 32–34.,P. 32–34,P. 32–34,same_work,Ibid.,mention-0596,,Manning Ch.D,korneeva-research-327,korneeva-research-327,korneeva-research-327,resolved_relation,same_work_previous_citation,1.0,,,,
mention-0598,ГЛАВА_1_ВЕРСИЯ_3.docx,8,8,1,Подробнее о различном значении наклонений глаголов в контексте анализа правовых памятников Средневековья см.,commentary,Подробнее о различном значении наклонений глаголов в контексте анализа правовых памятников Средневековья см.,,,,,,,,,,,not_bibliographic,commentary_or_internal_cross_reference,,,,,
mention-0599,ГЛАВА_1_ВЕРСИЯ_3.docx,8,8,2,"Варьяш О.И. Язык средневекового права // Варьяш О.И. Пиренейские тетради: право, общество, власть и человек в средние века. Москва: Наука, 2006. С. 90.",full_reference,"Варьяш О.И. Язык средневекового права // Варьяш О.И. Пиренейские тетради: право, общество, власть и человек в средние века. Москва: Наука, 2006. С. 90.",С. 90,С. 90,,,,,,,korneeva-research-039,korneeva-research-039,resolved_explicit,exact_title,0.98,,,,
mention-0600,ГЛАВА_1_ВЕРСИЯ_3.docx,9,9,1,Ibid. P. 34.,relational_reference,P. 34.,P. 34,P. 34,same_work,Ibid.,mention-0599,,"Варьяш, О",korneeva-research-039,korneeva-research-039,korneeva-research-039,resolved_relation,same_work_previous_citation,1.0,,,,
mention-0601,ГЛАВА_1_ВЕРСИЯ_3.docx,10,10,1,"Например, Collatinus. [Электронный ресурс]. URL: https://outils.biblissima.fr/en/collatinus (дата обращения: 05.04.2026).",full_reference,"Например, Collatinus. [Электронный ресурс]. URL: https://outils.biblissima.fr/en/collatinus (дата обращения: 05.04.2026).",,,,,,,,,korneeva-software-002,korneeva-software-002,resolved_explicit,token_overlap,1.0,,,,
mention-0602,ГЛАВА_1_ВЕРСИЯ_3.docx,11,11,1,"Chow T.W. S., Zhang H., Rahman M.K. A new document representation using term frequency and vectorized graph connectionists with application to document retrieval // Expert Systems with Applications. 2009. Т. 36, № 10. P. 12025.",full_reference,"Chow T.W. S., Zhang H., Rahman M.K. A new document representation using term frequency and vectorized graph connectionists with application to document retrieval // Expert Systems with Applications. 2009. Т. 36, № 10. P. 12025.","Т. 36, № 10; P. 12025","Т. 36, № 10; P. 12025",,,,,,,korneeva-research-216,korneeva-research-216,resolved_explicit,exact_title,0.98,,,,
mention-0603,ГЛАВА_1_ВЕРСИЯ_3.docx,12,12,1,"Aizawa A. An information theoretic perspective of TF-IDF measures // Information Processing & Management. 2003. Т. 39, № 1. P. 46.",full_reference,"Aizawa A. An information theoretic perspective of TF-IDF measures // Information Processing & Management. 2003. Т. 39, № 1. P. 46.","Т. 39, № 1; P. 46","Т. 39, № 1; P. 46",,,,,,,korneeva-research-168,korneeva-research-168,resolved_explicit,exact_title,0.98,,,,
mention-0604,ГЛАВА_1_ВЕРСИЯ_3.docx,13,13,1,"Salton G., Buckley C. Term-weighting approaches in automatic text retrieval // Information Processing & Management. 1988. Т. 24, № 5. P. 513–523.",full_reference,"Salton G., Buckley C. Term-weighting approaches in automatic text retrieval // Information Processing & Management. 1988. Т. 24, № 5. P. 513–523.","Т. 24, № 5; P. 513–523","Т. 24, № 5; P. 513–523",,,,,,,korneeva-research-377,korneeva-research-377,resolved_explicit,exact_title,0.98,,,,
mention-0605,ГЛАВА_1_ВЕРСИЯ_3.docx,14,14,1,"Coffee N. et al. The Tesserae Project: intertextual analysis of Latin poetry // Literary and Linguistic Computing. 2013. Т. 28, № 2. P. 221–228",full_reference,"Coffee N. et al. The Tesserae Project: intertextual analysis of Latin poetry // Literary and Linguistic Computing. 2013. Т. 28, № 2. P. 221–228","Т. 28, № 2; P. 221–228","Т. 28, № 2; P. 221–228",,,,,,,korneeva-research-217,korneeva-research-217,resolved_explicit,exact_title,0.98,,,,
mention-0606,ГЛАВА_1_ВЕРСИЯ_3.docx,14,14,2,"Gawley J.O., Diddams A.C. Comparing the intertextuality of multiple authors using Tesserae: A new technique for normalization // Digital Scholarship Humanities. 2017. Т. 32, Is. Suppl._2. P. ii53–ii59.",full_reference,"Gawley J.O., Diddams A.C. Comparing the intertextuality of multiple authors using Tesserae: A new technique for normalization // Digital Scholarship Humanities. 2017. Т. 32, Is. Suppl._2. P. ii53–ii59.","Т. 32, Is","Т. 32, Is",,,,,,,korneeva-research-248,korneeva-research-248,resolved_explicit,exact_title,0.98,,,,
mention-0607,ГЛАВА_1_ВЕРСИЯ_3.docx,15,15,1,"Sidorov G. et al. Soft Similarity and Soft Cosine Measure Similarity of Features in Vector Space Model // Computación y Sistemas. 2014. Vol. 18, №. 3. P. 494.",full_reference,"Sidorov G. et al. Soft Similarity and Soft Cosine Measure Similarity of Features in Vector Space Model // Computación y Sistemas. 2014. Vol. 18, №. 3. P. 494.","Vol. 18, №; P. 494","Vol. 18, №; P. 494",,,,,,,korneeva-research-398,korneeva-research-398,resolved_explicit,exact_title,0.98,,,,
mention-0608,ГЛАВА_1_ВЕРСИЯ_3.docx,16,16,1,Эта метрика была впервые применена в работах по молекулярной биологии для выравнивания последовательностей белков и в дальнейшем адаптирована под историко-лингвистические задачи:,commentary,Эта метрика была впервые применена в работах по молекулярной биологии для выравнивания последовательностей белков и в дальнейшем адаптирована под историко-лингвистические задачи:,,,,,,,,,,,not_bibliographic,commentary_or_internal_cross_reference,,,,,
mention-0609,ГЛАВА_1_ВЕРСИЯ_3.docx,16,16,2,"Smith T.F., Waterman M.S. Identification of common molecular subsequences // Journal of Molecular Biology. 1981. Vol. 147, no. 1. P. 195–197. DOI: 10.1016/0022-2836(81)90087-5",full_reference,"Smith T.F., Waterman M.S. Identification of common molecular subsequences // Journal of Molecular Biology. 1981. Vol. 147, no. 1. P. 195–197. DOI: 10.1016/0022-2836(81)90087-5","Vol. 147, no; P. 195–197","Vol. 147, no; P. 195–197",,,,,,,korneeva-research-399,korneeva-research-399,resolved_explicit,exact_title,0.98,,,,
mention-0610,ГЛАВА_1_ВЕРСИЯ_3.docx,16,16,3,"Smith T.F., Waterman M.S., Fitch W.M. Comparative biosequence metrics // Journal of Molecular Evolution. 1981. Vol. 18, no. 1. P. 38–46. DOI: 10.1007/BF01733210",full_reference,"Smith T.F., Waterman M.S., Fitch W.M. Comparative biosequence metrics // Journal of Molecular Evolution. 1981. Vol. 18, no. 1. P. 38–46. DOI: 10.1007/BF01733210","Vol. 18, no; P. 38–46","Vol. 18, no; P. 38–46",,,,,,,korneeva-research-400,korneeva-research-400,resolved_explicit,exact_title,0.98,,,,
mention-0611,ГЛАВА_1_ВЕРСИЯ_3.docx,16,16,4,"Katrenko S., Adriaans P., van Someren M. Using local alignments for relation recognition // Journal of Artificial Intelligence Research. 2010. Vol. 38, Is. 1. P. 1–48.",full_reference,"Katrenko S., Adriaans P., van Someren M. Using local alignments for relation recognition // Journal of Artificial Intelligence Research. 2010. Vol. 38, Is. 1. P. 1–48.","Vol. 38, Is; P. 1–48","Vol. 38, Is; P. 1–48",,,,,,,korneeva-research-316,korneeva-research-316,resolved_explicit,exact_title,0.98,,,,
mention-0612,ГЛАВА_1_ВЕРСИЯ_3.docx,17,17,1,"Usatges de Barcelona. Us. D2 (140): «Priuilegia autem sunt leges priuatorum, quasi priuate leges; nam priuilegium inde dictum, quod in priuato feratur». P. 173.",short_title_reference,"Usatges de Barcelona. Us. D2 (140): «Priuilegia autem sunt leges priuatorum, quasi priuate leges; nam priuilegium inde dictum, quod in priuato feratur». P. 173.",P. 173,P. 173,,,,,,,work-family-usatges_de_barcelona,korneeva-sources-037;korneeva-sources-038;korneeva-sources-039;korneeva-sources-040;korneeva-sources-041;korneeva-sources-042,resolved_work_edition_ambiguous,work_resolved_edition_ambiguous,0.9,,,usatges_de_barcelona,
mention-0613,ГЛАВА_1_ВЕРСИЯ_3.docx,18,18,1,"Kang S., Li K., Wang R. A survey on pareto front learning for multi-objective optimization // Journal of Membrane Computing. 2025. Т. 7, № 2. P. 128–134.",full_reference,"Kang S., Li K., Wang R. A survey on pareto front learning for multi-objective optimization // Journal of Membrane Computing. 2025. Т. 7, № 2. P. 128–134.","Т. 7, № 2; P. 128–134","Т. 7, № 2; P. 128–134",,,,,,,korneeva-research-315,korneeva-research-315,resolved_explicit,exact_title,0.98,,,,
mention-0614,ГЛАВА_1_ВЕРСИЯ_3.docx,19,19,1,"Pérez-Piqueras V., López P.B., Gámez J.A. Estimation of distribution algorithms with solution subset selection for the next release problem // Log J IGPL. 2025. Т. 33, № 5. С. jzae052.",full_reference,"Pérez-Piqueras V., López P.B., Gámez J.A. Estimation of distribution algorithms with solution subset selection for the next release problem // Log J IGPL. 2025. Т. 33, № 5. С. jzae052.","Т. 33, № 5","Т. 33, № 5",,,,,,,korneeva-research-352,korneeva-research-352,resolved_explicit,exact_title,0.98,,,,
mention-0615,ГЛАВА_1_ВЕРСИЯ_3.docx,20,20,1,"Пороговый подход был использован нами на предыдущем этапе исследования. Подробнее о нём см. Ясинская (Корнеева) А.Д. Барселонские обычаи: опыт квантитативного исследования // Проблемы истории и культуры средневекового общества. Материалы XL всероссийской научной конференции студентов, аспирантов и молодых ученых Курбатовские чтения. СПб: ООО Скифия-принт, 2021. С. 474.",full_reference,"Пороговый подход был использован нами на предыдущем этапе исследования. Подробнее о нём см. Ясинская (Корнеева) А.Д. Барселонские обычаи: опыт квантитативного исследования // Проблемы истории и культуры средневекового общества. Материалы XL всероссийской научной конференции студентов, аспирантов и молодых ученых Курбатовские чтения. СПб: ООО Скифия-принт, 2021. С. 474.",С. 474,С. 474,,,,,,,korneeva-research-167,korneeva-research-167,resolved_explicit,exact_title,0.98,,,,
mention-0616,ГЛАВА_1_ВЕРСИЯ_3.docx,21,21,1,Подробнее об этой концепции в разделе «Источниковедение».,commentary,Подробнее об этой концепции в разделе «Источниковедение».,,,,,,,,,,,not_bibliographic,commentary_or_internal_cross_reference,,,,,
mention-0617,ГЛАВА_1_ВЕРСИЯ_3.docx,22,22,1,"Isidori Hispalensis Episcopi Etymologiarum sive Originum libri XX. V.18 // Isidori Hispalensis Episcopi Etymologiarum sive Originum libri XX / rec. W.M. Lindsay. Oxonii: e Typographeo Clarendoniano, 1911. T. 1. P. [207].",full_reference,"Isidori Hispalensis Episcopi Etymologiarum sive Originum libri XX. V.18 // Isidori Hispalensis Episcopi Etymologiarum sive Originum libri XX / rec. W.M. Lindsay. Oxonii: e Typographeo Clarendoniano, 1911. T. 1. P. [207].",,,,,,,,,korneeva-sources-017,korneeva-sources-017,resolved_explicit,token_overlap,0.758,,,,
mention-0618,ГЛАВА_1_ВЕРСИЯ_3.docx,23,23,1,Usatges de Barcelona. Us. D2 (140). P. 173.,short_title_reference,Usatges de Barcelona. Us. D2 (140). P. 173.,P. 173,P. 173,,,,,,,work-family-usatges_de_barcelona,korneeva-sources-037;korneeva-sources-038;korneeva-sources-039;korneeva-sources-040;korneeva-sources-041;korneeva-sources-042,resolved_work_edition_ambiguous,work_resolved_edition_ambiguous,0.9,,,usatges_de_barcelona,
mention-0619,ГЛАВА_1_ВЕРСИЯ_3.docx,24,24,1,Usatges de Barcelona.,short_title_reference,Usatges de Barcelona.,,,,,,,,,work-family-usatges_de_barcelona,korneeva-sources-037;korneeva-sources-038;korneeva-sources-039;korneeva-sources-040;korneeva-sources-041;korneeva-sources-042,resolved_work_edition_ambiguous,work_resolved_edition_ambiguous,0.9,,,usatges_de_barcelona,
mention-0620,ГЛАВА_1_ВЕРСИЯ_3.docx,24,24,2,Apéndix D. P. 172.,short_title_reference,Apéndix D. P. 172.,P. 172,P. 172,same_work_implicit_component,implicit component of previous citation,mention-0619,,,work-family-usatges_de_barcelona,work-family-usatges_de_barcelona,korneeva-sources-037;korneeva-sources-038;korneeva-sources-039;korneeva-sources-040;korneeva-sources-041;korneeva-sources-042,resolved_relation,implicit_component_same_footnote,0.95,,,,
mention-0621,ГЛАВА_1_ВЕРСИЯ_3.docx,25,25,1,"«Глоссы Плацида» (Glossae Placidi, или Placidus, Liber glossarum) — латинский алфавитный глоссарий, традиционно приписываемый грамматику Плациду, которого иногда отождествляют с Лактанцием Плацидом. Личность составителя и время формирования сборника точно не установлены; обычно его относят к позднеантичной глоссографической традиции V–VI вв. О заимствовании этой формулы Исидором Севильским см.",commentary,"«Глоссы Плацида» (Glossae Placidi, или Placidus, Liber glossarum) — латинский алфавитный глоссарий, традиционно приписываемый грамматику Плациду, которого иногда отождествляют с Лактанцием Плацидом. Личность составителя и время формирования сборника точно не установлены; обычно его относят к позднеантичной глоссографической традиции V–VI вв. О заимствовании этой формулы Исидором Севильским см.",,,,,,,,,,,not_bibliographic,commentary_or_internal_cross_reference,,,,,
mention-0622,ГЛАВА_1_ВЕРСИЯ_3.docx,25,25,2,"Telaretti E. I presupposti e le fonti del diritto in Isidoro di Siviglia (Etymologiarum liber V, 1–21): tesi di dottorato. Palermo: Università degli Studi di Palermo, 2011. P. 217–218.",full_reference,"Telaretti E. I presupposti e le fonti del diritto in Isidoro di Siviglia (Etymologiarum liber V, 1–21): tesi di dottorato. Palermo: Università degli Studi di Palermo, 2011. P. 217–218.",P. 217–218,P. 217–218,,,,,,,korneeva-footnote-140,korneeva-footnote-140,new_footnote_only_record,new_footnote_only_record,0.9,,,,
mention-0623,ГЛАВА_1_ВЕРСИЯ_3.docx,26,26,1,"Формула о привилегиях в «Глоссах Плацида»: «privilegia leges privatorum seu beneficia quae a principibus conceduntur…» (Placidus. Liber glossarum. Glossaria reliqua. l. 25–27 // Corpus glossariorum Latinorum / ed. G. Goetz. Lipsiae: in aedibus B. G. Teubneri, 1894. Vol. V. P. 94).",full_reference,"Формула о привилегиях в «Глоссах Плацида»: «privilegia leges privatorum seu beneficia quae a principibus conceduntur…» (Placidus. Liber glossarum. Glossaria reliqua. l. 25–27 // Corpus glossariorum Latinorum / ed. G. Goetz. Lipsiae: in aedibus B. G. Teubneri, 1894. Vol. V. P. 94).",Vol. V; P. 94,Vol. V; P. 94,,,,,,,korneeva-footnote-141,korneeva-footnote-141,new_footnote_only_record,new_footnote_only_record,0.9,,,,
mention-0624,ГЛАВА_1_ВЕРСИЯ_3.docx,27,27,1,"Isidori Hispalensis Episcopi Etymologiarum sive Originum libri XX. V.18 // Isidori Hispalensis Episcopi Etymologiarum sive Originum libri XX / rec. W.M. Lindsay. Oxonii: e Typographeo Clarendoniano, 1911. T. 1. «…quod in privato feratur». P. [207].",full_reference,"Isidori Hispalensis Episcopi Etymologiarum sive Originum libri XX. V.18 // Isidori Hispalensis Episcopi Etymologiarum sive Originum libri XX / rec. W.M. Lindsay. Oxonii: e Typographeo Clarendoniano, 1911. T. 1. «…quod in privato feratur». P. [207].",,,,,,,,,korneeva-sources-017,korneeva-sources-017,resolved_explicit,token_overlap,0.641,,,,
mention-0625,ГЛАВА_1_ВЕРСИЯ_3.docx,28,28,1,"Digesta. 22.5.6 // Corpus iuris civilis. Vol. 1: Institutiones; Digesta / Institutiones recognovit P. Krueger; Digesta recognovit Th. Mommsen, retractavit P. Krueger. Ed. stereotypa XV. Berolini: apud Weidmannos, 1928. P. 327.",full_reference,"Digesta. 22.5.6 // Corpus iuris civilis. Vol. 1: Institutiones; Digesta / Institutiones recognovit P. Krueger; Digesta recognovit Th. Mommsen, retractavit P. Krueger. Ed. stereotypa XV. Berolini: apud Weidmannos, 1928. P. 327.",Vol. 1: Institutiones; P. 327,Vol. 1: Institutiones; P. 327,,,,,,,korneeva-sources-010,korneeva-sources-010,resolved_explicit,exact_title,0.98,,,,
mention-0626,ГЛАВА_1_ВЕРСИЯ_3.docx,29,29,1,Usatges de Barcelona. Us. B6 (89). P. 170.,short_title_reference,Usatges de Barcelona. Us. B6 (89). P. 170.,P. 170,P. 170,,,,,,,work-family-usatges_de_barcelona,korneeva-sources-037;korneeva-sources-038;korneeva-sources-039;korneeva-sources-040;korneeva-sources-041;korneeva-sources-042,resolved_work_edition_ambiguous,work_resolved_edition_ambiguous,0.9,,,usatges_de_barcelona,
mention-0627,ГЛАВА_1_ВЕРСИЯ_3.docx,30,30,1,Марк Гней Лициний Руфин (M. Cn. Licinius Rufinus) — римский юрист и чиновник первой пол. III в. Его не сохранившееся целиком сочинение «Правила» (Regulae) насчитывало двенадцать или тринадцать книг; семнадцать извлечений из него вошли в Дигесты Юстиниана. Рассматриваемая сентенция происходит из второй книги этого труда (Dig. 22.5.6). См.:,commentary,Марк Гней Лициний Руфин (M. Cn. Licinius Rufinus) — римский юрист и чиновник первой пол. III в. Его не сохранившееся целиком сочинение «Правила» (Regulae) насчитывало двенадцать или тринадцать книг; семнадцать извлечений из него вошли в Дигесты Юстиниана. Рассматриваемая сентенция происходит из второй книги этого труда (Dig. 22.5.6). См.:,,,,,,,,,,,not_bibliographic,commentary_or_internal_cross_reference,,,,,
mention-0628,ГЛАВА_1_ВЕРСИЯ_3.docx,30,30,2,Millar F. The Greek East and Roman Law: The Dossier of M.Cn. Licinius Rufinus // The Journal of Roman Studies. 1999. Vol. 89. P. 91–99,full_reference,Millar F. The Greek East and Roman Law: The Dossier of M.Cn. Licinius Rufinus // The Journal of Roman Studies. 1999. Vol. 89. P. 91–99,Vol. 89; P. 91–99,Vol. 89; P. 91–99,,,,,,,korneeva-footnote-142,korneeva-footnote-142,new_footnote_only_record,new_footnote_only_record,0.9,,,,
mention-0629,ГЛАВА_1_ВЕРСИЯ_3.docx,30,30,3,"Lenel O. Palingenesia Iuris Civilis: Iuris consultorum reliquiae quae Iustiniani Digestis continentur ceteraque iuris prudentiae civilis fragmenta minora secundum auctores et libros. Lipsiae: Bernhard Tauchnitz, 1889. Vol. 1. Col. 559–562.",full_reference,"Lenel O. Palingenesia Iuris Civilis: Iuris consultorum reliquiae quae Iustiniani Digestis continentur ceteraque iuris prudentiae civilis fragmenta minora secundum auctores et libros. Lipsiae: Bernhard Tauchnitz, 1889. Vol. 1. Col. 559–562.",Vol. 1,Vol. 1,,,,,,,korneeva-footnote-143,korneeva-footnote-143,new_footnote_only_record,new_footnote_only_record,0.9,,,,
mention-0630,ГЛАВА_1_ВЕРСИЯ_3.docx,31,31,1,"Conrat M. Der Pandekten- und Institutionenauszug der brittischen Dekretalensammlung: Quelle des Ivo. Berlin: Weidmannsche Buchhandlung, 1887. S. 5–12.",full_reference,"Conrat M. Der Pandekten- und Institutionenauszug der brittischen Dekretalensammlung: Quelle des Ivo. Berlin: Weidmannsche Buchhandlung, 1887. S. 5–12.",,,,,,,,,korneeva-footnote-144,korneeva-footnote-144,new_footnote_only_record,new_footnote_only_record,0.9,,,,
mention-0631,ГЛАВА_1_ВЕРСИЯ_3.docx,32,32,1,"Ivo Carnotensis. Decretum. XVI. 181 // Patrologiae cursus completus. Series Latina / accurante J.-P. Migne. Parisiis: apud J.-P. Migne editorem, 1855. T. 161. Col. 939",full_reference,"Ivo Carnotensis. Decretum. XVI. 181 // Patrologiae cursus completus. Series Latina / accurante J.-P. Migne. Parisiis: apud J.-P. Migne editorem, 1855. T. 161. Col. 939",,,,,,,,,korneeva-curated-panormia,korneeva-curated-panormia,resolved_explicit,token_overlap,0.713,,,,
mention-0632,ГЛАВА_1_ВЕРСИЯ_3.docx,32,32,2,Idem. Panormia. V.33 // Ibid. Col. 1219.,author_inherited_reference,Panormia. V.33 // Ibid. Col. 1219.,,,same_author,Idem.,mention-0631,,Ivo Carnotensis,,korneeva-curated-panormia,korneeva-curated-panormia,resolved_explicit,token_overlap,0.726,,,,
mention-0633,ГЛАВА_1_ВЕРСИЯ_3.docx,33,33,1,"Flach J. Études critiques sur l’histoire du droit romain au Moyen Âge, avec textes inédits. Paris: L. Larose et Forcel, 1890. P. 235",full_reference,"Flach J. Études critiques sur l’histoire du droit romain au Moyen Âge, avec textes inédits. Paris: L. Larose et Forcel, 1890. P. 235",P. 235,P. 235,,,,,,,korneeva-footnote-145,korneeva-footnote-145,new_footnote_only_record,new_footnote_only_record,0.9,,,,
mention-0634,ГЛАВА_1_ВЕРСИЯ_3.docx,33,33,2,"Gouron A. Sur la compilation des Usages de Barcelone au douzième siècle // Idem. Pionniers du droit occidental au Moyen Âge. Aldershot; Burlington: Ashgate Variorum, 2006. № V. P. 223–224.",full_reference,"Gouron A. Sur la compilation des Usages de Barcelone au douzième siècle // Idem. Pionniers du droit occidental au Moyen Âge. Aldershot; Burlington: Ashgate Variorum, 2006. № V. P. 223–224.",P. 223–224,P. 223–224,,,,,,,korneeva-footnote-146,korneeva-footnote-146,new_footnote_only_record,new_footnote_only_record,0.9,,,,
mention-0635,ГЛАВА_1_ВЕРСИЯ_3.docx,34,34,1,"«Тюбингенская книга» (Liber Tubingensis) — принятое в историографии условное название анонимной компиляции римского права, сохранившейся в нескольких рукописях; название происходит от одного из её списков, хранящегося в Университетской библиотеке г. Тюбинген. Памятник представляет собой собрание кратких извлечений и переработок норм римского права, предназначенное, по-видимому, для преподавания и практического применения. Согласно датировке А. Гурона, сборник был составлен около середины XII в. в Южной Франции. «Тюбингенская книга» принадлежит к тому же кругу южнофранцузских компиляций римского права, что «Ашбернемская книга» и «Грацская книга». Материал этих трёх сборников был позднее использован в «Составленных Петром извлечениях из Римских законов». Подробнее см.",commentary,"«Тюбингенская книга» (Liber Tubingensis) — принятое в историографии условное название анонимной компиляции римского права, сохранившейся в нескольких рукописях; название происходит от одного из её списков, хранящегося в Университетской библиотеке г. Тюбинген. Памятник представляет собой собрание кратких извлечений и переработок норм римского права, предназначенное, по-видимому, для преподавания и практического применения. Согласно датировке А. Гурона, сборник был составлен около середины XII в. в Южной Франции. «Тюбингенская книга» принадлежит к тому же кругу южнофранцузских компиляций римского права, что «Ашбернемская книга» и «Грацская книга». Материал этих трёх сборников был позднее использован в «Составленных Петром извлечениях из Римских законов». Подробнее см.",,,,,,,,,,,not_bibliographic,commentary_or_internal_cross_reference,,,,,
mention-0636,ГЛАВА_1_ВЕРСИЯ_3.docx,34,34,2,Gouron A. Sur la patrie et la datation du «Livre de Tubingue» et des «Exceptiones Petri» // Rivista internazionale di diritto comune. 2003. Vol. 14. P. 15–39,full_reference,Gouron A. Sur la patrie et la datation du «Livre de Tubingue» et des «Exceptiones Petri» // Rivista internazionale di diritto comune. 2003. Vol. 14. P. 15–39,Vol. 14; P. 15–39,Vol. 14; P. 15–39,,,,,,,korneeva-footnote-147,korneeva-footnote-147,new_footnote_only_record,new_footnote_only_record,0.9,,,,
mention-0637,ГЛАВА_1_ВЕРСИЯ_3.docx,34,34,3,"Idem. Sur la compilation des Usages de Barcelone au douzième siècle // Idem. Pionniers du droit occidental au Moyen Âge. Aldershot; Burlington: Ashgate Variorum, 2006. № V. P. 223–224.",full_reference,"Sur la compilation des Usages de Barcelone au douzième siècle // Idem. Pionniers du droit occidental au Moyen Âge. Aldershot; Burlington: Ashgate Variorum, 2006. № V. P. 223–224.",P. 223–224,P. 223–224,same_author,Idem.,mention-0636,,"Gouron, A.",,korneeva-footnote-146,korneeva-footnote-146,resolved_explicit,exact_title,0.98,,,,
mention-0638,ГЛАВА_1_ВЕРСИЯ_3.docx,35,35,1,"Mor C.G. En torno a la formación del texto de los Usatici Barchinonae // Anuario de Historia del Derecho Español. 1957–1958. T. 27–28. P. 432, 434–435.",full_reference,"Mor C.G. En torno a la formación del texto de los Usatici Barchinonae // Anuario de Historia del Derecho Español. 1957–1958. T. 27–28. P. 432, 434–435.","P. 432, 434–435","P. 432, 434–435",,,,,,,korneeva-footnote-016,korneeva-footnote-016,resolved_explicit,exact_title,0.98,,,,
mention-0639,ГЛАВА_1_ВЕРСИЯ_3.docx,36,36,1,"Gouron A. Sur la compilation des Usages de Barcelone au douzième siècle // Gouron A. Pionniers du droit occidental au Moyen Âge. Aldershot; Burlington: Ashgate Variorum, 2006. P. 223–224.",full_reference,"Gouron A. Sur la compilation des Usages de Barcelone au douzième siècle // Gouron A. Pionniers du droit occidental au Moyen Âge. Aldershot; Burlington: Ashgate Variorum, 2006. P. 223–224.",P. 223–224,P. 223–224,,,,,,,korneeva-footnote-146,korneeva-footnote-146,resolved_explicit,exact_title,0.98,,,,
mention-0640,ГЛАВА_1_ВЕРСИЯ_3.docx,37,37,1,Usatges de Barcelona. Us. B6 (89). P. 170.,short_title_reference,Usatges de Barcelona. Us. B6 (89). P. 170.,P. 170,P. 170,,,,,,,work-family-usatges_de_barcelona,korneeva-sources-037;korneeva-sources-038;korneeva-sources-039;korneeva-sources-040;korneeva-sources-041;korneeva-sources-042,resolved_work_edition_ambiguous,work_resolved_edition_ambiguous,0.9,,,usatges_de_barcelona,
mention-0641,ГЛАВА_1_ВЕРСИЯ_3.docx,38,38,1,"Petri Exceptiones legum Romanorum. Lib. IV. Cap. 17 // Savigny F.C. von. Geschichte des römischen Rechts im Mittelalter. 2. Aufl. Bd. 2. Heidelberg: J.C.B. Mohr, 1834.",full_reference,"Petri Exceptiones legum Romanorum. Lib. IV. Cap. 17 // Savigny F.C. von. Geschichte des römischen Rechts im Mittelalter. 2. Aufl. Bd. 2. Heidelberg: J.C.B. Mohr, 1834.",Bd. 2,Bd. 2,,,,,,,korneeva-sources-021,korneeva-sources-021,resolved_explicit,token_overlap,0.764,,,,
mention-0642,ГЛАВА_1_ВЕРСИЯ_3.docx,38,38,2,"Anhang I.A: «De his, qui iustitiam facere noluerint». S. 410.",possible_reference,"Anhang I.A: «De his, qui iustitiam facere noluerint». S. 410.",,,same_work_implicit_component,implicit component of previous citation,mention-0641,,,korneeva-sources-021,korneeva-sources-021,korneeva-sources-021,resolved_relation,implicit_component_same_footnote,0.95,,,,
mention-0643,ГЛАВА_1_ВЕРСИЯ_3.docx,39,39,1,"В данном случае, намеренное ограничение объёма текста источника обоснованно языковым строем, именно на 9-ю книгу «Обычаев Тортосы» приходится наибольшее число латиноязычных вставок и цитирований. Подробнее об этом, см.",commentary,"В данном случае, намеренное ограничение объёма текста источника обоснованно языковым строем, именно на 9-ю книгу «Обычаев Тортосы» приходится наибольшее число латиноязычных вставок и цитирований. Подробнее об этом, см.",,,,,,,,,,,not_bibliographic,commentary_or_internal_cross_reference,,,,,
mention-0644,ГЛАВА_1_ВЕРСИЯ_3.docx,39,39,2,Корнеева А.Д. Классификация латинских заимствований и цитат в тексте Обычаев Тортосы: количественный и качественный аспекты // Человеческий капитал. 2023. № 10(178). С. 31–40.,full_reference,Корнеева А.Д. Классификация латинских заимствований и цитат в тексте Обычаев Тортосы: количественный и качественный аспекты // Человеческий капитал. 2023. № 10(178). С. 31–40.,С. 31–40,С. 31–40,,,,,,,korneeva-research-062,korneeva-research-062,resolved_explicit,exact_title,0.98,,,,
mention-0645,ГЛАВА_1_ВЕРСИЯ_3.docx,40,40,1,Usatges de Barcelona. Us. 111(132). P. 144.,short_title_reference,Usatges de Barcelona. Us. 111(132). P. 144.,P. 144,P. 144,,,,,,,work-family-usatges_de_barcelona,korneeva-sources-037;korneeva-sources-038;korneeva-sources-039;korneeva-sources-040;korneeva-sources-041;korneeva-sources-042,resolved_work_edition_ambiguous,work_resolved_edition_ambiguous,0.9,,,usatges_de_barcelona,
mention-0646,ГЛАВА_1_ВЕРСИЯ_3.docx,41,41,1,Costums de Tortosa. 9.29.10. P. 523–524.,short_title_reference,Costums de Tortosa. 9.29.10. P. 523–524.,P. 523–524,P. 523–524,,,,,,,work-family-costums_de_tortosa,korneeva-sources-004;korneeva-sources-005;korneeva-sources-009;korneeva-sources-014;korneeva-sources-015;korneeva-sources-016;korneeva-sources-030;korneeva-sources-031;korneeva-sources-032,resolved_work_edition_ambiguous,work_resolved_edition_ambiguous,0.9,,,costums_de_tortosa,
mention-0647,ГЛАВА_1_ВЕРСИЯ_3.docx,42,42,1,Usatges de Barcelona. Us. 111(132). P. 144.,short_title_reference,Usatges de Barcelona. Us. 111(132). P. 144.,P. 144,P. 144,,,,,,,work-family-usatges_de_barcelona,korneeva-sources-037;korneeva-sources-038;korneeva-sources-039;korneeva-sources-040;korneeva-sources-041;korneeva-sources-042,resolved_work_edition_ambiguous,work_resolved_edition_ambiguous,0.9,,,usatges_de_barcelona,
mention-0648,ГЛАВА_1_ВЕРСИЯ_3.docx,43,43,1,Costums de Tortosa. 9.29.10. P. 523.,short_title_reference,Costums de Tortosa. 9.29.10. P. 523.,P. 523,P. 523,,,,,,,work-family-costums_de_tortosa,korneeva-sources-004;korneeva-sources-005;korneeva-sources-009;korneeva-sources-014;korneeva-sources-015;korneeva-sources-016;korneeva-sources-030;korneeva-sources-031;korneeva-sources-032,resolved_work_edition_ambiguous,work_resolved_edition_ambiguous,0.9,,,costums_de_tortosa,
mention-0649,ГЛАВА_1_ВЕРСИЯ_3.docx,44,44,1,"Usatges de Barcelona. Us. 111(132): «…si aliquis inde eum requisierit <…>, adiuuet eum …». P. 144. Ср. Costums de Tortosa. 9.29.10: «…si aliquis eum requisierit <…>, adiuvet eum inde …». P. 523.",short_title_reference,"Usatges de Barcelona. Us. 111(132): «…si aliquis inde eum requisierit <…>, adiuuet eum …». P. 144. Ср. Costums de Tortosa. 9.29.10: «…si aliquis eum requisierit <…>, adiuvet eum inde …». P. 523.",P. 144; P. 523,P. 144; P. 523,,,,,,,work-family-usatges_de_barcelona,korneeva-sources-037;korneeva-sources-038;korneeva-sources-039;korneeva-sources-040;korneeva-sources-041;korneeva-sources-042,resolved_work_edition_ambiguous,work_resolved_edition_ambiguous,0.9,,,usatges_de_barcelona,
mention-0650,ГЛАВА_1_ВЕРСИЯ_3.docx,45,45,1,Usatges de Barcelona. Us. 111(132): «…uel aliquid de suo ei tollere uoluerit…». P. 144.,short_title_reference,Usatges de Barcelona. Us. 111(132): «…uel aliquid de suo ei tollere uoluerit…». P. 144.,P. 144,P. 144,,,,,,,work-family-usatges_de_barcelona,korneeva-sources-037;korneeva-sources-038;korneeva-sources-039;korneeva-sources-040;korneeva-sources-041;korneeva-sources-042,resolved_work_edition_ambiguous,work_resolved_edition_ambiguous,0.9,,,usatges_de_barcelona,
mention-0651,ГЛАВА_1_ВЕРСИЯ_3.docx,46,46,1,Usatges de Barcelona. Us. 108(129). P. 142.,short_title_reference,Usatges de Barcelona. Us. 108(129). P. 142.,P. 142,P. 142,,,,,,,work-family-usatges_de_barcelona,korneeva-sources-037;korneeva-sources-038;korneeva-sources-039;korneeva-sources-040;korneeva-sources-041;korneeva-sources-042,resolved_work_edition_ambiguous,work_resolved_edition_ambiguous,0.9,,,usatges_de_barcelona,
mention-0652,ГЛАВА_1_ВЕРСИЯ_3.docx,47,47,1,Costums de Tortosa. 9.29.10. P. 523.,short_title_reference,Costums de Tortosa. 9.29.10. P. 523.,P. 523,P. 523,,,,,,,work-family-costums_de_tortosa,korneeva-sources-004;korneeva-sources-005;korneeva-sources-009;korneeva-sources-014;korneeva-sources-015;korneeva-sources-016;korneeva-sources-030;korneeva-sources-031;korneeva-sources-032,resolved_work_edition_ambiguous,work_resolved_edition_ambiguous,0.9,,,costums_de_tortosa,
mention-0653,ГЛАВА_1_ВЕРСИЯ_3.docx,48,48,1,Usatges de Barcelona. Us. 108(129): «sufficiant ex utraque parte duo testes ad comprobanda eorum negocia». P. 142.,short_title_reference,Usatges de Barcelona. Us. 108(129): «sufficiant ex utraque parte duo testes ad comprobanda eorum negocia». P. 142.,P. 142,P. 142,,,,,,,work-family-usatges_de_barcelona,korneeva-sources-037;korneeva-sources-038;korneeva-sources-039;korneeva-sources-040;korneeva-sources-041;korneeva-sources-042,resolved_work_edition_ambiguous,work_resolved_edition_ambiguous,0.9,,,usatges_de_barcelona,
mention-0654,ГЛАВА_1_ВЕРСИЯ_3.docx,49,49,1,"Usatges de Barcelona.Us. 7(9): « Miles vero, si caualleriam dimiserit...». P. 58.",short_title_reference,"Usatges de Barcelona.Us. 7(9): « Miles vero, si caualleriam dimiserit...». P. 58.",P. 58,P. 58,,,,,,,work-family-usatges_de_barcelona,korneeva-sources-037;korneeva-sources-038;korneeva-sources-039;korneeva-sources-040;korneeva-sources-041;korneeva-sources-042,resolved_work_edition_ambiguous,work_resolved_edition_ambiguous,0.9,,,usatges_de_barcelona,
mention-0655,ГЛАВА_1_ВЕРСИЯ_3.docx,50,50,1,Costums de Tortosa. 9.29.3: «…si caualleriam dimittit…». P. 521.,short_title_reference,Costums de Tortosa. 9.29.3: «…si caualleriam dimittit…». P. 521.,P. 521,P. 521,,,,,,,work-family-costums_de_tortosa,korneeva-sources-004;korneeva-sources-005;korneeva-sources-009;korneeva-sources-014;korneeva-sources-015;korneeva-sources-016;korneeva-sources-030;korneeva-sources-031;korneeva-sources-032,resolved_work_edition_ambiguous,work_resolved_edition_ambiguous,0.9,,,costums_de_tortosa,
mention-0656,ГЛАВА_1_ВЕРСИЯ_3.docx,51,51,1,Ibid.: «…si caualleriam dimittit…». P. 521.,relational_reference,«…si caualleriam dimittit…». P. 521.,P. 521,P. 521,same_work,Ibid.:,mention-0655,,,work-family-costums_de_tortosa,work-family-costums_de_tortosa,korneeva-sources-004;korneeva-sources-005;korneeva-sources-009;korneeva-sources-014;korneeva-sources-015;korneeva-sources-016;korneeva-sources-030;korneeva-sources-031;korneeva-sources-032,resolved_relation,same_work_previous_citation,1.0,,,,
mention-0657,ГЛАВА_1_ВЕРСИЯ_3.docx,52,52,1,Usatges de Barcelona.Us. 7(9): «…cavaleria jaquex assats qui caval e armes non ha…». P. 59.,short_title_reference,Usatges de Barcelona.Us. 7(9): «…cavaleria jaquex assats qui caval e armes non ha…». P. 59.,P. 59,P. 59,,,,,,,work-family-usatges_de_barcelona,korneeva-sources-037;korneeva-sources-038;korneeva-sources-039;korneeva-sources-040;korneeva-sources-041;korneeva-sources-042,resolved_work_edition_ambiguous,work_resolved_edition_ambiguous,0.9,,,usatges_de_barcelona,
mention-0658,ГЛАВА_1_ВЕРСИЯ_3.docx,53,53,1,Usatges de Barcelona. Us. 15(18). P. 64.,short_title_reference,Usatges de Barcelona. Us. 15(18). P. 64.,P. 64,P. 64,,,,,,,work-family-usatges_de_barcelona,korneeva-sources-037;korneeva-sources-038;korneeva-sources-039;korneeva-sources-040;korneeva-sources-041;korneeva-sources-042,resolved_work_edition_ambiguous,work_resolved_edition_ambiguous,0.9,,,usatges_de_barcelona,
mention-0659,ГЛАВА_1_ВЕРСИЯ_3.docx,54,54,1,Costituciones baiulie Mirabeti. 14. P. 6.,short_title_reference,Costituciones baiulie Mirabeti. 14. P. 6.,P. 6,P. 6,,,,,,,work-family-costums_de_miravet,korneeva-sources-007;korneeva-sources-018;korneeva-sources-028,resolved_work_edition_ambiguous,work_resolved_edition_ambiguous,0.9,,,costums_de_miravet,
mention-0660,ГЛАВА_1_ВЕРСИЯ_3.docx,55,55,1,Ibid.: «...dominacioni pro pena...». P. 6.,relational_reference,«...dominacioni pro pena...». P. 6.,P. 6,P. 6,same_work,Ibid.:,mention-0659,,,work-family-costums_de_miravet,work-family-costums_de_miravet,korneeva-sources-007;korneeva-sources-018;korneeva-sources-028,resolved_relation,same_work_previous_citation,1.0,,,,
mention-0661,ГЛАВА_1_ВЕРСИЯ_3.docx,56,56,1,Usatges de Barcelona.Us. 84(107). P. 122.,short_title_reference,Usatges de Barcelona.Us. 84(107). P. 122.,P. 122,P. 122,,,,,,,work-family-usatges_de_barcelona,korneeva-sources-037;korneeva-sources-038;korneeva-sources-039;korneeva-sources-040;korneeva-sources-041;korneeva-sources-042,resolved_work_edition_ambiguous,work_resolved_edition_ambiguous,0.9,,,usatges_de_barcelona,
mention-0662,ГЛАВА_1_ВЕРСИЯ_3.docx,57,57,1,Costumbres de Orta. XXXVI. P. 620.,short_title_reference,Costumbres de Orta. XXXVI. P. 620.,P. 620,P. 620,,,,,,,korneeva-sources-013,korneeva-sources-013,resolved_explicit,source_family_unique,0.97,,,costums_d_orta,
mention-0663,ГЛАВА_1_ВЕРСИЯ_3.docx,58,58,1,"Комендатор (лат. commendator, кат. comanador; также командор, прецептор) — глава команды, или прецептории, основной местной административно-хозяйственной единицы духовно-рыцарского ордена. Он руководил орденским домом и его владениями, представлял орден на данной территории и участвовал в осуществлении принадлежавших ордену сеньориальных, финансовых и судебных полномочий. См.",commentary,"Комендатор (лат. commendator, кат. comanador; также командор, прецептор) — глава команды, или прецептории, основной местной административно-хозяйственной единицы духовно-рыцарского ордена. Он руководил орденским домом и его владениями, представлял орден на данной территории и участвовал в осуществлении принадлежавших ордену сеньориальных, финансовых и судебных полномочий. См.",,,,,,,,,,,not_bibliographic,commentary_or_internal_cross_reference,,,,,
mention-0664,ГЛАВА_1_ВЕРСИЯ_3.docx,58,58,2,Serrano Daura J. La concessió dels Costums de la Batllia de Miravet // Revista de Dret Històric Català. 2015. Vol. 14. P. 280.,full_reference,Serrano Daura J. La concessió dels Costums de la Batllia de Miravet // Revista de Dret Històric Català. 2015. Vol. 14. P. 280.,Vol. 14; P. 280,Vol. 14; P. 280,,,,,,,korneeva-research-389,korneeva-research-389,resolved_explicit,exact_title,0.98,,,,
mention-0665,ГЛАВА_1_ВЕРСИЯ_3.docx,59,59,1,Usatges de Barcelona.Us. 84(107): «…salvo suo iure…». P. 122.,short_title_reference,Usatges de Barcelona.Us. 84(107): «…salvo suo iure…». P. 122.,P. 122,P. 122,,,,,,,work-family-usatges_de_barcelona,korneeva-sources-037;korneeva-sources-038;korneeva-sources-039;korneeva-sources-040;korneeva-sources-041;korneeva-sources-042,resolved_work_edition_ambiguous,work_resolved_edition_ambiguous,0.9,,,usatges_de_barcelona,
mention-0666,ГЛАВА_1_ВЕРСИЯ_3.docx,60,60,1,Usatges de Barcelona.Us. 107(128). P. 140.,short_title_reference,Usatges de Barcelona.Us. 107(128). P. 140.,P. 140,P. 140,,,,,,,work-family-usatges_de_barcelona,korneeva-sources-037;korneeva-sources-038;korneeva-sources-039;korneeva-sources-040;korneeva-sources-041;korneeva-sources-042,resolved_work_edition_ambiguous,work_resolved_edition_ambiguous,0.9,,,usatges_de_barcelona,
mention-0667,ГЛАВА_1_ВЕРСИЯ_3.docx,61,61,1,Costumbres de Tarrega. [18]. P. 441.,short_title_reference,Costumbres de Tarrega. [18]. P. 441.,P. 441,P. 441,,,,,,,korneeva-sources-022,korneeva-sources-022,resolved_explicit,source_family_unique,0.97,,,costums_de_tarrega,
mention-0668,ГЛАВА_1_ВЕРСИЯ_3.docx,62,62,1,LV. V.6.3. P. 345.,short_title_reference,LV. V.6.3. P. 345.,P. 345,P. 345,,,,,,,korneeva-sources-027,korneeva-sources-027,resolved_explicit,authoritative_abbreviation_list,1.0,LV,Lex Visigothorum — «Вестготская правда» / «Книга приговоров»,,
mention-0669,ГЛАВА_1_ВЕРСИЯ_3.docx,63,63,1,Justícia i resolució… 2018. Doc. 160. P. 312–313.,short_title_reference,Justícia i resolució… 2018. Doc. 160. P. 312–313.,Doc. 160.; P. 312–313,Doc. 160.; P. 312–313,,,,,,,korneeva-sources-026,korneeva-sources-026,resolved_explicit,source_family_unique,0.97,,,justicia_i_resolucio,
mention-0670,ГЛАВА_1_ВЕРСИЯ_3.docx,64,64,1,"Ibid.:«Idcirco insistente iudice, sicut lex nostra edocet…». P. 312.",relational_reference,"«Idcirco insistente iudice, sicut lex nostra edocet…». P. 312.",P. 312,P. 312,same_work,Ibid.:,mention-0669,,,korneeva-sources-026,korneeva-sources-026,korneeva-sources-026,resolved_relation,same_work_previous_citation,1.0,,,,
mention-0671,ГЛАВА_1_ВЕРСИЯ_3.docx,65,65,1,Ibid: «…sicut iustum ab eis preciatum est». P. 313.,relational_reference,«…sicut iustum ab eis preciatum est». P. 313.,P. 313,P. 313,same_work,Ibid:,mention-0670,,,korneeva-sources-026,korneeva-sources-026,korneeva-sources-026,resolved_relation,same_work_previous_citation,1.0,,,,
mention-0672,ГЛАВА_1_ВЕРСИЯ_3.docx,66,66,1,Ibid: «…iudicio eius et trium honestorum virorum…». P. 313.,relational_reference,«…iudicio eius et trium honestorum virorum…». P. 313.,P. 313,P. 313,same_work,Ibid:,mention-0671,,,korneeva-sources-026,korneeva-sources-026,korneeva-sources-026,resolved_relation,same_work_previous_citation,1.0,,,,
mention-0673,ГЛАВА_1_ВЕРСИЯ_3.docx,67,67,1,"Stockholm, Skoklostersamlingen, 1, E 8641.",full_reference,"Stockholm, Skoklostersamlingen, 1, E 8641.",,,,,,,,,korneeva-footnote-148,korneeva-footnote-148,new_footnote_only_record,new_footnote_only_record,0.9,,,,
mention-0674,ГЛАВА_1_ВЕРСИЯ_3.docx,68,68,1,Justícia i resolució… 2018. Doc. 236. P. 446–447.,short_title_reference,Justícia i resolució… 2018. Doc. 236. P. 446–447.,Doc. 236.; P. 446–447,Doc. 236.; P. 446–447,,,,,,,korneeva-sources-026,korneeva-sources-026,resolved_explicit,source_family_unique,0.97,,,justicia_i_resolucio,
mention-0675,ГЛАВА_1_ВЕРСИЯ_3.docx,69,69,1,LV. V.1.1. P. 207.,short_title_reference,LV. V.1.1. P. 207.,P. 207,P. 207,,,,,,,korneeva-sources-027,korneeva-sources-027,resolved_explicit,authoritative_abbreviation_list,1.0,LV,Lex Visigothorum — «Вестготская правда» / «Книга приговоров»,,
mention-0676,ГЛАВА_1_ВЕРСИЯ_3.docx,70,70,1,Justícia i resolució... 2018. Doc. 186. P. 362–363.,short_title_reference,Justícia i resolució... 2018. Doc. 186. P. 362–363.,Doc. 186.; P. 362–363,Doc. 186.; P. 362–363,,,,,,,korneeva-sources-026,korneeva-sources-026,resolved_explicit,source_family_unique,0.97,,,justicia_i_resolucio,
mention-0677,ГЛАВА_1_ВЕРСИЯ_3.docx,71,71,1,"LV. V.1.1: «…pro certo censetur, ut in earum iure inrevocabili modo legum eternitate firmentur …». P. 207.",short_title_reference,"LV. V.1.1: «…pro certo censetur, ut in earum iure inrevocabili modo legum eternitate firmentur …». P. 207.",P. 207,P. 207,,,,,,,korneeva-sources-027,korneeva-sources-027,resolved_explicit,authoritative_abbreviation_list,1.0,LV,Lex Visigothorum — «Вестготская правда» / «Книга приговоров»,,
mention-0678,ГЛАВА_1_ВЕРСИЯ_3.docx,72,72,1,"Justícia i resolució... 2018. Doc. 186: «…pro certo censetur, ut in earum iure inrevocabili modo legum eternitate firmentur…». P. 363.",short_title_reference,"Justícia i resolució... 2018. Doc. 186: «…pro certo censetur, ut in earum iure inrevocabili modo legum eternitate firmentur…». P. 363.",Doc. 186; P. 363,Doc. 186; P. 363,,,,,,,korneeva-sources-026,korneeva-sources-026,resolved_explicit,source_family_unique,0.97,,,justicia_i_resolucio,
mention-0679,ГЛАВА_1_ВЕРСИЯ_3.docx,73,73,1,Justícia i resolució... 2018. P. 1061–1062.,short_title_reference,Justícia i resolució... 2018. P. 1061–1062.,P. 1061–1062,P. 1061–1062,,,,,,,korneeva-sources-026,korneeva-sources-026,resolved_explicit,source_family_unique,0.97,,,justicia_i_resolucio,
mention-0680,ГЛАВА_1_ВЕРСИЯ_3.docx,74,74,1,Justícia i resolució... 2018. Doc. 186.: «… Et pro hac ordinatione reddimus eum in potestatem Sancte Marie ». P. 363.,short_title_reference,Justícia i resolució... 2018. Doc. 186.: «… Et pro hac ordinatione reddimus eum in potestatem Sancte Marie ». P. 363.,Doc. 186.; P. 363,Doc. 186.; P. 363,,,,,,,korneeva-sources-026,korneeva-sources-026,resolved_explicit,source_family_unique,0.97,,,justicia_i_resolucio,
mention-0681,ГЛАВА_1_ВЕРСИЯ_3.docx,75,75,1,LV. V.6.3. P. 232.,short_title_reference,LV. V.6.3. P. 232.,P. 232,P. 232,,,,,,,korneeva-sources-027,korneeva-sources-027,resolved_explicit,authoritative_abbreviation_list,1.0,LV,Lex Visigothorum — «Вестготская правда» / «Книга приговоров»,,
mention-0682,ГЛАВА_1_ВЕРСИЯ_3.docx,76,76,1,Justícia i resolució... 2018. Doc. 194. P. 375–376.,short_title_reference,Justícia i resolució... 2018. Doc. 194. P. 375–376.,Doc. 194.; P. 375–376,Doc. 194.; P. 375–376,,,,,,,korneeva-sources-026,korneeva-sources-026,resolved_explicit,source_family_unique,0.97,,,justicia_i_resolucio,
mention-0683,ГЛАВА_1_ВЕРСИЯ_3.docx,77,77,1,LV. V.6.3: «Ceterum si adesse usque ad decem dies…». P. 232.,short_title_reference,LV. V.6.3: «Ceterum si adesse usque ad decem dies…». P. 232.,P. 232,P. 232,,,,,,,korneeva-sources-027,korneeva-sources-027,resolved_explicit,authoritative_abbreviation_list,1.0,LV,Lex Visigothorum — «Вестготская правда» / «Книга приговоров»,,
mention-0684,ГЛАВА_1_ВЕРСИЯ_3.docx,78,78,1,Justícia i resolució... 2018. Doc. 194: «Certe si debitum reformare dissimulaverit...». P. 376.,short_title_reference,Justícia i resolució... 2018. Doc. 194: «Certe si debitum reformare dissimulaverit...». P. 376.,Doc. 194; P. 376,Doc. 194; P. 376,,,,,,,korneeva-sources-026,korneeva-sources-026,resolved_explicit,source_family_unique,0.97,,,justicia_i_resolucio,
mention-0685,ГЛАВА_1_ВЕРСИЯ_3.docx,79,79,1,См. выше.,cross_reference,.,,,cross_reference,См. выше,,,,,,,not_bibliographic,commentary_or_internal_cross_reference,,,,,
mention-0686,ГЛАВА_1_ВЕРСИЯ_3.docx,80,80,1,Justícia i resolució… 2024. P. 1061–1063.,short_title_reference,Justícia i resolució… 2024. P. 1061–1063.,P. 1061–1063,P. 1061–1063,,,,,,,korneeva-sources-025,korneeva-sources-025,resolved_explicit,source_family_unique,0.97,,,justicia_i_resolucio,
mention-0687,ГЛАВА_2_ВЕРСИЯ_3.docx,1,1,1,"Banniard M. Viva voce: communication écrite et communication orale du IVe au IXe siècle en Occident latin. Paris: Institut des études augustiniennes, 1992. P. 46–47.",full_reference,"Banniard M. Viva voce: communication écrite et communication orale du IVe au IXe siècle en Occident latin. Paris: Institut des études augustiniennes, 1992. P. 46–47.",P. 46–47,P. 46–47,,,,,,,korneeva-research-180,korneeva-research-180,resolved_explicit,exact_title,0.98,,,,
mention-0688,ГЛАВА_2_ВЕРСИЯ_3.docx,2,2,1,Clanchy M.T. Remembering the Past and the Good Old Law // History. 1970. Vol. 60. P. 165,full_reference,Clanchy M.T. Remembering the Past and the Good Old Law // History. 1970. Vol. 60. P. 165,Vol. 60; P. 165,Vol. 60; P. 165,,,,,,,korneeva-footnote-098,korneeva-footnote-098,resolved_explicit,exact_title,0.98,,,,
mention-0689,ГЛАВА_2_ВЕРСИЯ_3.docx,2,2,2,"McKitterick R.D. The Written Word and Oral Communication: Rome’s Legacy to the Franks // Latin Culture and Medieval Germanic Europe: Germania Latina I / ed. by R. North, T. Hofstra. Groningen: Egbert Forsten, 1992. P. 89–112",full_reference,"McKitterick R.D. The Written Word and Oral Communication: Rome’s Legacy to the Franks // Latin Culture and Medieval Germanic Europe: Germania Latina I / ed. by R. North, T. Hofstra. Groningen: Egbert Forsten, 1992. P. 89–112",P. 89–112,P. 89–112,,,,,,,korneeva-footnote-149,korneeva-footnote-149,new_footnote_only_record,new_footnote_only_record,0.9,,,,
mention-0690,ГЛАВА_2_ВЕРСИЯ_3.docx,2,2,3,"Zimmermann M. Écrire et lire en Catalogne (IXe–XIIe siècle). Madrid: Casa de Velázquez, 2003. Vol. 1. P. 43",full_reference,"Zimmermann M. Écrire et lire en Catalogne (IXe–XIIe siècle). Madrid: Casa de Velázquez, 2003. Vol. 1. P. 43",Vol. 1; P. 43,Vol. 1; P. 43,,,,,,,korneeva-research-427,korneeva-research-427,resolved_explicit,exact_title,0.98,,,,
mention-0691,ГЛАВА_2_ВЕРСИЯ_3.docx,2,2,4,Сафронова Д.П. Устная речь в правовой и документальной практике Леонского королевства X–XI вв. // Диалог со временем. 2020. Вып. 72. С. 124–125.,full_reference,Сафронова Д.П. Устная речь в правовой и документальной практике Леонского королевства X–XI вв. // Диалог со временем. 2020. Вып. 72. С. 124–125.,Вып. 72; С. 124–125,Вып. 72; С. 124–125,,,,,,,korneeva-research-105,korneeva-research-105,resolved_explicit,token_overlap,0.903,,,,
mention-0692,ГЛАВА_2_ВЕРСИЯ_3.docx,3,3,1,"Mostert M. Introduction // Medieval Legal Process: Physical, Spoken and Written Performance in the Middle Ages / ed. by M. Mostert, P. S. Barnwell. Turnhout: Brepols, 2011. P. 3–5.",full_reference,"Mostert M. Introduction // Medieval Legal Process: Physical, Spoken and Written Performance in the Middle Ages / ed. by M. Mostert, P. S. Barnwell. Turnhout: Brepols, 2011. P. 3–5.",P. 3–5,P. 3–5,,,,,,,korneeva-footnote-104,korneeva-footnote-104,resolved_explicit,token_overlap,0.908,,,,
mention-0693,ГЛАВА_2_ВЕРСИЯ_3.docx,4,4,1,"Мы будем касаться преимущественно двух первых категорий, поскольку проблематика, связанная с принесением клятвы, её ролью и местом в средневековой каталонской правовой культуре требуют отдельного обстоятельного обсуждения, в том числе с привлечением других нормативных источников, а также по возможности актового материала. См. Главу 3 настоящего исследования.",commentary,"Мы будем касаться преимущественно двух первых категорий, поскольку проблематика, связанная с принесением клятвы, её ролью и местом в средневековой каталонской правовой культуре требуют отдельного обстоятельного обсуждения, в том числе с привлечением других нормативных источников, а также по возможности актового материала. См. Главу 3 настоящего исследования.",,,,,,,,,,,not_bibliographic,commentary_or_internal_cross_reference,,,,,
mention-0694,ГЛАВА_2_ВЕРСИЯ_3.docx,5,5,1,Recognoverunt proceres. [XXV]: «…vocet testes coram quibus dicat se fecisse testamentum ipsius testatoris». P. 595,short_title_reference,Recognoverunt proceres. [XXV]: «…vocet testes coram quibus dicat se fecisse testamentum ipsius testatoris». P. 595,P. 595,P. 595,,,,,,,korneeva-sources-034,korneeva-sources-034,resolved_explicit,source_family_unique,0.97,,,recognoverunt_proceres,
mention-0695,ГЛАВА_2_ВЕРСИЯ_3.docx,6,6,1,Ibid. [XLVIII]: «…quod ipsi testes ita viderunt et audiverunt scribi seu dici». P. 599,relational_reference,[XLVIII]: «…quod ipsi testes ita viderunt et audiverunt scribi seu dici». P. 599,P. 599,P. 599,same_work,Ibid.,mention-0694,,,korneeva-sources-034,korneeva-sources-034,korneeva-sources-034,resolved_relation,same_work_previous_citation,1.0,,,,
mention-0696,ГЛАВА_2_ВЕРСИЯ_3.docx,7,7,1,"Ibid. [LI]: «creditur et statur relationi unius sagionis, dummodo reperiatur scriptura in capibrevio vel in actis iudicis». P. 600.",relational_reference,"[LI]: «creditur et statur relationi unius sagionis, dummodo reperiatur scriptura in capibrevio vel in actis iudicis». P. 600.",P. 600,P. 600,same_work,Ibid.,mention-0695,,,korneeva-sources-034,korneeva-sources-034,korneeva-sources-034,resolved_relation,same_work_previous_citation,1.0,,,,
mention-0697,ГЛАВА_2_ВЕРСИЯ_3.docx,8,8,1,"Costums de Tortosa. 1.3.14 : « Los quals jutges deven dir al corredor: “as correguda aquesta penyora?”, e si diu: “hoc”, deven dir: “quantz dies la as correguda?”, e si él respon e sia ver: “tres dies e plus”, deven-li dir: “què i trobes?”,e él deu dir: “aitant y trop”, ço és aquel preu que i troba e, dit lo preu, los jutges deven demanar: “qual és lo conprador?”, e el corredor deu-los assignar, lo qual comprador assignat e que sia present en la cort a dia e a ora de cort e que cort se tenga, los ditzjutges deven dir al veger enaxí: “en veger, fetz-ho saber al deutor, e deitz-li si hi vol acórrer”, e si diu que no, lo veger al primer dia de cort, dia e ora de cort e que cort se tenga, los ditz jutges deven dir e demanar al comprador: “comprat vós aquesta cosa e datz-hi aquest preu?”, e él deu dir e respondre als jutges: “hoc”, e fet lo respost: “hoc donar”, los jutges deven dir al veger enaxí: “en veger, fetz-ho saber al deutor e deitz-li si hi vol accórrer”, e si diu que no, lo veger al primer dia de cort e ora de cort e que cort se tinga, a demanda del creedor, deu dir als jutges: “jo trobe aital hom e axí com vós avíetz jutyat dix-li e fiu-li saber si volia acórrer a aital peynora que avia assignada a sson creedor, que corregut ha tot son temps e dóna-y hom aitant, e él respòs que no i volia acórrer”, e en aquest cas és creegut lo veger, els jutges, açò oït, deven dir a l'escrivà: “feiz-li la carta”». P. 30–31.",short_title_reference,"Costums de Tortosa. 1.3.14 : « Los quals jutges deven dir al corredor: “as correguda aquesta penyora?”, e si diu: “hoc”, deven dir: “quantz dies la as correguda?”, e si él respon e sia ver: “tres dies e plus”, deven-li dir: “què i trobes?”,e él deu dir: “aitant y trop”, ço és aquel preu que i troba e, dit lo preu, los jutges deven demanar: “qual és lo conprador?”, e el corredor deu-los assignar, lo qual comprador assignat e que sia present en la cort a dia e a ora de cort e que cort se tenga, los ditzjutges deven dir al veger enaxí: “en veger, fetz-ho saber al deutor, e deitz-li si hi vol acórrer”, e si diu que no, lo veger al primer dia de cort, dia e ora de cort e que cort se tenga, los ditz jutges deven dir e demanar al comprador: “comprat vós aquesta cosa e datz-hi aquest preu?”, e él deu dir e respondre als jutges: “hoc”, e fet lo respost: “hoc donar”, los jutges deven dir al veger enaxí: “en veger, fetz-ho saber al deutor e deitz-li si hi vol accórrer”, e si diu que no, lo veger al primer dia de cort e ora de cort e que cort se tinga, a demanda del creedor, deu dir als jutges: “jo trobe aital hom e axí com vós avíetz jutyat dix-li e fiu-li saber si volia acórrer a aital peynora que avia assignada a sson creedor, que corregut ha tot son temps e dóna-y hom aitant, e él respòs que no i volia acórrer”, e en aquest cas és creegut lo veger, els jutges, açò oït, deven dir a l'escrivà: “feiz-li la carta”». P. 30–31.",P. 30–31,P. 30–31,,,,,,,work-family-costums_de_tortosa,korneeva-sources-004;korneeva-sources-005;korneeva-sources-009;korneeva-sources-014;korneeva-sources-015;korneeva-sources-016;korneeva-sources-030;korneeva-sources-031;korneeva-sources-032,resolved_work_edition_ambiguous,work_resolved_edition_ambiguous,0.9,,,costums_de_tortosa,
mention-0698,ГЛАВА_2_ВЕРСИЯ_3.docx,9,9,1,"Варьяш О.И. Язык средневекового права // Пиренейские тетради: право, общество, власть и человек в Средние века / Сост. и отв. ред. И.И. Варьяш, Г.А. Попова. М.: Наука, 2006. С. 90.",full_reference,"Варьяш О.И. Язык средневекового права // Пиренейские тетради: право, общество, власть и человек в Средние века / Сост. и отв. ред. И.И. Варьяш, Г.А. Попова. М.: Наука, 2006. С. 90.",С. 90,С. 90,,,,,,,korneeva-research-039,korneeva-research-039,resolved_explicit,exact_title,0.98,,,,
mention-0699,ГЛАВА_2_ВЕРСИЯ_3.docx,10,10,1,Mostert M. Op. cit. P. 5–6.,relational_reference,P. 5–6,P. 5–6,P. 5–6,op_cit,Op. cit.,mention-0692,Mostert M,,korneeva-footnote-104,korneeva-footnote-104,korneeva-footnote-104,resolved_relation,op_cit_nearest_prior_work_by_author,0.95,,,,
mention-0700,ГЛАВА_2_ВЕРСИЯ_3.docx,11,11,1,"На избыточность и перенасыщенность прямой речью мусульманских судебников, написанных на старокаталанском языке в более поздний период, указывает И.И. Варьяш в работе «Мусульманская Европа: сигналы идентичности»:",commentary,"На избыточность и перенасыщенность прямой речью мусульманских судебников, написанных на старокаталанском языке в более поздний период, указывает И.И. Варьяш в работе «Мусульманская Европа: сигналы идентичности»:",,,,,,,,,,,not_bibliographic,commentary_or_internal_cross_reference,,,,,
mention-0701,ГЛАВА_2_ВЕРСИЯ_3.docx,11,11,2,"Варьяш И.И. Мусульманская Европа. Сигналы идентичности. СПб.: Наука, 2020. C. 20.",full_reference,"Варьяш И.И. Мусульманская Европа. Сигналы идентичности. СПб.: Наука, 2020. C. 20.",,,,,,,,,korneeva-research-028,korneeva-research-028,resolved_explicit,exact_title,0.98,,,,
mention-0702,ГЛАВА_2_ВЕРСИЯ_3.docx,12,12,1,"Costums de Tortosa. 2.7.2 : «…e en plan o en romans diran e preposaran en pleyt denant lo jutgie…». P. 96. Как указывают Х.Х. Чао Фернандес, Х.Ф. Меса Санс, М.К. Пуче Лопес, сходную формулу можно встретить в привилегии Жауме I, выданной Валенсии 4 июня 1264 г. См.",commentary,"Costums de Tortosa. 2.7.2 : «…e en plan o en romans diran e preposaran en pleyt denant lo jutgie…». P. 96. Как указывают Х.Х. Чао Фернандес, Х.Ф. Меса Санс, М.К. Пуче Лопес, сходную формулу можно встретить в привилегии Жауме I, выданной Валенсии 4 июня 1264 г. См.",P. 96,P. 96,,,,,,,,,not_bibliographic,commentary_or_internal_cross_reference,,,,,
mention-0703,ГЛАВА_2_ВЕРСИЯ_3.docx,12,12,2,"Chao Fernández J.J., Mesa Sanz J.F., Puche López M.C. Latín y vernáculo en los documentos de Jaime I «El Conquistador». P. 4–5. URL: https://rua.ua.es/server/api/core/bitstreams/1d1715b4-03df-44af-8f8f735d42598d67/content (дата обращения: 29.07.2026).",full_reference,"Chao Fernández J.J., Mesa Sanz J.F., Puche López M.C. Latín y vernáculo en los documentos de Jaime I «El Conquistador». P. 4–5. URL: https://rua.ua.es/server/api/core/bitstreams/1d1715b4-03df-44af-8f8f735d42598d67/content (дата обращения: 29.07.2026).",P. 4–5,P. 4–5,,,,,,,korneeva-footnote-150,korneeva-footnote-150,new_footnote_only_record,new_footnote_only_record,0.9,,,,
mention-0704,ГЛАВА_2_ВЕРСИЯ_3.docx,13,13,1,Ibid. 2.7.2 : « L’expressió «en pla o en romanç diran» sembla indicativa que la llengua oral en la pràctica forense era la llatina». P. 96.». P. 96. N. 2.,relational_reference,2.7.2 : « L’expressió «en pla o en romanç diran» sembla indicativa que la llengua oral en la pràctica forense era la llatina». P. 96.». P. 96. N. 2.,P. 96; P. 96,P. 96; P. 96,same_work,Ibid.,mention-0703,,Chao Fernández J.J.,korneeva-footnote-150,korneeva-footnote-150,korneeva-footnote-150,resolved_relation,same_work_previous_citation,1.0,,,,
mention-0705,ГЛАВА_2_ВЕРСИЯ_3.docx,14,14,1,"Pla // Alcover A.M., Moll F. de B. Diccionari català-valencià-balear. URL: https://dcvb.iec.cat/results.asp?word=pla (дата обращения: 29.07.2026)",full_reference,"Pla // Alcover A.M., Moll F. de B. Diccionari català-valencià-balear. URL: https://dcvb.iec.cat/results.asp?word=pla (дата обращения: 29.07.2026)",,,,,,,,,korneeva-footnote-151,korneeva-footnote-151,new_footnote_only_record,new_footnote_only_record,0.9,,,,
mention-0706,ГЛАВА_2_ВЕРСИЯ_3.docx,14,14,2,"Mas i Miralles A. Al voltant del mot explanar, ‘passar d’una llengua a una altra’ // Zeitschrift für Katalanistik. 2019. Bd. 32. S. 192.",full_reference,"Mas i Miralles A. Al voltant del mot explanar, ‘passar d’una llengua a una altra’ // Zeitschrift für Katalanistik. 2019. Bd. 32. S. 192.",Bd. 32,Bd. 32,,,,,,,korneeva-footnote-152,korneeva-footnote-152,new_footnote_only_record,new_footnote_only_record,0.9,,,,
mention-0707,ГЛАВА_2_ВЕРСИЯ_3.docx,15,15,1,Duarte i Montserrat C. Notes sobre el Llibre de les Costums de Tortosa // Revista de Llengua i Dret. 1985. Núm. 6. P. 23–25.,full_reference,Duarte i Montserrat C. Notes sobre el Llibre de les Costums de Tortosa // Revista de Llengua i Dret. 1985. Núm. 6. P. 23–25.,Núm. 6.; P. 23–25,Núm. 6.; P. 23–25,,,,,,,korneeva-sources-014,korneeva-sources-014,resolved_explicit,exact_title,0.98,,,,
mention-0708,ГЛАВА_2_ВЕРСИЯ_3.docx,16,16,1,"Chao Fernández J.J., Mesa Sanz J.F., Puche López M.C. Latín y vernáculo en los documentos de Jaime I «El Conquistador». P. 5. URL: https://rua.ua.es/server/api/core/bitstreams/1d1715b4-03df-44af-8f8f735d42598d67/content (дата обращения: 29.07.2026).",full_reference,"Chao Fernández J.J., Mesa Sanz J.F., Puche López M.C. Latín y vernáculo en los documentos de Jaime I «El Conquistador». P. 5. URL: https://rua.ua.es/server/api/core/bitstreams/1d1715b4-03df-44af-8f8f735d42598d67/content (дата обращения: 29.07.2026).",P. 5,P. 5,,,,,,,korneeva-footnote-150,korneeva-footnote-150,resolved_explicit,exact_title,0.98,,,,
mention-0709,ГЛАВА_2_ВЕРСИЯ_3.docx,17,17,1,LV. VI.1: «De accusatoribus reorum». P. 246–256.,short_title_reference,LV. VI.1: «De accusatoribus reorum». P. 246–256.,P. 246–256,P. 246–256,,,,,,,korneeva-sources-027,korneeva-sources-027,resolved_explicit,authoritative_abbreviation_list,1.0,LV,Lex Visigothorum — «Вестготская правда» / «Книга приговоров»,,
mention-0710,ГЛАВА_2_ВЕРСИЯ_3.docx,18,18,1,"LV. VI.5.14–15: «Si homicidam nullus accuset, iudex, mox facti crimen agnoverit, licentiam habeat corripere criminosum <...> primo proximis occisi datur licentia accusandi; quod si iidem proximi<...> distulerint, tunc accusandi homicidam tam omnibus generaliter aliis parentibus quam exteris aditum pandimus<...> Nam homicidii reus numquam potest esse securus, cum contra eum accusationem deferre nulli penitus licentia denegetur». P. 280–281.",short_title_reference,"LV. VI.5.14–15: «Si homicidam nullus accuset, iudex, mox facti crimen agnoverit, licentiam habeat corripere criminosum <...> primo proximis occisi datur licentia accusandi; quod si iidem proximi<...> distulerint, tunc accusandi homicidam tam omnibus generaliter aliis parentibus quam exteris aditum pandimus<...> Nam homicidii reus numquam potest esse securus, cum contra eum accusationem deferre nulli penitus licentia denegetur». P. 280–281.",P. 280–281,P. 280–281,,,,,,,korneeva-sources-027,korneeva-sources-027,resolved_explicit,authoritative_abbreviation_list,1.0,LV,Lex Visigothorum — «Вестготская правда» / «Книга приговоров»,,
mention-0711,ГЛАВА_2_ВЕРСИЯ_3.docx,19,19,1,"LV. VII.1.5: «Quicumque accusatur in crimine, id est veneficio, maleficio, furto aut quibuscumque factis inlicitis, accusator eius concurrat ad comitem civitatis vel iudicem <...> ut ipsi secundum leges causam discutiant <...> Prius tamen pene non subiaceat, quam aut sub presentia iudicum manifestis probationibus arguatur, aut certe <...> eum accusator inscribat; et sic in presentia iudicum <...> questionis agitetur examen». P. 288.",short_title_reference,"LV. VII.1.5: «Quicumque accusatur in crimine, id est veneficio, maleficio, furto aut quibuscumque factis inlicitis, accusator eius concurrat ad comitem civitatis vel iudicem <...> ut ipsi secundum leges causam discutiant <...> Prius tamen pene non subiaceat, quam aut sub presentia iudicum manifestis probationibus arguatur, aut certe <...> eum accusator inscribat; et sic in presentia iudicum <...> questionis agitetur examen». P. 288.",P. 288,P. 288,,,,,,,korneeva-sources-027,korneeva-sources-027,resolved_explicit,authoritative_abbreviation_list,1.0,LV,Lex Visigothorum — «Вестготская правда» / «Книга приговоров»,,
mention-0712,ГЛАВА_2_ВЕРСИЯ_3.docx,20,20,1,"Usatges de Barcelona. Us. B7 (90): «Per scripturam nullius accusacio suscipiatur, sed propria uoce accuset, si legitima et condigna accusatoris persona fiat, presente uidelicet eo quem accusare desiderat, quia nullus absens aut accusari potest aut accusare». P. 170.",short_title_reference,"Usatges de Barcelona. Us. B7 (90): «Per scripturam nullius accusacio suscipiatur, sed propria uoce accuset, si legitima et condigna accusatoris persona fiat, presente uidelicet eo quem accusare desiderat, quia nullus absens aut accusari potest aut accusare». P. 170.",P. 170,P. 170,,,,,,,work-family-usatges_de_barcelona,korneeva-sources-037;korneeva-sources-038;korneeva-sources-039;korneeva-sources-040;korneeva-sources-041;korneeva-sources-042,resolved_work_edition_ambiguous,work_resolved_edition_ambiguous,0.9,,,usatges_de_barcelona,
mention-0713,ГЛАВА_2_ВЕРСИЯ_3.docx,21,21,1,"Costums de Lleida. [162]: «De accusationibus. Non fiunt hic accusaciones cum aliqua sollempnitate vel scriptura, set sic fieri consuevit: “Ego talis conqueror de tali qui occidit talem”». P. 146.",short_title_reference,"Costums de Lleida. [162]: «De accusationibus. Non fiunt hic accusaciones cum aliqua sollempnitate vel scriptura, set sic fieri consuevit: “Ego talis conqueror de tali qui occidit talem”». P. 146.",P. 146,P. 146,,,,,,,work-family-costums_de_lleida,korneeva-sources-011;korneeva-sources-012;korneeva-sources-019,resolved_work_edition_ambiguous,work_resolved_edition_ambiguous,0.9,,,costums_de_lleida,
mention-0714,ГЛАВА_2_ВЕРСИЯ_3.docx,22,22,1,"Costums de Orta. 77: «Item, quod accusatores criminales non habeant fieri cum inscrip- cione vel alia juris sollempnitate, set sufficiat quod accusator vel denunciator dicat: “conqueror criminaliter de tali, qui occidit talem”». P. 623.",short_title_reference,"Costums de Orta. 77: «Item, quod accusatores criminales non habeant fieri cum inscrip- cione vel alia juris sollempnitate, set sufficiat quod accusator vel denunciator dicat: “conqueror criminaliter de tali, qui occidit talem”». P. 623.",P. 623,P. 623,,,,,,,korneeva-sources-013,korneeva-sources-013,resolved_explicit,source_family_unique,0.97,,,costums_d_orta,
mention-0715,ГЛАВА_2_ВЕРСИЯ_3.docx,23,23,1,"Costums de Tortosa. 1.3.2: «Lo veguer o el sag, en qual que manament fassen de venir a cort, deu dir e nomenar: “aytal hom se clama de vós, siatz aytal dia (o aytal hora) a la cort”, e si no li nomena lo nom del clamant, no val aquel manament ne cau en pena neguna aquel a qui hom auràfeyt lo manament”». P. 20.",short_title_reference,"Costums de Tortosa. 1.3.2: «Lo veguer o el sag, en qual que manament fassen de venir a cort, deu dir e nomenar: “aytal hom se clama de vós, siatz aytal dia (o aytal hora) a la cort”, e si no li nomena lo nom del clamant, no val aquel manament ne cau en pena neguna aquel a qui hom auràfeyt lo manament”». P. 20.",P. 20,P. 20,,,,,,,work-family-costums_de_tortosa,korneeva-sources-004;korneeva-sources-005;korneeva-sources-009;korneeva-sources-014;korneeva-sources-015;korneeva-sources-016;korneeva-sources-030;korneeva-sources-031;korneeva-sources-032,resolved_work_edition_ambiguous,work_resolved_edition_ambiguous,0.9,,,costums_de_tortosa,
mention-0716,ГЛАВА_2_ВЕРСИЯ_3.docx,24,24,1,Ibid. P. 610.,relational_reference,P. 610.,P. 610,P. 610,same_work,Ibid.,mention-0715,,,work-family-costums_de_tortosa,work-family-costums_de_tortosa,korneeva-sources-004;korneeva-sources-005;korneeva-sources-009;korneeva-sources-014;korneeva-sources-015;korneeva-sources-016;korneeva-sources-030;korneeva-sources-031;korneeva-sources-032,resolved_relation,same_work_previous_citation,1.0,,,,
mention-0717,ГЛАВА_2_ВЕРСИЯ_3.docx,25,25,1,"LV. II.5.10: «Morientium extrema voluntas... sive tantummodo verbis coram probatione... promulgata: hec ordinationum quatuor genera omni perenniter valere subsistant... Illa vero voluntas defuncti... que verbis tantummodo coram probatione promulgata patuerit... tunc robur plenissimum obtinebit, si testes ipsi, qui hoc audierint... infra sex mensuum spatium... sua coram iudice iuratione confirment». P. 112–113.",short_title_reference,"LV. II.5.10: «Morientium extrema voluntas... sive tantummodo verbis coram probatione... promulgata: hec ordinationum quatuor genera omni perenniter valere subsistant... Illa vero voluntas defuncti... que verbis tantummodo coram probatione promulgata patuerit... tunc robur plenissimum obtinebit, si testes ipsi, qui hoc audierint... infra sex mensuum spatium... sua coram iudice iuratione confirment». P. 112–113.",P. 112–113,P. 112–113,,,,,,,korneeva-sources-027,korneeva-sources-027,resolved_explicit,authoritative_abbreviation_list,1.0,LV,Lex Visigothorum — «Вестготская правда» / «Книга приговоров»,,
mention-0718,ГЛАВА_2_ВЕРСИЯ_3.docx,26,26,1,"LV. II.5.11(13): «In itinere pergens aut in expeditione publica moriens, si ingenuos secum non habeat, volumtatem suam propria manu conscribat. Quod si litteras nescierit aut pre langore scribere non potuerit, eandem volumtatem servis insinuet, quorum fidem episcopus adque iudex probare debebunt. Et si nullatenus antea fraudulenti fuisse patuerint, quod sub iuramenti taxatione protulerint, conscribatur, ut sacerdotis adque iudicis suscriptione firmetur; hac postmodum autoritate regia roboratum, firmum quod decreverit habeatur». P. 114.",short_title_reference,"LV. II.5.11(13): «In itinere pergens aut in expeditione publica moriens, si ingenuos secum non habeat, volumtatem suam propria manu conscribat. Quod si litteras nescierit aut pre langore scribere non potuerit, eandem volumtatem servis insinuet, quorum fidem episcopus adque iudex probare debebunt. Et si nullatenus antea fraudulenti fuisse patuerint, quod sub iuramenti taxatione protulerint, conscribatur, ut sacerdotis adque iudicis suscriptione firmetur; hac postmodum autoritate regia roboratum, firmum quod decreverit habeatur». P. 114.",P. 114,P. 114,,,,,,,korneeva-sources-027,korneeva-sources-027,resolved_explicit,authoritative_abbreviation_list,1.0,LV,Lex Visigothorum — «Вестготская правда» / «Книга приговоров»,,
mention-0719,ГЛАВА_2_ВЕРСИЯ_3.docx,27,27,1,"LV. II.5.13 (15): «Omnes scripture, quarum et auctor et testis defunctus est, in quibus tamen suscriptio vel signum conditoris adque testium firmitas repperitur, dum in audientia prolate constiterint, ex aliis cartarum signis vel suscriptionibus contropentur, suffi- ciatque ad firmitatem vel veritatis huiuis indaginem agnoscendam trium aut quattuor scripturarum similis et evidens prolata suscriptio. Quod si talibus scripturis legum tempora obviaverint, pro certo decernitur, quia valere non poterunt». P. 115.",short_title_reference,"LV. II.5.13 (15): «Omnes scripture, quarum et auctor et testis defunctus est, in quibus tamen suscriptio vel signum conditoris adque testium firmitas repperitur, dum in audientia prolate constiterint, ex aliis cartarum signis vel suscriptionibus contropentur, suffi- ciatque ad firmitatem vel veritatis huiuis indaginem agnoscendam trium aut quattuor scripturarum similis et evidens prolata suscriptio. Quod si talibus scripturis legum tempora obviaverint, pro certo decernitur, quia valere non poterunt». P. 115.",P. 115,P. 115,,,,,,,korneeva-sources-027,korneeva-sources-027,resolved_explicit,authoritative_abbreviation_list,1.0,LV,Lex Visigothorum — «Вестготская правда» / «Книга приговоров»,,
mention-0720,ГЛАВА_2_ВЕРСИЯ_3.docx,28,28,1,"Usatges de Barcelona. Us. 120(78): «SI QVIS FILIVM SVVM uel filiam seu nepotem suum siue neptem exheredare uoluerit, nominatim illum exheredet, et culpam per quam exheredet dicat, et alium in loco suo instituat, et causa exheredationis ab eo qui instituitur heres uera esse probetur. Si unum ex hiis defuerit, exheredare filium suum uel filiam, nepotem uel neptem nullo modo poterit; et si presumpserit, irritum erit et nil ualebit». P. 154.",short_title_reference,"Usatges de Barcelona. Us. 120(78): «SI QVIS FILIVM SVVM uel filiam seu nepotem suum siue neptem exheredare uoluerit, nominatim illum exheredet, et culpam per quam exheredet dicat, et alium in loco suo instituat, et causa exheredationis ab eo qui instituitur heres uera esse probetur. Si unum ex hiis defuerit, exheredare filium suum uel filiam, nepotem uel neptem nullo modo poterit; et si presumpserit, irritum erit et nil ualebit». P. 154.",P. 154,P. 154,,,,,,,work-family-usatges_de_barcelona,korneeva-sources-037;korneeva-sources-038;korneeva-sources-039;korneeva-sources-040;korneeva-sources-041;korneeva-sources-042,resolved_work_edition_ambiguous,work_resolved_edition_ambiguous,0.9,,,usatges_de_barcelona,
mention-0721,ГЛАВА_2_ВЕРСИЯ_3.docx,29,29,1,"Ibid. Us. C3(148): «Si quis testamentum uel cartam firmatam de aliqua contencione in placito ostenderit, de alia parte neque per testes neque per firmas scripturas conuincere potuerit, iudex dicat quod rectum ei uidetur, et seruet unicuique suum directum». P. 171.",relational_reference,"Us. C3(148): «Si quis testamentum uel cartam firmatam de aliqua contencione in placito ostenderit, de alia parte neque per testes neque per firmas scripturas conuincere potuerit, iudex dicat quod rectum ei uidetur, et seruet unicuique suum directum». P. 171.",P. 171,P. 171,same_work,Ibid.,mention-0720,,,work-family-usatges_de_barcelona,work-family-usatges_de_barcelona,korneeva-sources-037;korneeva-sources-038;korneeva-sources-039;korneeva-sources-040;korneeva-sources-041;korneeva-sources-042,resolved_relation,same_work_previous_citation,1.0,,,,
mention-0722,ГЛАВА_2_ВЕРСИЯ_3.docx,30,30,1,Justícia i resolució de conflictes… 2024. P. XIV.,short_title_reference,Justícia i resolució de conflictes… 2024. P. XIV.,,,,,,,,,korneeva-sources-025,korneeva-sources-025,resolved_explicit,source_family_unique,0.97,,,justicia_i_resolucio,
mention-0723,ГЛАВА_2_ВЕРСИЯ_3.docx,31,31,1,"Ibid. № 169: «Prephata autem omnia ego predictus Bernardus cum filiis meis prenominatis Bernardo atque Arnallo diffinio Domino Deo et Sancte Marie ac modis omnibus derelinquo in manu dompni Berengarii, Gerundensis episcopi, successorumque suorum, non solum ea que supranominata sunt, sed etiam omnia illa que de canonicali honore Gerundensis ecclesie alicubi poterint repperiri, diffinio atque modis omnibus evacuo sicut ad utilitatem Gerundensis ecclesie persona aliqua sanius intelligere poterit. Quam diffinitionem sive evacuationem si quis infringere temptaverit, non valeat, sed duplam Deo et prephate Sancte Marie compositionem persolvat». P. 194.",relational_reference,"№ 169: «Prephata autem omnia ego predictus Bernardus cum filiis meis prenominatis Bernardo atque Arnallo diffinio Domino Deo et Sancte Marie ac modis omnibus derelinquo in manu dompni Berengarii, Gerundensis episcopi, successorumque suorum, non solum ea que supranominata sunt, sed etiam omnia illa que de canonicali honore Gerundensis ecclesie alicubi poterint repperiri, diffinio atque modis omnibus evacuo sicut ad utilitatem Gerundensis ecclesie persona aliqua sanius intelligere poterit. Quam diffinitionem sive evacuationem si quis infringere temptaverit, non valeat, sed duplam Deo et prephate Sancte Marie compositionem persolvat». P. 194.",P. 194,P. 194,same_work,Ibid.,mention-0722,,,korneeva-sources-025,korneeva-sources-025,korneeva-sources-025,resolved_relation,same_work_previous_citation,1.0,,,,
mention-0724,ГЛАВА_2_ВЕРСИЯ_3.docx,32,32,1,"Ibid. № 315: «Ego sepedictus Olivarius, castellanus de Olone, consilio et voluntate domini mei Arnalli de Olone et uxoris eius Beatricis et filiorum suorum Petri et Guillemi ac bono animo et spontanea voluntate, diffinio et evacuo Domino Deo et Beate Marie Stagnensi et Berengario, ipsius ecclesie priori». P. 359.",relational_reference,"№ 315: «Ego sepedictus Olivarius, castellanus de Olone, consilio et voluntate domini mei Arnalli de Olone et uxoris eius Beatricis et filiorum suorum Petri et Guillemi ac bono animo et spontanea voluntate, diffinio et evacuo Domino Deo et Beate Marie Stagnensi et Berengario, ipsius ecclesie priori». P. 359.",P. 359,P. 359,same_work,Ibid.,mention-0723,,,korneeva-sources-025,korneeva-sources-025,korneeva-sources-025,resolved_relation,same_work_previous_citation,1.0,,,,
mention-0725,ГЛАВА_2_ВЕРСИЯ_3.docx,33,33,1,"Ibid. № 327: «Hanc ipsam diffinitionem et evacuationem fecit dudum Extranea uxor mea in extremo mortis periculo posita, pleno tamen sensu, memoria ac loquela…». P. 374.",relational_reference,"№ 327: «Hanc ipsam diffinitionem et evacuationem fecit dudum Extranea uxor mea in extremo mortis periculo posita, pleno tamen sensu, memoria ac loquela…». P. 374.",P. 374,P. 374,same_work,Ibid.,mention-0724,,,korneeva-sources-025,korneeva-sources-025,korneeva-sources-025,resolved_relation,same_work_previous_citation,1.0,,,,
mention-0726,ГЛАВА_2_ВЕРСИЯ_3.docx,34,34,1,"Ibid. № 327: «Hanc ipsam diffinitionem et evacuationem fecit dudum Extranea uxor mea in extremo mortis periculo posita, pleno tamen sensu, memoria ac loquela…». P. 374.",relational_reference,"№ 327: «Hanc ipsam diffinitionem et evacuationem fecit dudum Extranea uxor mea in extremo mortis periculo posita, pleno tamen sensu, memoria ac loquela…». P. 374.",P. 374,P. 374,same_work,Ibid.,mention-0725,,,korneeva-sources-025,korneeva-sources-025,korneeva-sources-025,resolved_relation,same_work_previous_citation,1.0,,,,
mention-0727,ГЛАВА_2_ВЕРСИЯ_3.docx,35,35,1,"Ibid. № 556: «Notum sit cunctis presentibus et futuris quod ego Petrus Bernardus de Ur, nullo cogente set spontanea voluntate, memoria et loquela integra, propter remedium anime mee relinquo corpus meum orto Beate Marie et relinquo eius canonice, ob remissionem peccatorum meorum et parentum meorum, quicquid habeo in villa de Alas et in eius terminis et quicquid ibi aliquo titulo habere debeo». P. 677.",relational_reference,"№ 556: «Notum sit cunctis presentibus et futuris quod ego Petrus Bernardus de Ur, nullo cogente set spontanea voluntate, memoria et loquela integra, propter remedium anime mee relinquo corpus meum orto Beate Marie et relinquo eius canonice, ob remissionem peccatorum meorum et parentum meorum, quicquid habeo in villa de Alas et in eius terminis et quicquid ibi aliquo titulo habere debeo». P. 677.",P. 677,P. 677,same_work,Ibid.,mention-0726,,,korneeva-sources-025,korneeva-sources-025,korneeva-sources-025,resolved_relation,same_work_previous_citation,1.0,,,,
mention-0728,ГЛАВА_2_ВЕРСИЯ_3.docx,36,36,1,"Ibid. № 483: «…dum adhuc esset in plena memoria ac loquela ordinavit suam extremam voluntatem de castro de Laureto, sicut superius scriptum est». P. 590.",relational_reference,"№ 483: «…dum adhuc esset in plena memoria ac loquela ordinavit suam extremam voluntatem de castro de Laureto, sicut superius scriptum est». P. 590.",P. 590,P. 590,same_work,Ibid.,mention-0727,,,korneeva-sources-025,korneeva-sources-025,korneeva-sources-025,resolved_relation,same_work_previous_citation,1.0,,,,
mention-0729,ГЛАВА_2_ВЕРСИЯ_3.docx,37,37,1,"Ibid. № 522: «Quo audito Bertrandus habuit consilium cum amicis, quo habito reddierint ad curiam et alta voce dixit: “Totum honorem illorum finio et desemparo”. Prior hoc audiens egit gratias omni conventui curie. Hanc diffinitionem audierunt et viderunt supradicti iudices et prior Poncius, Dertusensis ecclesie, et Theobaldus et Guillelmus de Ylerda, canonici supradicte ecclesie, et Moroni Ianuensis et Guillelmus Adei et Iordanus Garidelli et Raimundus de la Granada et multi alii». P. 637.",relational_reference,"№ 522: «Quo audito Bertrandus habuit consilium cum amicis, quo habito reddierint ad curiam et alta voce dixit: “Totum honorem illorum finio et desemparo”. Prior hoc audiens egit gratias omni conventui curie. Hanc diffinitionem audierunt et viderunt supradicti iudices et prior Poncius, Dertusensis ecclesie, et Theobaldus et Guillelmus de Ylerda, canonici supradicte ecclesie, et Moroni Ianuensis et Guillelmus Adei et Iordanus Garidelli et Raimundus de la Granada et multi alii». P. 637.",P. 637,P. 637,same_work,Ibid.,mention-0728,,,korneeva-sources-025,korneeva-sources-025,korneeva-sources-025,resolved_relation,same_work_previous_citation,1.0,,,,
mention-0730,ГЛАВА_2_ВЕРСИЯ_3.docx,38,38,1,"Costums de Lleida. [145]: «Non instituuntur heredes nominatim per consuetudinem, set fiunt manumissores in testamento qui rogantur sic: “Precor ut dividant omnia bona mea sicut inferius apparebit”». P. 141.",short_title_reference,"Costums de Lleida. [145]: «Non instituuntur heredes nominatim per consuetudinem, set fiunt manumissores in testamento qui rogantur sic: “Precor ut dividant omnia bona mea sicut inferius apparebit”». P. 141.",P. 141,P. 141,,,,,,,work-family-costums_de_lleida,korneeva-sources-011;korneeva-sources-012;korneeva-sources-019,resolved_work_edition_ambiguous,work_resolved_edition_ambiguous,0.9,,,costums_de_lleida,
mention-0731,ГЛАВА_2_ВЕРСИЯ_3.docx,39,39,1,"Recognoverunt proceres. [LVI]: «Item, quando instrumentum dotalium fit in hec verba: “Ego, talis, dono tibi tali uxori mee, tantum pro dote tua et sponsalicio”». P. 601.",short_title_reference,"Recognoverunt proceres. [LVI]: «Item, quando instrumentum dotalium fit in hec verba: “Ego, talis, dono tibi tali uxori mee, tantum pro dote tua et sponsalicio”». P. 601.",P. 601,P. 601,,,,,,,korneeva-sources-034,korneeva-sources-034,resolved_explicit,source_family_unique,0.97,,,recognoverunt_proceres,
mention-0732,ГЛАВА_2_ВЕРСИЯ_3.docx,40,40,1,"Costums de Tortosa. 5.6.21: «Si alcun hom dóna o establex tutor o curadora ssos fils e dirà enaxí: “do a mos fils aytal hom tutor o curador”, en aquest mot “mos fils”, enaxí bén y són enteses les files com los fils, e enaxí bén és tutor o curador de les files com dels fils, com en aquesta paraula “mos fils” s'entén files e fils e els pòstumos». P. 294.",short_title_reference,"Costums de Tortosa. 5.6.21: «Si alcun hom dóna o establex tutor o curadora ssos fils e dirà enaxí: “do a mos fils aytal hom tutor o curador”, en aquest mot “mos fils”, enaxí bén y són enteses les files com los fils, e enaxí bén és tutor o curador de les files com dels fils, com en aquesta paraula “mos fils” s'entén files e fils e els pòstumos». P. 294.",P. 294,P. 294,,,,,,,work-family-costums_de_tortosa,korneeva-sources-004;korneeva-sources-005;korneeva-sources-009;korneeva-sources-014;korneeva-sources-015;korneeva-sources-016;korneeva-sources-030;korneeva-sources-031;korneeva-sources-032,resolved_work_edition_ambiguous,work_resolved_edition_ambiguous,0.9,,,costums_de_tortosa,
mention-0733,ГЛАВА_2_ВЕРСИЯ_3.docx,41,41,1,"Ibid. 5.6.22: «Testador que establex tutor a son fil e no nomena el nom del fil, és entés que a totz los altres fils lo fa tutor e no tant solament aquels fils és entés que l' establex tutor que a en son poder». P. 294.",relational_reference,"5.6.22: «Testador que establex tutor a son fil e no nomena el nom del fil, és entés que a totz los altres fils lo fa tutor e no tant solament aquels fils és entés que l' establex tutor que a en son poder». P. 294.",P. 294,P. 294,same_work,Ibid.,mention-0732,,,work-family-costums_de_tortosa,work-family-costums_de_tortosa,korneeva-sources-004;korneeva-sources-005;korneeva-sources-009;korneeva-sources-014;korneeva-sources-015;korneeva-sources-016;korneeva-sources-030;korneeva-sources-031;korneeva-sources-032,resolved_relation,same_work_previous_citation,1.0,,,,
mention-0734,ГЛАВА_2_ВЕРСИЯ_3.docx,42,42,1,"Ibid. 6.4.13: «Si testador establex alcun hereu, pot fer substitut a aquel en aquesta forma: « “Johan hereu meu; e si no pren la heretat o no la pot pendre o no la vol pendre, so és que diga que no vol ésser hereu, substituex-li Bernat”». P. 310.",relational_reference,"6.4.13: «Si testador establex alcun hereu, pot fer substitut a aquel en aquesta forma: « “Johan hereu meu; e si no pren la heretat o no la pot pendre o no la vol pendre, so és que diga que no vol ésser hereu, substituex-li Bernat”». P. 310.",P. 310,P. 310,same_work,Ibid.,mention-0733,,,work-family-costums_de_tortosa,work-family-costums_de_tortosa,korneeva-sources-004;korneeva-sources-005;korneeva-sources-009;korneeva-sources-014;korneeva-sources-015;korneeva-sources-016;korneeva-sources-030;korneeva-sources-031;korneeva-sources-032,resolved_relation,same_work_previous_citation,1.0,,,,
mention-0735,ГЛАВА_2_ВЕРСИЯ_3.docx,43,43,1,"Justícia i resolució de conflictes… №328: «Propterea veni ad Sedem, vidi, audivi et cognovi quod Gerallus Poncii, meus avus, donavit Deo et Sancte Marie Sedis eiusque canonice prenominatum castrum per scripturam donacionis et postea illud eidem ecclesie in testamento suo dimisit». P. 375.",short_title_reference,"Justícia i resolució de conflictes… №328: «Propterea veni ad Sedem, vidi, audivi et cognovi quod Gerallus Poncii, meus avus, donavit Deo et Sancte Marie Sedis eiusque canonice prenominatum castrum per scripturam donacionis et postea illud eidem ecclesie in testamento suo dimisit». P. 375.",P. 375,P. 375,,,,,,,work-family-justicia_i_resolucio,korneeva-sources-025;korneeva-sources-026,resolved_work_edition_ambiguous,work_resolved_edition_ambiguous,0.9,,,justicia_i_resolucio,
mention-0736,ГЛАВА_2_ВЕРСИЯ_3.docx,44,44,1,"Ibid. №328: «Beatrix vero de Montross produxit sacramentale testamenti viri sui Petri de Pavia, in quo continebatur quod ipse reliquerat castrum de Ivarz iam dicto pupillo, Beatrix, uxore sua, assenciente et subscribente in sacramentali. Hostendebat quoque Petrum de Pavia filium suum indicem. Qui interrogatus a iudicibus protestatus est se indicare secundum usaticum se vidisse et audisse quod mater sua fecit donacionem iam dicto filio de castro Ivarz». P. 839, 1249.",relational_reference,"№328: «Beatrix vero de Montross produxit sacramentale testamenti viri sui Petri de Pavia, in quo continebatur quod ipse reliquerat castrum de Ivarz iam dicto pupillo, Beatrix, uxore sua, assenciente et subscribente in sacramentali. Hostendebat quoque Petrum de Pavia filium suum indicem. Qui interrogatus a iudicibus protestatus est se indicare secundum usaticum se vidisse et audisse quod mater sua fecit donacionem iam dicto filio de castro Ivarz». P. 839, 1249.","P. 839, 1249","P. 839, 1249",same_work,Ibid.,mention-0735,,,work-family-justicia_i_resolucio,work-family-justicia_i_resolucio,korneeva-sources-025;korneeva-sources-026,resolved_relation,same_work_previous_citation,1.0,,,,
mention-0737,ГЛАВА_2_ВЕРСИЯ_3.docx,45,45,1,"Costums de Perpignan. [LXII]: «…ut nemo agens teneatur in tota causa exprimere causam seu peticionis, dum tamen eam de peccunia sibi solvenda faciat cum instrumento publico facto in scribania Perpinyani». P. 584–585.",short_title_reference,"Costums de Perpignan. [LXII]: «…ut nemo agens teneatur in tota causa exprimere causam seu peticionis, dum tamen eam de peccunia sibi solvenda faciat cum instrumento publico facto in scribania Perpinyani». P. 584–585.",P. 584–585,P. 584–585,,,,,,,korneeva-sources-029,korneeva-sources-029,resolved_explicit,source_family_unique,0.97,,,coutumes_de_perpignan,
mention-0738,ГЛАВА_2_ВЕРСИЯ_3.docx,46,46,1,"Costums de Tortosa. 6.4.26: «Et con testament o derrera volentat és feit, Axí con desús és dit, la subscription dels testimonis deu dir enaxí: “ego talis rogatus a tali mesubscribo pro teste et signum meum appono”». P. 314.",short_title_reference,"Costums de Tortosa. 6.4.26: «Et con testament o derrera volentat és feit, Axí con desús és dit, la subscription dels testimonis deu dir enaxí: “ego talis rogatus a tali mesubscribo pro teste et signum meum appono”». P. 314.",P. 314,P. 314,,,,,,,work-family-costums_de_tortosa,korneeva-sources-004;korneeva-sources-005;korneeva-sources-009;korneeva-sources-014;korneeva-sources-015;korneeva-sources-016;korneeva-sources-030;korneeva-sources-031;korneeva-sources-032,resolved_work_edition_ambiguous,work_resolved_edition_ambiguous,0.9,,,costums_de_tortosa,
mention-0739,ГЛАВА_2_ВЕРСИЯ_3.docx,47,47,1,"Recognoverunt proceres. [XXV]: «Item, quod notarius potest facere testamentum ipso solo existente cum testatore, et quod, ipso faco sive notato in papiro, vocet testes coram quibus dicat se fecisse testamentum ipsius testatoris, et quod valet ac si audivissent testamentum ipsi testes». P. 595.",short_title_reference,"Recognoverunt proceres. [XXV]: «Item, quod notarius potest facere testamentum ipso solo existente cum testatore, et quod, ipso faco sive notato in papiro, vocet testes coram quibus dicat se fecisse testamentum ipsius testatoris, et quod valet ac si audivissent testamentum ipsi testes». P. 595.",P. 595,P. 595,,,,,,,korneeva-sources-034,korneeva-sources-034,resolved_explicit,source_family_unique,0.97,,,recognoverunt_proceres,
mention-0740,ГЛАВА_2_ВЕРСИЯ_3.docx,48,48,1,"Ibid. [XXVI]: «Item, quod testamentum in quo sunt duo vel tres testes adhibiti, valet et non informatur racione testium». P. 595.",relational_reference,"[XXVI]: «Item, quod testamentum in quo sunt duo vel tres testes adhibiti, valet et non informatur racione testium». P. 595.",P. 595,P. 595,same_work,Ibid.,mention-0739,,,korneeva-sources-034,korneeva-sources-034,korneeva-sources-034,resolved_relation,same_work_previous_citation,1.0,,,,
mention-0741,ГЛАВА_2_ВЕРСИЯ_3.docx,49,49,1,"Ibid. [XLVIII]: «Item, est consuetudo quod si aliquis fecerit testamentum presentibus testibus, in terra vel in mare ubicumque sit, in scriptis vel sine scriptis, seu suam voluntament etiam aliquo notario non presente in ipsa voluntate, verbotenus dicta vel scripta quod valeat ipsa ultima voluntas sive testamentum, dum testes qui interfuerint ipsi ultime voluntati vel testamento infra sex menses ex quo fuerint in Barchinona iurent in ecclesia sancti Iusti, super altare sancti Felicis martiris, presente notario qui talia testamenta conficit et aliis personis, quod ipse testes ita viderunt et audiverunt scribi seu dici, sicut in illa scriptura continetur sive ultima voluntate verbotenus ab ipso testatore dicta, et quod tale testamentum vocatur sacramentale». P. 599.",relational_reference,"[XLVIII]: «Item, est consuetudo quod si aliquis fecerit testamentum presentibus testibus, in terra vel in mare ubicumque sit, in scriptis vel sine scriptis, seu suam voluntament etiam aliquo notario non presente in ipsa voluntate, verbotenus dicta vel scripta quod valeat ipsa ultima voluntas sive testamentum, dum testes qui interfuerint ipsi ultime voluntati vel testamento infra sex menses ex quo fuerint in Barchinona iurent in ecclesia sancti Iusti, super altare sancti Felicis martiris, presente notario qui talia testamenta conficit et aliis personis, quod ipse testes ita viderunt et audiverunt scribi seu dici, sicut in illa scriptura continetur sive ultima voluntate verbotenus ab ipso testatore dicta, et quod tale testamentum vocatur sacramentale». P. 599.",P. 599,P. 599,same_work,Ibid.,mention-0740,,,korneeva-sources-034,korneeva-sources-034,korneeva-sources-034,resolved_relation,same_work_previous_citation,1.0,,,,
mention-0742,ГЛАВА_2_ВЕРСИЯ_3.docx,50,50,1,"Costums de Perpignan. [LXII]: «Item, statuimus ut nemo agens teneatur in tota causa exprimere causam seu peticionis...». P. 584.",short_title_reference,"Costums de Perpignan. [LXII]: «Item, statuimus ut nemo agens teneatur in tota causa exprimere causam seu peticionis...». P. 584.",P. 584,P. 584,,,,,,,korneeva-sources-029,korneeva-sources-029,resolved_explicit,source_family_unique,0.97,,,coutumes_de_perpignan,
mention-0743,ГЛАВА_2_ВЕРСИЯ_3.docx,51,51,1,"Consuetudines ville Tarege… [1]: «Quod si conqueritur aliquis de aliquo, civiliter, reus dilacionem unius diei habeat petendi fiduciam . In crirrinali autem causes, statim assecuret reus si crimen notorium fuerit et manifestum». P. 436.",short_title_reference,"Consuetudines ville Tarege… [1]: «Quod si conqueritur aliquis de aliquo, civiliter, reus dilacionem unius diei habeat petendi fiduciam . In crirrinali autem causes, statim assecuret reus si crimen notorium fuerit et manifestum». P. 436.",P. 436,P. 436,,,,,,,korneeva-sources-022,korneeva-sources-022,resolved_explicit,source_family_unique,0.97,,,costums_de_tarrega,
mention-0744,ГЛАВА_2_ВЕРСИЯ_3.docx,52,52,1,"Costums de Tortosa. 2.18.2: «...lo demanador pot dir e fa si·s vol: “no y vul ren provar, vàgia enant, e escondesca-m'o ab sagrament”...». P. 127.",short_title_reference,"Costums de Tortosa. 2.18.2: «...lo demanador pot dir e fa si·s vol: “no y vul ren provar, vàgia enant, e escondesca-m'o ab sagrament”...». P. 127.",P. 127,P. 127,,,,,,,work-family-costums_de_tortosa,korneeva-sources-004;korneeva-sources-005;korneeva-sources-009;korneeva-sources-014;korneeva-sources-015;korneeva-sources-016;korneeva-sources-030;korneeva-sources-031;korneeva-sources-032,resolved_work_edition_ambiguous,work_resolved_edition_ambiguous,0.9,,,costums_de_tortosa,
mention-0745,ГЛАВА_2_ВЕРСИЯ_3.docx,53,53,1,Ibid. 1.3.14: «...os ditz jutges deven dir al veger enaxí...». P. 31.,relational_reference,1.3.14: «...os ditz jutges deven dir al veger enaxí...». P. 31.,P. 31,P. 31,same_work,Ibid.,mention-0744,,,work-family-costums_de_tortosa,work-family-costums_de_tortosa,korneeva-sources-004;korneeva-sources-005;korneeva-sources-009;korneeva-sources-014;korneeva-sources-015;korneeva-sources-016;korneeva-sources-030;korneeva-sources-031;korneeva-sources-032,resolved_relation,same_work_previous_citation,1.0,,,,
mention-0746,ГЛАВА_2_ВЕРСИЯ_3.docx,54,54,1,Cerdá Ruiz-Funes J. La “Inquisitio” en los Furs de Valencia y en el “Llibre de las costums” de Tortosa // Anuario de Historia del Derecho Español. 1980. P. 563–586.,full_reference,Cerdá Ruiz-Funes J. La “Inquisitio” en los Furs de Valencia y en el “Llibre de las costums” de Tortosa // Anuario de Historia del Derecho Español. 1980. P. 563–586.,P. 563–586,P. 563–586,,,,,,,korneeva-research-215,korneeva-research-215,resolved_explicit,exact_title,0.98,,,,
mention-0747,ГЛАВА_2_ВЕРСИЯ_3.docx,55,55,1,"Recognoverunt proceres. [XLVIII]: «…quod ipse testes ita viderunt et audiverunt scribi seu dici, sicut in illa scriptura continetur sive ultima voluntate verbotenus ab ipso testatore dicta, et quod tale testamentum vocatur sacramentale». P. 599.",short_title_reference,"Recognoverunt proceres. [XLVIII]: «…quod ipse testes ita viderunt et audiverunt scribi seu dici, sicut in illa scriptura continetur sive ultima voluntate verbotenus ab ipso testatore dicta, et quod tale testamentum vocatur sacramentale». P. 599.",P. 599,P. 599,,,,,,,korneeva-sources-034,korneeva-sources-034,resolved_explicit,source_family_unique,0.97,,,recognoverunt_proceres,
mention-0748,ГЛАВА_2_ВЕРСИЯ_3.docx,56,56,1,"Constitutiones Baiule Mirabeti. 77 :  « ltem si aliquis querelam preposueril de illo, debet personam nominare de qua conqueritur et rem quam petit et qua ratione ». P. 21.",short_title_reference,"Constitutiones Baiule Mirabeti. 77 :  « ltem si aliquis querelam preposueril de illo, debet personam nominare de qua conqueritur et rem quam petit et qua ratione ». P. 21.",P. 21,P. 21,,,,,,,work-family-costums_de_miravet,korneeva-sources-007;korneeva-sources-018;korneeva-sources-028,resolved_work_edition_ambiguous,work_resolved_edition_ambiguous,0.9,,,costums_de_miravet,
mention-0749,ГЛАВА_2_ВЕРСИЯ_3.docx,57,57,1,"Usatges de Barcelona. Us. 70(75): «...cum ingeniis, quod rustici dicunt funibula, gosza et gatta …». P. 112.",short_title_reference,"Usatges de Barcelona. Us. 70(75): «...cum ingeniis, quod rustici dicunt funibula, gosza et gatta …». P. 112.",P. 112,P. 112,,,,,,,work-family-usatges_de_barcelona,korneeva-sources-037;korneeva-sources-038;korneeva-sources-039;korneeva-sources-040;korneeva-sources-041;korneeva-sources-042,resolved_work_edition_ambiguous,work_resolved_edition_ambiguous,0.9,,,usatges_de_barcelona,
mention-0750,ГЛАВА_2_ВЕРСИЯ_3.docx,58,58,1,"Ibid. Us. 94(117): «Rusticus vero si inuenerit aurum vel argentum, quod vulgo dicitur bonas…». P. 130.",relational_reference,"Us. 94(117): «Rusticus vero si inuenerit aurum vel argentum, quod vulgo dicitur bonas…». P. 130.",P. 130,P. 130,same_work,Ibid.,mention-0749,,,work-family-usatges_de_barcelona,work-family-usatges_de_barcelona,korneeva-sources-037;korneeva-sources-038;korneeva-sources-039;korneeva-sources-040;korneeva-sources-041;korneeva-sources-042,resolved_relation,same_work_previous_citation,1.0,,,,
mention-0751,ГЛАВА_2_ВЕРСИЯ_3.docx,59,59,1,Ibid. Us. 70(75): «Si quis Iudeo vel sarraceno baptizatis retraxerit illorum legem vel appellauerit eos tressalidz vel renegats…». P. 108.,relational_reference,Us. 70(75): «Si quis Iudeo vel sarraceno baptizatis retraxerit illorum legem vel appellauerit eos tressalidz vel renegats…». P. 108.,P. 108,P. 108,same_work,Ibid.,mention-0750,,,work-family-usatges_de_barcelona,work-family-usatges_de_barcelona,korneeva-sources-037;korneeva-sources-038;korneeva-sources-039;korneeva-sources-040;korneeva-sources-041;korneeva-sources-042,resolved_relation,same_work_previous_citation,1.0,,,,
mention-0752,ГЛАВА_2_ВЕРСИЯ_3.docx,60,60,1,Ibid.: «... uel appellauerit aliquem cuguz...». P. 108.,relational_reference,«... uel appellauerit aliquem cuguz...». P. 108.,P. 108,P. 108,same_work,Ibid.:,mention-0751,,,work-family-usatges_de_barcelona,work-family-usatges_de_barcelona,korneeva-sources-037;korneeva-sources-038;korneeva-sources-039;korneeva-sources-040;korneeva-sources-041;korneeva-sources-042,resolved_relation,same_work_previous_citation,1.0,,,,
mention-0753,ГЛАВА_2_ВЕРСИЯ_3.docx,61,61,1,"Атанс (кат. atanç, atans) – пристройка к стене. (См. ATANÇ, [ATANS]. // Vocabulari de la llengua catalana medieval de Lluís Faraudo de Saint-Germain. URL: https://www.iec.cat/faraudo/results.asp (поиск по слову: atanç; дата обращения: 14.04.2026).",full_reference,"Атанс (кат. atanç, atans) – пристройка к стене. (См. ATANÇ, [ATANS]. // Vocabulari de la llengua catalana medieval de Lluís Faraudo de Saint-Germain. URL: https://www.iec.cat/faraudo/results.asp (поиск по слову: atanç; дата обращения: 14.04.2026).",,,,,,,,,korneeva-reference-010,korneeva-reference-010,resolved_explicit,exact_title,0.98,,,,
mention-0754,ГЛАВА_2_ВЕРСИЯ_3.docx,62,62,1,"Recognoverunt proceres. [LVIII]: «Item, quod quilibet potest habere “atans per larc e per traves” in pariete vicino, sine impedimento lucernarum vicini que erunt ibi per triginta annos, vel quod habeat ipsas lucernas cum instrumento». P. 601.",short_title_reference,"Recognoverunt proceres. [LVIII]: «Item, quod quilibet potest habere “atans per larc e per traves” in pariete vicino, sine impedimento lucernarum vicini que erunt ibi per triginta annos, vel quod habeat ipsas lucernas cum instrumento». P. 601.",P. 601,P. 601,,,,,,,korneeva-sources-034,korneeva-sources-034,resolved_explicit,source_family_unique,0.97,,,recognoverunt_proceres,
mention-0755,ГЛАВА_2_ВЕРСИЯ_3.docx,63,63,1,"Бурсега (кат. burcega, burcegnus) – строительный термин, значение которого не до конца изучено. Вероятно, означает особый вид стены или кладки. Ср.: BURCEGNUS // Du Cange et al. Glossarium mediae et infimae latinitatis. URL: https://ducange.enc.sorbonne.fr/BURCEGNUS (дата обращения: 14.04.2026)",full_reference,"Бурсега (кат. burcega, burcegnus) – строительный термин, значение которого не до конца изучено. Вероятно, означает особый вид стены или кладки. Ср.: BURCEGNUS // Du Cange et al. Glossarium mediae et infimae latinitatis. URL: https://ducange.enc.sorbonne.fr/BURCEGNUS (дата обращения: 14.04.2026)",,,,,,,,,korneeva-reference-009,korneeva-reference-009,resolved_explicit,exact_title,0.98,,,,
mention-0756,ГЛАВА_2_ВЕРСИЯ_3.docx,63,63,2,burcega // Diccionari català-valencià-balear. URL: https://dcvb.iec.cat/results.asp?word=burcega (дата обращения: 14.04.2026).,full_reference,burcega // Diccionari català-valencià-balear. URL: https://dcvb.iec.cat/results.asp?word=burcega (дата обращения: 14.04.2026).,,,,,,,,,korneeva-footnote-151,korneeva-footnote-151,resolved_explicit,token_overlap,0.677,,,,
mention-0757,ГЛАВА_2_ВЕРСИЯ_3.docx,64,64,1,"Recognoverunt proceres. [LXIV]: «Item, quod nemo habeat “atans” in muro civitatis Barchinone, nisi cum pa- riete burcega, nisi faciat cum voluntate eius cuius est murus». P. 602.",short_title_reference,"Recognoverunt proceres. [LXIV]: «Item, quod nemo habeat “atans” in muro civitatis Barchinone, nisi cum pa- riete burcega, nisi faciat cum voluntate eius cuius est murus». P. 602.",P. 602,P. 602,,,,,,,korneeva-sources-034,korneeva-sources-034,resolved_explicit,source_family_unique,0.97,,,recognoverunt_proceres,
mention-0758,ГЛАВА_2_ВЕРСИЯ_3.docx,65,65,1,"Usatges de Barcelona. Us. 90 (117): «Rusticus vero si inuenerit aurum vel argentum, quod vulgo dicitur bonas…». P. 130.",short_title_reference,"Usatges de Barcelona. Us. 90 (117): «Rusticus vero si inuenerit aurum vel argentum, quod vulgo dicitur bonas…». P. 130.",P. 130,P. 130,,,,,,,work-family-usatges_de_barcelona,korneeva-sources-037;korneeva-sources-038;korneeva-sources-039;korneeva-sources-040;korneeva-sources-041;korneeva-sources-042,resolved_work_edition_ambiguous,work_resolved_edition_ambiguous,0.9,,,usatges_de_barcelona,
mention-0759,ГЛАВА_2_ВЕРСИЯ_3.docx,66,66,1,Бонас (лат. bonas)— локальное «народное» обозначение клада Ср.: BONAS // Du Cange et al. Glossarium mediae et infimae latinitatis. URL: https://ducange.enc.sorbonne.fr/BONAS (дата обращения: 14.04.2026).,full_reference,Бонас (лат. bonas)— локальное «народное» обозначение клада Ср.: BONAS // Du Cange et al. Glossarium mediae et infimae latinitatis. URL: https://ducange.enc.sorbonne.fr/BONAS (дата обращения: 14.04.2026).,,,,,,,,,korneeva-reference-009,korneeva-reference-009,resolved_explicit,exact_title,0.98,,,,
mention-0760,ГЛАВА_2_ВЕРСИЯ_3.docx,67,67,1,"Justícia i resolució de conflictes… 2024. № 19: «...ecclesia Beati Martini, quod vulgo dicitur Baamol». P. 24.",short_title_reference,"Justícia i resolució de conflictes… 2024. № 19: «...ecclesia Beati Martini, quod vulgo dicitur Baamol». P. 24.",P. 24,P. 24,,,,,,,korneeva-sources-025,korneeva-sources-025,resolved_explicit,source_family_unique,0.97,,,justicia_i_resolucio,
mention-0761,ГЛАВА_2_ВЕРСИЯ_3.docx,68,68,1,"Ibid. № 20: «...et aecclesiam Sancti Martini in valle Stacionense, quem dicitur Bavamolle...». P. 25.",relational_reference,"№ 20: «...et aecclesiam Sancti Martini in valle Stacionense, quem dicitur Bavamolle...». P. 25.",P. 25,P. 25,same_work,Ibid.,mention-0760,,,korneeva-sources-025,korneeva-sources-025,korneeva-sources-025,resolved_relation,same_work_previous_citation,1.0,,,,
mention-0762,ГЛАВА_2_ВЕРСИЯ_3.docx,69,69,1,"Ibid. № 20: «...et in Petra Romans, que vulgo dicitur Petrabruna, aecclesiam Sancti Stephani». P. 25.",relational_reference,"№ 20: «...et in Petra Romans, que vulgo dicitur Petrabruna, aecclesiam Sancti Stephani». P. 25.",P. 25,P. 25,same_work,Ibid.,mention-0761,,,korneeva-sources-025,korneeva-sources-025,korneeva-sources-025,resolved_relation,same_work_previous_citation,1.0,,,,
mention-0763,ГЛАВА_2_ВЕРСИЯ_3.docx,70,70,1,"Агиотопоним — топоним, образованный от имени святого, например, название церкви, часовни или монастыря. См.: Агиотопоним // Подольская Н.В. Словарь русской ономастической терминологии / 2-е изд., перераб. и доп. М.: Наука, 1988. С. 136.",full_reference,"Агиотопоним — топоним, образованный от имени святого, например, название церкви, часовни или монастыря. См.: Агиотопоним // Подольская Н.В. Словарь русской ономастической терминологии / 2-е изд., перераб. и доп. М.: Наука, 1988. С. 136.",С. 136,С. 136,,,,,,,korneeva-footnote-153,korneeva-footnote-153,new_footnote_only_record,new_footnote_only_record,0.9,,,,
mention-0764,ГЛАВА_2_ВЕРСИЯ_3.docx,71,71,1,"Justícia i resolució de conflictes… 2024. № 19: «…cum filiis meis Guilielmo et Petro, qui dicuntur Bligarii…». P. 242.",short_title_reference,"Justícia i resolució de conflictes… 2024. № 19: «…cum filiis meis Guilielmo et Petro, qui dicuntur Bligarii…». P. 242.",P. 242,P. 242,,,,,,,korneeva-sources-025,korneeva-sources-025,resolved_explicit,source_family_unique,0.97,,,justicia_i_resolucio,
mention-0765,ГЛАВА_2_ВЕРСИЯ_3.docx,72,72,1,Батедóс (кат. batedós) — народное обозначение сукновальных мельниц (валялен); ср. batedor / batador // Vocabulari de la llengua catalana medieval de Lluís Faraudo de Saint-Germain. URL: https://www.iec.cat/faraudo/results.asp?ActualPage=1&Id=3776688&Word=Llarg%2C+%5Blarch%5D&optCriteria=1&optSearchType=2&search=balena (дата обращения: 14.04.2026),full_reference,Батедóс (кат. batedós) — народное обозначение сукновальных мельниц (валялен); ср. batedor / batador // Vocabulari de la llengua catalana medieval de Lluís Faraudo de Saint-Germain. URL: https://www.iec.cat/faraudo/results.asp?ActualPage=1&Id=3776688&Word=Llarg%2C+%5Blarch%5D&optCriteria=1&optSearchType=2&search=balena (дата обращения: 14.04.2026),,,,,,,,,korneeva-reference-010,korneeva-reference-010,resolved_explicit,exact_title,0.98,,,,
mention-0766,ГЛАВА_2_ВЕРСИЯ_3.docx,72,72,2,molí draper // Gran Enciclopèdia Catalana. URL: https://www.enciclopedia.cat/gran-enciclopedia-catalana/moli-draper (дата обращения: 14.04.2026),full_reference,molí draper // Gran Enciclopèdia Catalana. URL: https://www.enciclopedia.cat/gran-enciclopedia-catalana/moli-draper (дата обращения: 14.04.2026),,,,,,,,,korneeva-footnote-129,korneeva-footnote-129,resolved_explicit,token_overlap,0.603,,,,
mention-0767,ГЛАВА_2_ВЕРСИЯ_3.docx,72,72,3,batan // Gran Enciclopèdia Catalana. URL: https://www.enciclopedia.cat/gran-enciclopedia-catalana/batan-0 (дата обращения: 14.04.2026).,full_reference,batan // Gran Enciclopèdia Catalana. URL: https://www.enciclopedia.cat/gran-enciclopedia-catalana/batan-0 (дата обращения: 14.04.2026).,,,,,,,,,korneeva-footnote-129,korneeva-footnote-129,resolved_explicit,token_overlap,0.685,,,,
mention-0768,ГЛАВА_2_ВЕРСИЯ_3.docx,73,73,1,Justícia i resolució de conflictes… 2024. № 235: «...las riberas y los batedós que vulgo nominantur...». P. 271.,short_title_reference,Justícia i resolució de conflictes… 2024. № 235: «...las riberas y los batedós que vulgo nominantur...». P. 271.,P. 271,P. 271,,,,,,,korneeva-sources-025,korneeva-sources-025,resolved_explicit,source_family_unique,0.97,,,justicia_i_resolucio,
mention-0769,ГЛАВА_2_ВЕРСИЯ_3.docx,74,74,1,"Ibid. № 478: «…in loco ubi dicitur Siurana, qui nunc et vulgo appellatur Vilet». P. 583.",relational_reference,"№ 478: «…in loco ubi dicitur Siurana, qui nunc et vulgo appellatur Vilet». P. 583.",P. 583,P. 583,same_work,Ibid.,mention-0768,,,korneeva-sources-025,korneeva-sources-025,korneeva-sources-025,resolved_relation,same_work_previous_citation,1.0,,,,
mention-0770,ГЛАВА_2_ВЕРСИЯ_3.docx,75,75,1,Ibid. № 478: «…in locis que vulgo appellantur Guardioles et Menleu…». P. 798.,relational_reference,№ 478: «…in locis que vulgo appellantur Guardioles et Menleu…». P. 798.,P. 798,P. 798,same_work,Ibid.,mention-0769,,,korneeva-sources-025,korneeva-sources-025,korneeva-sources-025,resolved_relation,same_work_previous_citation,1.0,,,,
mention-0771,ГЛАВА_2_ВЕРСИЯ_3.docx,76,76,1,Usatges de Barcelona. Us.70 (75): «...vel appellauerit eos tressalidz vel renegats <…> uel appellauerit aliquem cuguz...». P. 108.,short_title_reference,Usatges de Barcelona. Us.70 (75): «...vel appellauerit eos tressalidz vel renegats <…> uel appellauerit aliquem cuguz...». P. 108.,P. 108,P. 108,,,,,,,work-family-usatges_de_barcelona,korneeva-sources-037;korneeva-sources-038;korneeva-sources-039;korneeva-sources-040;korneeva-sources-041;korneeva-sources-042,resolved_work_edition_ambiguous,work_resolved_edition_ambiguous,0.9,,,usatges_de_barcelona,
mention-0772,ГЛАВА_2_ВЕРСИЯ_3.docx,77,77,1,"Usatges de Barcelona. Us. 6 (7–8): «GAITA ET ENCALZ de cauallario et assalt de castello emendetur per hominiaticum et per aliscaram...→ [A]guayt e encalç de cavaler e assalt de casteyl sie emenat per homanatge ho per [al]is[ca]ra». P. 56–57. В латинском тексте оммаж и алискара соединены союзом «и» (лат. — et), в старокаталанской версии — союзом «или» (старокат. — ho). Гайта (кат. gaita, guaita) — военный дозор или сторожевая служба. См.: GUAITA, [GUAYTA] // Vocabulari de la llengua catalana medieval de Lluís Faraudo de Saint-Germain.  URL: https://www.iec.cat/faraudo/results.asp?ActualPage=7&Id=3774246&Word=Guaita%2C+%5Bguayta%5D&optCriteria=1&optSearchType=2&search=ralla (дата обращения: 15.04.2026). Энкальс (кат. encalç) — преследование, погоня. См.: ENCALÇ, [ENCALS] // Vocabulari de la llengua catalana medieval de Lluís Faraudo de Saint-Germain.  URL: https://www.iec.cat/faraudo/results.asp?ActualPage=1&Id=3767891&Word=Encal%EF%BF%BD%2C+%5Bencals%5D&optCriteria=1&optSearchType=2&search=cal%EF%BF%BDo (дата обращения: 15.04.2026). Осада (кат. assalt) — нападение, натиск, приступ; в сочетании “assalt de castello” — штурм замка. См.: ASSALT // Vocabulari de la llengua catalana medieval de Lluís Faraudo de Saint-Germain.  URL: https://www.iec.cat/faraudo/results.asp?ActualPage=11&Id=3756664&Word=Assalt&optCriteria=1&optSearchType=2&search=sego (дата обращения: 15.04.2026). Алискара (лат.aliscara) — особая позорящая санкция; обозначающие тяжёлое и унизительное взыскание. См.: HARMISCARA // Du Cange et al. Glossarium mediae et infimae latinitatis / Éd. augm. Niort: L. Favre, 1883–1887. URL: https://ducange.enc.sorbonne.fr/HARMISCARA (дата обращения: 15.04.2026)",full_reference,"Usatges de Barcelona. Us. 6 (7–8): «GAITA ET ENCALZ de cauallario et assalt de castello emendetur per hominiaticum et per aliscaram...→ [A]guayt e encalç de cavaler e assalt de casteyl sie emenat per homanatge ho per [al]is[ca]ra». P. 56–57. В латинском тексте оммаж и алискара соединены союзом «и» (лат. — et), в старокаталанской версии — союзом «или» (старокат. — ho). Гайта (кат. gaita, guaita) — военный дозор или сторожевая служба. См.: GUAITA, [GUAYTA] // Vocabulari de la llengua catalana medieval de Lluís Faraudo de Saint-Germain.  URL: https://www.iec.cat/faraudo/results.asp?ActualPage=7&Id=3774246&Word=Guaita%2C+%5Bguayta%5D&optCriteria=1&optSearchType=2&search=ralla (дата обращения: 15.04.2026). Энкальс (кат. encalç) — преследование, погоня. См.: ENCALÇ, [ENCALS] // Vocabulari de la llengua catalana medieval de Lluís Faraudo de Saint-Germain.  URL: https://www.iec.cat/faraudo/results.asp?ActualPage=1&Id=3767891&Word=Encal%EF%BF%BD%2C+%5Bencals%5D&optCriteria=1&optSearchType=2&search=cal%EF%BF%BDo (дата обращения: 15.04.2026). Осада (кат. assalt) — нападение, натиск, приступ; в сочетании “assalt de castello” — штурм замка. См.: ASSALT // Vocabulari de la llengua catalana medieval de Lluís Faraudo de Saint-Germain.  URL: https://www.iec.cat/faraudo/results.asp?ActualPage=11&Id=3756664&Word=Assalt&optCriteria=1&optSearchType=2&search=sego (дата обращения: 15.04.2026). Алискара (лат.aliscara) — особая позорящая санкция; обозначающие тяжёлое и унизительное взыскание. См.: HARMISCARA // Du Cange et al. Glossarium mediae et infimae latinitatis / Éd. augm. Niort: L. Favre, 1883–1887. URL: https://ducange.enc.sorbonne.fr/HARMISCARA (дата обращения: 15.04.2026)",P. 56–57,P. 56–57,,,,,,,work-family-usatges_de_barcelona,korneeva-sources-037;korneeva-sources-038;korneeva-sources-039;korneeva-sources-040;korneeva-sources-041;korneeva-sources-042,resolved_work_edition_ambiguous,work_resolved_edition_ambiguous,0.9,,,usatges_de_barcelona,
mention-0773,ГЛАВА_2_ВЕРСИЯ_3.docx,77,77,2,"ARMISCARA // Du Cange et al. Glossarium mediae et infimae latinitatis. / Éd. augm. Niort : L. Favre, 1883–1887. URL: https://ducange.enc.sorbonne.fr/armiscara (дата обращения: 15.04.2026).",full_reference,"ARMISCARA // Du Cange et al. Glossarium mediae et infimae latinitatis. / Éd. augm. Niort : L. Favre, 1883–1887. URL: https://ducange.enc.sorbonne.fr/armiscara (дата обращения: 15.04.2026).",,,,,,,,,korneeva-reference-009,korneeva-reference-009,resolved_explicit,exact_title,0.98,,,,
mention-0774,ГЛАВА_2_ВЕРСИЯ_3.docx,78,78,1,"Обозначение оммажа (лат. — hominaticum, hominiaticum; старокат. — homanatge, homenatge) восходит к слову «человек» (лат. — homo), которое в феодальной лексике могло обозначать «человека сеньора». Оммаж — церемония признания человеком своей личной связи с сеньором и к возникавшей вследствие этого зависимости. В данной статье «Барселонских обычаев» оммаж выступает формой удовлетворения за вооружённое действие. См.:",commentary,"Обозначение оммажа (лат. — hominaticum, hominiaticum; старокат. — homanatge, homenatge) восходит к слову «человек» (лат. — homo), которое в феодальной лексике могло обозначать «человека сеньора». Оммаж — церемония признания человеком своей личной связи с сеньором и к возникавшей вследствие этого зависимости. В данной статье «Барселонских обычаев» оммаж выступает формой удовлетворения за вооружённое действие. См.:",,,,,,,,,,,not_bibliographic,commentary_or_internal_cross_reference,,,,,
mention-0775,ГЛАВА_2_ВЕРСИЯ_3.docx,78,78,2,"Rodón Binué E. El lenguaje técnico del feudalismo en el siglo XI en Cataluña: contribución al estudio del latín medieval. Barcelona: Consejo Superior de Investigaciones Científicas, Escuela de Filología, 1957. P. 136–138",full_reference,"Rodón Binué E. El lenguaje técnico del feudalismo en el siglo XI en Cataluña: contribución al estudio del latín medieval. Barcelona: Consejo Superior de Investigaciones Científicas, Escuela de Filología, 1957. P. 136–138",P. 136–138,P. 136–138,,,,,,,korneeva-research-359,korneeva-research-359,resolved_explicit,token_overlap,0.645,,,,
mention-0776,ГЛАВА_2_ВЕРСИЯ_3.docx,78,78,3,"Coderch M. Entre l’amor i el dret: l’ús del lèxic feudal a la lírica amorosa medieval catalana i valenciana // Anuario de Estudios Medievales. 2015. Vol. 45, núm. 1. P. 220.",full_reference,"Coderch M. Entre l’amor i el dret: l’ús del lèxic feudal a la lírica amorosa medieval catalana i valenciana // Anuario de Estudios Medievales. 2015. Vol. 45, núm. 1. P. 220.","Vol. 45, núm; P. 220","Vol. 45, núm; P. 220",,,,,,,korneeva-footnote-154,korneeva-footnote-154,new_footnote_only_record,new_footnote_only_record,0.9,,,,
mention-0777,ГЛАВА_2_ВЕРСИЯ_3.docx,79,79,1,"Usatges de Barcelona. Us. 73 (93–94–95): «... nec debellare cum ingeniis, quod rustici dicunt funibula, gosza et gatta, quia magnum dedecus erit potestatibus». P. 112. Фунибула (лат. funibula/fundibula) — осадная камнемётная машина. Ср.: FUNDIBULA // Du Cange et al. Glossarium mediae et infimae latinitatis / éd. augm. Niort : L. Favre, 1883–1887. T. 3. URL: https://ducange.enc.sorbonne.fr/FUNDIBULA (дата обращения: 14.04.2026)",full_reference,"Usatges de Barcelona. Us. 73 (93–94–95): «... nec debellare cum ingeniis, quod rustici dicunt funibula, gosza et gatta, quia magnum dedecus erit potestatibus». P. 112. Фунибула (лат. funibula/fundibula) — осадная камнемётная машина. Ср.: FUNDIBULA // Du Cange et al. Glossarium mediae et infimae latinitatis / éd. augm. Niort : L. Favre, 1883–1887. T. 3. URL: https://ducange.enc.sorbonne.fr/FUNDIBULA (дата обращения: 14.04.2026)",P. 112,P. 112,,,,,,,work-family-usatges_de_barcelona,korneeva-sources-037;korneeva-sources-038;korneeva-sources-039;korneeva-sources-040;korneeva-sources-041;korneeva-sources-042,resolved_work_edition_ambiguous,work_resolved_edition_ambiguous,0.9,,,usatges_de_barcelona,
mention-0778,ГЛАВА_2_ВЕРСИЯ_3.docx,79,79,2,"FRANDEGULUM // Du Cange et al. Glossarium mediae et infimae latinitatis / éd. augm. Niort : L. Favre, 1883–1887. URL: https://ducange.enc.sorbonne.fr/FRANDEGULUM (дата обращения: 14.04.2026). Госка (лат. gosza) — осадная машина; по мнению К.А. Прието Эспиносы, термин следует интерпретировать как «осадная машина, использовавшаяся наподобие тарана». См.:",full_reference,"FRANDEGULUM // Du Cange et al. Glossarium mediae et infimae latinitatis / éd. augm. Niort : L. Favre, 1883–1887. URL: https://ducange.enc.sorbonne.fr/FRANDEGULUM (дата обращения: 14.04.2026). Госка (лат. gosza) — осадная машина; по мнению К.А. Прието Эспиносы, термин следует интерпретировать как «осадная машина, использовавшаяся наподобие тарана». См.:",,,,,,,,,korneeva-reference-009,korneeva-reference-009,resolved_explicit,exact_title,0.98,,,,
mention-0779,ГЛАВА_2_ВЕРСИЯ_3.docx,79,79,3,"Prieto Espinosa C.A. El lèxic dels oficis a la documentació llatina de la Catalunya altmedieval : doctoral thesis. Barcelona : Universitat de Barcelona, 2020. T. 1. P. 381. Гатта (лат. Gatta) — осадная машина типа крытой подвижной галереи; латинские аналоги термина – vinea или pluteus. По мнению К.А. Прието Эспиносы, термин следует интерпретировать как «осадная машина, использовавшаяся наподобие тарана». См.:",full_reference,"Prieto Espinosa C.A. El lèxic dels oficis a la documentació llatina de la Catalunya altmedieval : doctoral thesis. Barcelona : Universitat de Barcelona, 2020. T. 1. P. 381. Гатта (лат. Gatta) — осадная машина типа крытой подвижной галереи; латинские аналоги термина – vinea или pluteus. По мнению К.А. Прието Эспиносы, термин следует интерпретировать как «осадная машина, использовавшаяся наподобие тарана». См.:",P. 381,P. 381,,,,,,,korneeva-footnote-079,korneeva-footnote-079,resolved_explicit,exact_title,0.98,,,,
mention-0780,ГЛАВА_2_ВЕРСИЯ_3.docx,79,79,4,"Prieto Espinosa C.A. El lèxic dels oficis a la documentació llatina de la Catalunya altmedieval : doctoral thesis. Barcelona: Universitat de Barcelona, 2020. T. 1. P. 381. См.: GATTA // Du Cange et al. Glossarium mediae et infimae latinitatis / éd. augm. Niort : L. Favre, 1883–1887. URL: https://ducange.enc.sorbonne.fr/GATTA (дата обращения: 14.04.2026).",full_reference,"Prieto Espinosa C.A. El lèxic dels oficis a la documentació llatina de la Catalunya altmedieval : doctoral thesis. Barcelona: Universitat de Barcelona, 2020. T. 1. P. 381. См.: GATTA // Du Cange et al. Glossarium mediae et infimae latinitatis / éd. augm. Niort : L. Favre, 1883–1887. URL: https://ducange.enc.sorbonne.fr/GATTA (дата обращения: 14.04.2026).",P. 381,P. 381,,,,,,,korneeva-footnote-079,korneeva-footnote-079,resolved_explicit,exact_title,0.98,,,,
mention-0781,ГЛАВА_2_ВЕРСИЯ_3.docx,80,80,1,Zimmerman M. La représentation de la noblesse... P. 25.,short_title_reference,Zimmerman M. La représentation de la noblesse... P. 25.,P. 25,P. 25,,,,,,,korneeva-research-429,korneeva-research-429,resolved_explicit,author_and_truncated_title,1.0,,,,
mention-0782,ГЛАВА_2_ВЕРСИЯ_3.docx,81,81,1,Usatges de Barcelona. Us. 70 (90): «“SI QVIS IVDEO uel sarraceno baptizatis retraxerit illorum legem uel appellauerit eos tressalidz uel renegats …». P. 108–109.,short_title_reference,Usatges de Barcelona. Us. 70 (90): «“SI QVIS IVDEO uel sarraceno baptizatis retraxerit illorum legem uel appellauerit eos tressalidz uel renegats …». P. 108–109.,P. 108–109,P. 108–109,,,,,,,work-family-usatges_de_barcelona,korneeva-sources-037;korneeva-sources-038;korneeva-sources-039;korneeva-sources-040;korneeva-sources-041;korneeva-sources-042,resolved_work_edition_ambiguous,work_resolved_edition_ambiguous,0.9,,,usatges_de_barcelona,
mention-0783,ГЛАВА_2_ВЕРСИЯ_3.docx,82,82,1,"Ibid. Us. 39(42),70 (90). P. 82–83; 108–109. Renegatus // Du Cange C. et al. Glossarium mediae et infimae latinitatis / éd. augm., Niort : L. Favre, 1883—1887, t. 7, col. 123c. URL : http://ducange.enc.sorbonne.fr/RENEGATUS (дата обращения: 27.03.2023)",relational_reference,"Us. 39(42),70 (90). P. 82–83; 108–109. Renegatus // Du Cange C. et al. Glossarium mediae et infimae latinitatis / éd. augm., Niort : L. Favre, 1883—1887, t. 7, col. 123c. URL : http://ducange.enc.sorbonne.fr/RENEGATUS (дата обращения: 27.03.2023)",P. 82–83,P. 82–83,same_work,Ibid.,mention-0782,,,work-family-usatges_de_barcelona,work-family-usatges_de_barcelona,korneeva-sources-037;korneeva-sources-038;korneeva-sources-039;korneeva-sources-040;korneeva-sources-041;korneeva-sources-042,resolved_relation,same_work_previous_citation,1.0,,,,
mention-0784,ГЛАВА_2_ВЕРСИЯ_3.docx,82,82,2,Renegat // Gran Diccionari de la llengua catalana (GDLC). URL : https://www.diccionari.cat/EC—GDLC—e00116932.xml# (дата обращения: 27.03.2023).,full_reference,Renegat // Gran Diccionari de la llengua catalana (GDLC). URL : https://www.diccionari.cat/EC—GDLC—e00116932.xml# (дата обращения: 27.03.2023).,,,,,,,,,korneeva-reference-008,korneeva-reference-008,resolved_explicit,exact_title,0.98,,,,
mention-0785,ГЛАВА_2_ВЕРСИЯ_3.docx,83,83,1,"Usatges de Barcelona. Us. 60(64): «...christiani et sarraceni, iudei et heretici, possint se in illis fidare et credere non solum illorum personas...». P. 96–97",short_title_reference,"Usatges de Barcelona. Us. 60(64): «...christiani et sarraceni, iudei et heretici, possint se in illis fidare et credere non solum illorum personas...». P. 96–97",P. 96–97,P. 96–97,,,,,,,work-family-usatges_de_barcelona,korneeva-sources-037;korneeva-sources-038;korneeva-sources-039;korneeva-sources-040;korneeva-sources-041;korneeva-sources-042,resolved_work_edition_ambiguous,work_resolved_edition_ambiguous,0.9,,,usatges_de_barcelona,
mention-0786,ГЛАВА_2_ВЕРСИЯ_3.docx,83,83,2,"Hæreticus // Du Cange C. et al. Glossarium mediae et infimae latinitatis / éd. augm., Niort : L. Favre. 18831887. T. 4. Col. 155c. URL : http://ducange.enc.sorbonne.fr/HAERETICUS (дата обращения: 27.03.2023).",full_reference,"Hæreticus // Du Cange C. et al. Glossarium mediae et infimae latinitatis / éd. augm., Niort : L. Favre. 18831887. T. 4. Col. 155c. URL : http://ducange.enc.sorbonne.fr/HAERETICUS (дата обращения: 27.03.2023).",,,,,,,,,korneeva-reference-009,korneeva-reference-009,resolved_explicit,exact_title,0.98,,,,
mention-0787,ГЛАВА_2_ВЕРСИЯ_3.docx,84,84,1,"Usatges de Barcelona. Us. 60(64). В данной статье «Барселонских обычаев» в рамках перечисления религиозных групп и видно, что «еретики» не относятся ни к иудеям, ни к мусульманам, ни к христианам, и представляют собой отдельную конфессиональную группу.",short_title_reference,"Usatges de Barcelona. Us. 60(64). В данной статье «Барселонских обычаев» в рамках перечисления религиозных групп и видно, что «еретики» не относятся ни к иудеям, ни к мусульманам, ни к христианам, и представляют собой отдельную конфессиональную группу.",,,,,,,,,work-family-usatges_de_barcelona,korneeva-sources-037;korneeva-sources-038;korneeva-sources-039;korneeva-sources-040;korneeva-sources-041;korneeva-sources-042,resolved_work_edition_ambiguous,work_resolved_edition_ambiguous,0.9,,,usatges_de_barcelona,
mention-0788,ГЛАВА_2_ВЕРСИЯ_3.docx,85,85,1,El catarisme als Països Catalans // Gran Enciclopédia Catalana. URL: https://www.enciclopedia.cat/ec—gec—0089425.xml (дата обращения: 19.04.2024),full_reference,El catarisme als Països Catalans // Gran Enciclopédia Catalana. URL: https://www.enciclopedia.cat/ec—gec—0089425.xml (дата обращения: 19.04.2024),,,,,,,,,korneeva-footnote-155,korneeva-footnote-155,new_footnote_only_record,new_footnote_only_record,0.9,,,,
mention-0789,ГЛАВА_2_ВЕРСИЯ_3.docx,86,86,1,Ventura i Subirats J. El catarismo en Cataluña // Boletín de la Real Academia de Buenas Letras de Barcelona. 1960. T. 28. P. 75–158.,full_reference,Ventura i Subirats J. El catarismo en Cataluña // Boletín de la Real Academia de Buenas Letras de Barcelona. 1960. T. 28. P. 75–158.,P. 75–158,P. 75–158,,,,,,,korneeva-footnote-056,korneeva-footnote-056,resolved_explicit,token_overlap,0.644,,,,
mention-0790,ГЛАВА_2_ВЕРСИЯ_3.docx,87,87,1,"Рогоносец (кат. cuguz, cuguç) — оскорбительное обозначение мужа, жена которого была уличена в супружеской неверности, то есть «рогоносца»; ср. cuguç // Vocabulari de la llengua catalana medieval de Lluís Faraudo de Saint-Germain.  URL: https://www.iec.cat/faraudo/ (поиск по слову: cuguç; дата обращения: 15.04.2026)",full_reference,"Рогоносец (кат. cuguz, cuguç) — оскорбительное обозначение мужа, жена которого была уличена в супружеской неверности, то есть «рогоносца»; ср. cuguç // Vocabulari de la llengua catalana medieval de Lluís Faraudo de Saint-Germain.  URL: https://www.iec.cat/faraudo/ (поиск по слову: cuguç; дата обращения: 15.04.2026)",,,,,,,,,korneeva-reference-010,korneeva-reference-010,resolved_explicit,exact_title,0.98,,,,
mention-0791,ГЛАВА_2_ВЕРСИЯ_3.docx,87,87,2,: cuguç // Diccionari català-valencià-balear.  URL: https://dcvb.iec.cat/results.asp?word=cugu%25u00e7 (дата обращения: 15.04.2026).,full_reference,: cuguç // Diccionari català-valencià-balear.  URL: https://dcvb.iec.cat/results.asp?word=cugu%25u00e7 (дата обращения: 15.04.2026).,,,,,,,,,korneeva-footnote-151,korneeva-footnote-151,resolved_explicit,token_overlap,0.677,,,,
mention-0792,ГЛАВА_2_ВЕРСИЯ_3.docx,88,88,1,Usatges de Barcelona. Us. 70(90). P. 108,short_title_reference,Usatges de Barcelona. Us. 70(90). P. 108,P. 108,P. 108,,,,,,,work-family-usatges_de_barcelona,korneeva-sources-037;korneeva-sources-038;korneeva-sources-039;korneeva-sources-040;korneeva-sources-041;korneeva-sources-042,resolved_work_edition_ambiguous,work_resolved_edition_ambiguous,0.9,,,usatges_de_barcelona,
mention-0793,ГЛАВА_2_ВЕРСИЯ_3.docx,88,88,2,"Cuguç // Coromines J. Diccionari etimològic i complementari de la llengua catalana. Barcelona: Curial Edicions Catalanes, 1981. Vol. 2. P. 1086.",full_reference,"Cuguç // Coromines J. Diccionari etimològic i complementari de la llengua catalana. Barcelona: Curial Edicions Catalanes, 1981. Vol. 2. P. 1086.",Vol. 2; P. 1086,Vol. 2; P. 1086,,,,,,,korneeva-footnote-156,korneeva-footnote-156,new_footnote_only_record,new_footnote_only_record,0.9,,,,
mention-0794,ГЛАВА_2_ВЕРСИЯ_3.docx,89,89,1,Usatges de Barcelona. Us. 70(90). P. 108–109.,short_title_reference,Usatges de Barcelona. Us. 70(90). P. 108–109.,P. 108–109,P. 108–109,,,,,,,work-family-usatges_de_barcelona,korneeva-sources-037;korneeva-sources-038;korneeva-sources-039;korneeva-sources-040;korneeva-sources-041;korneeva-sources-042,resolved_work_edition_ambiguous,work_resolved_edition_ambiguous,0.9,,,usatges_de_barcelona,
mention-0795,ГЛАВА_2_ВЕРСИЯ_3.docx,90,90,1,"Gudiol i Cunill J. Traducció dels Usatges, les més antigues constitucions de Catalunya y les Costumes de Pere Albert // Anuari de l’Institut d’Estudis Catalans. 1907. Vol. 1. P. 295.",full_reference,"Gudiol i Cunill J. Traducció dels Usatges, les més antigues constitucions de Catalunya y les Costumes de Pere Albert // Anuari de l’Institut d’Estudis Catalans. 1907. Vol. 1. P. 295.",Vol. 1; P. 295,Vol. 1; P. 295,,,,,,,korneeva-footnote-157,korneeva-footnote-157,new_footnote_only_record,new_footnote_only_record,0.9,,,,
mention-0796,ГЛАВА_2_ВЕРСИЯ_3.docx,91,91,1,Об этом разночтении см. §2.4.4.,commentary,Об этом разночтении см. §2.4.4.,,,,,,,,,,,not_bibliographic,commentary_or_internal_cross_reference,,,,,
mention-0797,ГЛАВА_2_ВЕРСИЯ_3.docx,92,92,1,"Старокаталанское слово «бург» (старокат. — burc, burch) могло обозначать поселение, сложившееся возле укреплённого города или замка. Поэтому слова «или в бургах» (лат. — uel burgos; старокат. — o els burcs) расширяли территориальный охват нормы и не являлись повторением предшествующего указания на пространство внутри городских стен. См.:",commentary,"Старокаталанское слово «бург» (старокат. — burc, burch) могло обозначать поселение, сложившееся возле укреплённого города или замка. Поэтому слова «или в бургах» (лат. — uel burgos; старокат. — o els burcs) расширяли территориальный охват нормы и не являлись повторением предшествующего указания на пространство внутри городских стен. См.:",,,,,,,,,,,not_bibliographic,commentary_or_internal_cross_reference,,,,,
mention-0798,ГЛАВА_2_ВЕРСИЯ_3.docx,92,92,2,"Jaime Moya J.M. El lèxic d’origen germànic en el llatí medieval de Catalunya: tesi doctoral. Barcelona: Universitat de Barcelona, 2015. P. 63–64.",full_reference,"Jaime Moya J.M. El lèxic d’origen germànic en el llatí medieval de Catalunya: tesi doctoral. Barcelona: Universitat de Barcelona, 2015. P. 63–64.",P. 63–64,P. 63–64,,,,,,,korneeva-footnote-158,korneeva-footnote-158,new_footnote_only_record,new_footnote_only_record,0.9,,,,
mention-0799,ГЛАВА_2_ВЕРСИЯ_3.docx,93,93,1,"Варьяш О.И. Средневековое право: Опыт пристального чтения некоторых памятников // Пиренейские тетради: право, общество, власть и человек в Средние века. / сост. и отв. ред. И.И. Варьяш, Г.А. Попова, М., 2006. С. 181.",full_reference,"Варьяш О.И. Средневековое право: Опыт пристального чтения некоторых памятников // Пиренейские тетради: право, общество, власть и человек в Средние века. / сост. и отв. ред. И.И. Варьяш, Г.А. Попова, М., 2006. С. 181.",С. 181,С. 181,,,,,,,korneeva-footnote-159,korneeva-footnote-159,new_footnote_only_record,new_footnote_only_record,0.9,,,,
mention-0800,ГЛАВА_2_ВЕРСИЯ_3.docx,94,94,1,"Cuguç // Coromines J. Diccionari etimològic i complementari de la llengua catalana. Barcelona: Curial Edicions Catalanes, 1981. Vol. 2. P. 1086.",full_reference,"Cuguç // Coromines J. Diccionari etimològic i complementari de la llengua catalana. Barcelona: Curial Edicions Catalanes, 1981. Vol. 2. P. 1086.",Vol. 2; P. 1086,Vol. 2; P. 1086,,,,,,,korneeva-footnote-156,korneeva-footnote-156,resolved_explicit,token_overlap,1.0,,,,
mention-0801,ГЛАВА_2_ВЕРСИЯ_3.docx,95,95,1,Costums de Tortosa. Carta de l'acapte de la Ciutat de Tortosa. P. 531.,short_title_reference,Costums de Tortosa. Carta de l'acapte de la Ciutat de Tortosa. P. 531.,P. 531,P. 531,,,,,,,work-family-costums_de_tortosa,korneeva-sources-004;korneeva-sources-005;korneeva-sources-009;korneeva-sources-014;korneeva-sources-015;korneeva-sources-016;korneeva-sources-030;korneeva-sources-031;korneeva-sources-032,resolved_work_edition_ambiguous,work_resolved_edition_ambiguous,0.9,,,costums_de_tortosa,
mention-0802,ГЛАВА_2_ВЕРСИЯ_3.docx,96,96,1,"Ibid. 9.4.2: «Injúria és qui a altre cridarà traydor o bare, cugús, ladre, perjur, putana, corregut, aültre, renegat, o altres coses semblantz a aquestes, renegat, o altres coses semblants a aquestes, jasia so que sia ver o no». P. 419.",relational_reference,"9.4.2: «Injúria és qui a altre cridarà traydor o bare, cugús, ladre, perjur, putana, corregut, aültre, renegat, o altres coses semblantz a aquestes, renegat, o altres coses semblants a aquestes, jasia so que sia ver o no». P. 419.",P. 419,P. 419,same_work,Ibid.,mention-0801,,,work-family-costums_de_tortosa,work-family-costums_de_tortosa,korneeva-sources-004;korneeva-sources-005;korneeva-sources-009;korneeva-sources-014;korneeva-sources-015;korneeva-sources-016;korneeva-sources-030;korneeva-sources-031;korneeva-sources-032,resolved_relation,same_work_previous_citation,1.0,,,,
mention-0803,ГЛАВА_2_ВЕРСИЯ_3.docx,97,97,1,Usatges de Barcelona. Us. 85 (108).,short_title_reference,Usatges de Barcelona. Us. 85 (108).,,,,,,,,,work-family-usatges_de_barcelona,korneeva-sources-037;korneeva-sources-038;korneeva-sources-039;korneeva-sources-040;korneeva-sources-041;korneeva-sources-042,resolved_work_edition_ambiguous,work_resolved_edition_ambiguous,0.9,,,usatges_de_barcelona,
mention-0804,ГЛАВА_2_ВЕРСИЯ_3.docx,98,98,1,Reig E.S. E de la paraula “aixovar” // Aula de lletres valencianes. Núm. 2. 2012. P. 95,full_reference,Reig E.S. E de la paraula “aixovar” // Aula de lletres valencianes. Núm. 2. 2012. P. 95,Núm. 2.; P. 95,Núm. 2.; P. 95,,,,,,,korneeva-footnote-160,korneeva-footnote-160,new_footnote_only_record,new_footnote_only_record,0.9,,,,
mention-0805,ГЛАВА_2_ВЕРСИЯ_3.docx,98,98,2,"Biosca i Bas A. Aproximación a los arabismos en la documentación de Jaime I // IV Congresso Internacional de Latim Medieval Hispânico. Lisboa, 12–15 de outubro de 2005 : actas. Lisboa, 2006. P. 219–226",full_reference,"Biosca i Bas A. Aproximación a los arabismos en la documentación de Jaime I // IV Congresso Internacional de Latim Medieval Hispânico. Lisboa, 12–15 de outubro de 2005 : actas. Lisboa, 2006. P. 219–226",P. 219–226,P. 219–226,,,,,,,korneeva-footnote-161,korneeva-footnote-161,new_footnote_only_record,new_footnote_only_record,0.9,,,,
mention-0806,ГЛАВА_2_ВЕРСИЯ_3.docx,98,98,3,To Figueras L. Las Mujeres en la sociedad catalana de los siglos IX al XI.... P. 352.,short_title_reference,To Figueras L. Las Mujeres en la sociedad catalana de los siglos IX al XI.... P. 352.,P. 352,P. 352,,,,,,,korneeva-curated-to-figueras-mujeres,korneeva-curated-to-figueras-mujeres,resolved_explicit,exact_title,0.98,,,,
mention-0807,ГЛАВА_2_ВЕРСИЯ_3.docx,99,99,1,Biosca i Bas A.Op. cit. P. 221.,relational_reference,P. 221,P. 221,P. 221,op_cit,Op. cit.,mention-0805,Biosca i Bas A,,korneeva-footnote-161,korneeva-footnote-161,korneeva-footnote-161,resolved_relation,op_cit_nearest_prior_work_by_author,0.95,,,,
mention-0808,ГЛАВА_2_ВЕРСИЯ_3.docx,100,100,1,To Figueras L. Op. cit. P. 352.,relational_reference,P. 352,P. 352,P. 352,op_cit,Op. cit.,mention-0806,To Figueras L,,korneeva-curated-to-figueras-mujeres,korneeva-curated-to-figueras-mujeres,korneeva-footnote-026;korneeva-research-402;korneeva-footnote-027;korneeva-research-403;korneeva-research-404;korneeva-curated-to-figueras-mujeres,resolved_relation,op_cit_nearest_prior_work_by_author,0.95,,,,multiple earlier works by this author; nearest preceding work selected by relational order
mention-0809,ГЛАВА_2_ВЕРСИЯ_3.docx,101,101,1,"Aixovar // Coromines J. Diccionari etimològic i complementari de la llengua catalana. Barcelona: Curial Edicions Catalanes, 1980. Vol. 1. P. 115–116",full_reference,"Aixovar // Coromines J. Diccionari etimològic i complementari de la llengua catalana. Barcelona: Curial Edicions Catalanes, 1980. Vol. 1. P. 115–116",Vol. 1; P. 115–116,Vol. 1; P. 115–116,,,,,,,korneeva-footnote-156,korneeva-footnote-156,resolved_explicit,token_overlap,0.763,,,,
mention-0810,ГЛАВА_2_ВЕРСИЯ_3.docx,101,101,2,"To Figueras L. Les fonctions de la dot et du douaire dans la société rurale de la Catalogne (Xe–XIe siècle) // Dots et douaires dans le haut Moyen Âge. Rome: École française de Rome, 2002. P. 189–217.",full_reference,"To Figueras L. Les fonctions de la dot et du douaire dans la société rurale de la Catalogne (Xe–XIe siècle) // Dots et douaires dans le haut Moyen Âge. Rome: École française de Rome, 2002. P. 189–217.",P. 189–217,P. 189–217,,,,,,,korneeva-footnote-162,korneeva-footnote-162,new_footnote_only_record,new_footnote_only_record,0.9,,,,
mention-0811,ГЛАВА_2_ВЕРСИЯ_3.docx,102,102,1,Prieto Espinosa C.A. Op.cit.Vol. I. P. 72.,relational_reference,Vol. I. P. 72,Vol. I; P. 72,Vol. I; P. 72,op_cit,Op.cit.,mention-0780,Prieto Espinosa C.A,,korneeva-footnote-079,korneeva-footnote-079,korneeva-footnote-079,resolved_relation,op_cit_nearest_prior_work_by_author,0.95,,,,
mention-0812,ГЛАВА_2_ВЕРСИЯ_3.docx,103,103,1,"Usatges de Barcelona. Us. 86 (109): «DE REBVS et facultatibus de exorchis pagensi: bus illis ab hoc seculo discessis, eorum seniores habeant partem illam quam debent habere in simul filii, si ibi remansissent ab exorchiis procreati». P. 122.",short_title_reference,"Usatges de Barcelona. Us. 86 (109): «DE REBVS et facultatibus de exorchis pagensi: bus illis ab hoc seculo discessis, eorum seniores habeant partem illam quam debent habere in simul filii, si ibi remansissent ab exorchiis procreati». P. 122.",P. 122,P. 122,,,,,,,work-family-usatges_de_barcelona,korneeva-sources-037;korneeva-sources-038;korneeva-sources-039;korneeva-sources-040;korneeva-sources-041;korneeva-sources-042,resolved_work_edition_ambiguous,work_resolved_edition_ambiguous,0.9,,,usatges_de_barcelona,
mention-0813,ГЛАВА_2_ВЕРСИЯ_3.docx,104,104,1,"Riquesa, [rriquea] s.// Vocabulari de la llengua catalana medieval de Lluís Faraudo de Saint-Germain. URL : http://www.iec.cat/faraudo/results.asp?search=honta&optCriteria=0&optSearchType=1 (дата обращения: 14.04.2023).",full_reference,"Riquesa, [rriquea] s.// Vocabulari de la llengua catalana medieval de Lluís Faraudo de Saint-Germain. URL : http://www.iec.cat/faraudo/results.asp?search=honta&optCriteria=0&optSearchType=1 (дата обращения: 14.04.2023).",,,,,,,,,korneeva-reference-010,korneeva-reference-010,resolved_explicit,exact_title,0.98,,,,
mention-0814,ГЛАВА_2_ВЕРСИЯ_3.docx,105,105,1,"Экзоркия (кат. exorquia) — право сеньора на выморочное имущество крестьянина, умершего без наследников и само выморочное имущество. См. Eixorquia, [exorquia] s.// Vocabulari de la llengua catalana medieval de Lluís Faraudo de Saint-Germain. URL : http://www.iec.cat/faraudo/results.asp?Word=Eixorquia,%20[exorquia]&Id=3070441&search=eixor&optCriteria=0&optSearchType=1&ActualPage=1(дата обращения: 14.04.2023)",full_reference,"Экзоркия (кат. exorquia) — право сеньора на выморочное имущество крестьянина, умершего без наследников и само выморочное имущество. См. Eixorquia, [exorquia] s.// Vocabulari de la llengua catalana medieval de Lluís Faraudo de Saint-Germain. URL : http://www.iec.cat/faraudo/results.asp?Word=Eixorquia,%20[exorquia]&Id=3070441&search=eixor&optCriteria=0&optSearchType=1&ActualPage=1(дата обращения: 14.04.2023)",,,,,,,,,korneeva-reference-010,korneeva-reference-010,resolved_explicit,exact_title,0.98,,,,
mention-0815,ГЛАВА_2_ВЕРСИЯ_3.docx,105,105,2,"Варьяш И.И., Астахов М.А. Арагонская Корона в XV в. // История Испании / под ред. В.А. Ведюшкина, Г.А. Поповой. М.: «Индрик», 2012. Т. 1. С. 346.",full_reference,"Варьяш И.И., Астахов М.А. Арагонская Корона в XV в. // История Испании / под ред. В.А. Ведюшкина, Г.А. Поповой. М.: «Индрик», 2012. Т. 1. С. 346.",Т. 1; С. 346,Т. 1; С. 346,,,,,,,korneeva-footnote-137,korneeva-footnote-137,resolved_explicit,exact_title,0.98,,,,
mention-0816,ГЛАВА_2_ВЕРСИЯ_3.docx,106,106,1,"См. комментарии к тексту «Барселонских обычаев»: Usatges de Barcelona / ed. por Bastardas i Parera J. Barcelona, 1991. N. 73.",full_reference,"См. комментарии к тексту «Барселонских обычаев»: Usatges de Barcelona / ed. por Bastardas i Parera J. Barcelona, 1991. N. 73.",,,,,,,,,korneeva-sources-040,korneeva-sources-040,resolved_explicit,exact_title,0.98,,,,
mention-0817,ГЛАВА_2_ВЕРСИЯ_3.docx,107,107,1,"Usatges de Barcelona. Us. 69 (74): «CECHIAM aque molinorum que fluit ad Barchinonam mandamus esse intactam omni tempore…→ La ciquia de l'ayga dels molins qui corre a Barcelona, manam éser no tocada per tots temps…». P. 106–107.",short_title_reference,"Usatges de Barcelona. Us. 69 (74): «CECHIAM aque molinorum que fluit ad Barchinonam mandamus esse intactam omni tempore…→ La ciquia de l'ayga dels molins qui corre a Barcelona, manam éser no tocada per tots temps…». P. 106–107.",P. 106–107,P. 106–107,,,,,,,work-family-usatges_de_barcelona,korneeva-sources-037;korneeva-sources-038;korneeva-sources-039;korneeva-sources-040;korneeva-sources-041;korneeva-sources-042,resolved_work_edition_ambiguous,work_resolved_edition_ambiguous,0.9,,,usatges_de_barcelona,
mention-0818,ГЛАВА_2_ВЕРСИЯ_3.docx,108,108,1,Biosca i Bas A. Op. cit. P. 221.,relational_reference,P. 221,P. 221,P. 221,op_cit,Op. cit.,mention-0807,Biosca i Bas A,,korneeva-footnote-161,korneeva-footnote-161,korneeva-footnote-161,resolved_relation,op_cit_nearest_prior_work_by_author,0.95,,,,
mention-0819,ГЛАВА_2_ВЕРСИЯ_3.docx,109,109,1,Ibid. P. 225.,relational_reference,P. 225.,P. 225,P. 225,same_work,Ibid.,mention-0818,,"Biosca i Bas, A.",korneeva-footnote-161,korneeva-footnote-161,korneeva-footnote-161,resolved_relation,same_work_previous_citation,1.0,,,,
mention-0820,ГЛАВА_2_ВЕРСИЯ_3.docx,110,110,1,Ibid.,relational_reference,,,P. 225,same_work,Ibid.,mention-0819,,"Biosca i Bas, A.",korneeva-footnote-161,korneeva-footnote-161,korneeva-footnote-161,resolved_relation,same_work_previous_citation,1.0,,,,
mention-0821,ГЛАВА_2_ВЕРСИЯ_3.docx,111,111,1,Justícia i resolució de conflictes…2024. № 666: «...et dixerunt quod nos Petrus de Podiolo et uxor mea Esclarmunda de istis terminis inferius versus mansum Guillelmi de Sancto Cucuphate usque ad cechiam que se continet cum illo alio alodio nostro...». P. 806.,short_title_reference,Justícia i resolució de conflictes…2024. № 666: «...et dixerunt quod nos Petrus de Podiolo et uxor mea Esclarmunda de istis terminis inferius versus mansum Guillelmi de Sancto Cucuphate usque ad cechiam que se continet cum illo alio alodio nostro...». P. 806.,P. 806,P. 806,,,,,,,korneeva-sources-025,korneeva-sources-025,resolved_explicit,source_family_unique,0.97,,,justicia_i_resolucio,
mention-0822,ГЛАВА_2_ВЕРСИЯ_3.docx,112,112,1,"Usatges de Barcelona. Us. 68 (72): «STRATE et uie publice, aque currentes et fontes uiui, prata et paschue, silue et garrice et roche in hac patria fundate sunt de potestatibus...». P. 106.",short_title_reference,"Usatges de Barcelona. Us. 68 (72): «STRATE et uie publice, aque currentes et fontes uiui, prata et paschue, silue et garrice et roche in hac patria fundate sunt de potestatibus...». P. 106.",P. 106,P. 106,,,,,,,work-family-usatges_de_barcelona,korneeva-sources-037;korneeva-sources-038;korneeva-sources-039;korneeva-sources-040;korneeva-sources-041;korneeva-sources-042,resolved_work_edition_ambiguous,work_resolved_edition_ambiguous,0.9,,,usatges_de_barcelona,
mention-0823,ГЛАВА_2_ВЕРСИЯ_3.docx,113,113,1,Филиппов И.С. Средиземноморская Франция в раннее средневековье… С. 154.,short_title_reference,Филиппов И.С. Средиземноморская Франция в раннее средневековье… С. 154.,С. 154,С. 154,,,,,,,korneeva-research-142,korneeva-research-142,resolved_explicit,token_overlap,0.821,,,,
mention-0824,ГЛАВА_2_ВЕРСИЯ_3.docx,114,114,1,"Usatges de Barcelona. Us. 60 (64), 70 (76), 73 (93-94-95), 77 (103), 79 (104), 80 (105), 87 (110), 95 (118), 98 (121), 103 (124).",full_reference,"Usatges de Barcelona. Us. 60 (64), 70 (76), 73 (93-94-95), 77 (103), 79 (104), 80 (105), 87 (110), 95 (118), 98 (121), 103 (124).",,,,,,,,,work-family-usatges_de_barcelona,korneeva-sources-037;korneeva-sources-038;korneeva-sources-039;korneeva-sources-040;korneeva-sources-041;korneeva-sources-042,resolved_work_edition_ambiguous,work_resolved_edition_ambiguous,0.9,,,usatges_de_barcelona,
mention-0825,ГЛАВА_2_ВЕРСИЯ_3.docx,115,115,1,"Ibid. 82 (101), 96 (119), 102 (123.3).",relational_reference,"82 (101), 96 (119), 102 (123.3).",,,same_work,Ibid.,mention-0824,,,work-family-usatges_de_barcelona,work-family-usatges_de_barcelona,korneeva-sources-037;korneeva-sources-038;korneeva-sources-039;korneeva-sources-040;korneeva-sources-041;korneeva-sources-042,resolved_relation,same_work_previous_citation,1.0,,,,
mention-0826,ГЛАВА_2_ВЕРСИЯ_3.docx,116,116,1,"Ibid. 12 (15). Сомнительное чтение, по мнению Ж. Бастардеса-и-Пареры, в статье № 5: см. комментарии к тексту «Барселонских обычаев»: Usatges de Barcelona / ed. por Bastardas i Parera J. Barcelona, 1991. P. 55. N. 13.",relational_reference,"12 (15). Сомнительное чтение, по мнению Ж. Бастардеса-и-Пареры, в статье № 5: см. комментарии к тексту «Барселонских обычаев»: Usatges de Barcelona / ed. por Bastardas i Parera J. Barcelona, 1991. P. 55. N. 13.",P. 55,P. 55,same_work,Ibid.,mention-0825,,,work-family-usatges_de_barcelona,work-family-usatges_de_barcelona,korneeva-sources-037;korneeva-sources-038;korneeva-sources-039;korneeva-sources-040;korneeva-sources-041;korneeva-sources-042,resolved_relation,same_work_previous_citation,1.0,,,,
mention-0827,ГЛАВА_2_ВЕРСИЯ_3.docx,117,117,1,"Ibid. 30 (34), 64 (68).",relational_reference,"30 (34), 64 (68).",,P. 55,same_work,Ibid.,mention-0826,,,work-family-usatges_de_barcelona,work-family-usatges_de_barcelona,korneeva-sources-037;korneeva-sources-038;korneeva-sources-039;korneeva-sources-040;korneeva-sources-041;korneeva-sources-042,resolved_relation,same_work_previous_citation,1.0,,,,
mention-0828,ГЛАВА_2_ВЕРСИЯ_3.docx,118,118,1,"Ibid. 111 (132). Этот латинский термин сам по себе очень многозначен, это могло, по нашему мнению, вызвать определённые трудности в переводе на старокаталанский отдельных его значений. Сходное явление фиксируется и для португальского права: см.",relational_reference,"111 (132). Этот латинский термин сам по себе очень многозначен, это могло, по нашему мнению, вызвать определённые трудности в переводе на старокаталанский отдельных его значений. Сходное явление фиксируется и для португальского права: см.",,P. 55,same_work,Ibid.,mention-0827,,,work-family-usatges_de_barcelona,work-family-usatges_de_barcelona,korneeva-sources-037;korneeva-sources-038;korneeva-sources-039;korneeva-sources-040;korneeva-sources-041;korneeva-sources-042,resolved_relation,same_work_previous_citation,1.0,,,,
mention-0829,ГЛАВА_2_ВЕРСИЯ_3.docx,118,118,2,Варьяш О.И. Средневековое право: Опыт пристального чтения некоторых памятников... С. 196.,short_title_reference,Варьяш О.И. Средневековое право: Опыт пристального чтения некоторых памятников... С. 196.,С. 196,С. 196,,,,,,,korneeva-footnote-159,korneeva-footnote-159,resolved_explicit,exact_title,0.98,,,,
mention-0830,ГЛАВА_2_ВЕРСИЯ_3.docx,119,119,1,"Usatges de Barcelona. Us. 77 (103), 79 (104), 80 (105), 98 (121).",full_reference,"Usatges de Barcelona. Us. 77 (103), 79 (104), 80 (105), 98 (121).",,,,,,,,,work-family-usatges_de_barcelona,korneeva-sources-037;korneeva-sources-038;korneeva-sources-039;korneeva-sources-040;korneeva-sources-041;korneeva-sources-042,resolved_work_edition_ambiguous,work_resolved_edition_ambiguous,0.9,,,usatges_de_barcelona,
mention-0831,ГЛАВА_2_ВЕРСИЯ_3.docx,120,120,1,Ibid. 62 (66.2).,relational_reference,62 (66.2).,,,same_work,Ibid.,mention-0830,,,work-family-usatges_de_barcelona,work-family-usatges_de_barcelona,korneeva-sources-037;korneeva-sources-038;korneeva-sources-039;korneeva-sources-040;korneeva-sources-041;korneeva-sources-042,resolved_relation,same_work_previous_citation,1.0,,,,
mention-0832,ГЛАВА_2_ВЕРСИЯ_3.docx,121,121,1,"Ibid. 4 (4.2–5), 5 (6), 10 (12), 12 (15), 14 (17), 82 (101).",relational_reference,"4 (4.2–5), 5 (6), 10 (12), 12 (15), 14 (17), 82 (101).",,,same_work,Ibid.,mention-0831,,,work-family-usatges_de_barcelona,work-family-usatges_de_barcelona,korneeva-sources-037;korneeva-sources-038;korneeva-sources-039;korneeva-sources-040;korneeva-sources-041;korneeva-sources-042,resolved_relation,same_work_previous_citation,1.0,,,,
mention-0833,ГЛАВА_2_ВЕРСИЯ_3.docx,122,122,1,Ibid. Us. 62 (66.2). P. 100–101.,relational_reference,Us. 62 (66.2). P. 100–101.,P. 100–101,P. 100–101,same_work,Ibid.,mention-0832,,,work-family-usatges_de_barcelona,work-family-usatges_de_barcelona,korneeva-sources-037;korneeva-sources-038;korneeva-sources-039;korneeva-sources-040;korneeva-sources-041;korneeva-sources-042,resolved_relation,same_work_previous_citation,1.0,,,,
mention-0834,ГЛАВА_2_ВЕРСИЯ_3.docx,123,123,1,Ibid. Us. 73 (93-94-95): «...iusticiam facere de malefactoribus...→...fer justícia dels malsfeytors...». P. 112–113.,relational_reference,Us. 73 (93-94-95): «...iusticiam facere de malefactoribus...→...fer justícia dels malsfeytors...». P. 112–113.,P. 112–113,P. 112–113,same_work,Ibid.,mention-0833,,,work-family-usatges_de_barcelona,work-family-usatges_de_barcelona,korneeva-sources-037;korneeva-sources-038;korneeva-sources-039;korneeva-sources-040;korneeva-sources-041;korneeva-sources-042,resolved_relation,same_work_previous_citation,1.0,,,,
mention-0835,ГЛАВА_2_ВЕРСИЯ_3.docx,124,124,1,Ibid. Us. 80 (105): «…ad iusticiam faciendam eum uocauerit…→...a dret a fer l’apelara...». P.118–119.,relational_reference,Us. 80 (105): «…ad iusticiam faciendam eum uocauerit…→...a dret a fer l’apelara...». P.118–119.,P.118–119,P.118–119,same_work,Ibid.,mention-0834,,,work-family-usatges_de_barcelona,work-family-usatges_de_barcelona,korneeva-sources-037;korneeva-sources-038;korneeva-sources-039;korneeva-sources-040;korneeva-sources-041;korneeva-sources-042,resolved_relation,same_work_previous_citation,1.0,,,,
mention-0836,ГЛАВА_2_ВЕРСИЯ_3.docx,125,125,1,Ibid. Us. 80 (105): «… ad iusticiam uenerit …→... a justícia vendrà...». P. 118–119.,relational_reference,Us. 80 (105): «… ad iusticiam uenerit …→... a justícia vendrà...». P. 118–119.,P. 118–119,P. 118–119,same_work,Ibid.,mention-0835,,,work-family-usatges_de_barcelona,work-family-usatges_de_barcelona,korneeva-sources-037;korneeva-sources-038;korneeva-sources-039;korneeva-sources-040;korneeva-sources-041;korneeva-sources-042,resolved_relation,same_work_previous_citation,1.0,,,,
mention-0837,ГЛАВА_2_ВЕРСИЯ_3.docx,126,126,1,Ibid. Us. 82 (101): «De composicione omnium hominum qui sunt interfecti → De la emena dels homens qui son morts». P. 120–121.,relational_reference,Us. 82 (101): «De composicione omnium hominum qui sunt interfecti → De la emena dels homens qui son morts». P. 120–121.,P. 120–121,P. 120–121,same_work,Ibid.,mention-0836,,,work-family-usatges_de_barcelona,work-family-usatges_de_barcelona,korneeva-sources-037;korneeva-sources-038;korneeva-sources-039;korneeva-sources-040;korneeva-sources-041;korneeva-sources-042,resolved_relation,same_work_previous_citation,1.0,,,,
mention-0838,ГЛАВА_2_ВЕРСИЯ_3.docx,127,127,1,Usatges de Barcelona. Us. 46 (49). P. 86–87.,short_title_reference,Usatges de Barcelona. Us. 46 (49). P. 86–87.,P. 86–87,P. 86–87,,,,,,,work-family-usatges_de_barcelona,korneeva-sources-037;korneeva-sources-038;korneeva-sources-039;korneeva-sources-040;korneeva-sources-041;korneeva-sources-042,resolved_work_edition_ambiguous,work_resolved_edition_ambiguous,0.9,,,usatges_de_barcelona,
mention-0839,ГЛАВА_2_ВЕРСИЯ_3.docx,128,128,1,"См. комментарии к тексту «Барселонских обычаев»: Usatges de Barcelona / ed. por Bastardas i Parera J. Barcelona, 1991. P. 87. N. 34–35.",full_reference,"См. комментарии к тексту «Барселонских обычаев»: Usatges de Barcelona / ed. por Bastardas i Parera J. Barcelona, 1991. P. 87. N. 34–35.",P. 87,P. 87,,,,,,,korneeva-sources-040,korneeva-sources-040,resolved_explicit,exact_title,0.98,,,,
mention-0840,ГЛАВА_2_ВЕРСИЯ_3.docx,129,129,1,"Bruguera J. Notes al vocabulari de la Crònica de Jaume I // Actes del IV Col·loqui internacional de Llengua i Literatura Catalanes. Basilea, 22–27 de mars 1976. Barcelona. 1977, P. 87–88.",full_reference,"Bruguera J. Notes al vocabulari de la Crònica de Jaume I // Actes del IV Col·loqui internacional de Llengua i Literatura Catalanes. Basilea, 22–27 de mars 1976. Barcelona. 1977, P. 87–88.",P. 87–88,P. 87–88,,,,,,,korneeva-research-210,korneeva-research-210,resolved_explicit,exact_title,0.98,,,,
mention-0841,ГЛАВА_2_ВЕРСИЯ_3.docx,130,130,1,"Costums de Tortosa. P. 77, 131, 183, 264, 298, 340, 372, 408.",full_reference,"Costums de Tortosa. P. 77, 131, 183, 264, 298, 340, 372, 408.","P. 77, 131, 183, 264, 298, 340, 372, 408","P. 77, 131, 183, 264, 298, 340, 372, 408",,,,,,,work-family-costums_de_tortosa,korneeva-sources-004;korneeva-sources-005;korneeva-sources-009;korneeva-sources-014;korneeva-sources-015;korneeva-sources-016;korneeva-sources-030;korneeva-sources-031;korneeva-sources-032,resolved_work_edition_ambiguous,work_resolved_edition_ambiguous,0.9,,,costums_de_tortosa,
mention-0842,ГЛАВА_2_ВЕРСИЯ_3.docx,131,131,1,Zimmerman M. Écrire et lire… T. 1. P. 286.,short_title_reference,Zimmerman M. Écrire et lire… T. 1. P. 286.,P. 286,P. 286,,,,,,,korneeva-research-427,korneeva-research-427,resolved_explicit,author_and_truncated_title,1.0,,,,
mention-0843,ГЛАВА_2_ВЕРСИЯ_3.docx,132,132,1,Costums de Tortosa. P. 35.,short_title_reference,Costums de Tortosa. P. 35.,P. 35,P. 35,,,,,,,work-family-costums_de_tortosa,korneeva-sources-004;korneeva-sources-005;korneeva-sources-009;korneeva-sources-014;korneeva-sources-015;korneeva-sources-016;korneeva-sources-030;korneeva-sources-031;korneeva-sources-032,resolved_work_edition_ambiguous,work_resolved_edition_ambiguous,0.9,,,costums_de_tortosa,
mention-0844,ГЛАВА_2_ВЕРСИЯ_3.docx,133,133,1,"Ibid. 6.4.19; 6.4.25–26; 9.9.7–8. P. 311, 313–314, 432–433.",relational_reference,"6.4.19; 6.4.25–26; 9.9.7–8. P. 311, 313–314, 432–433.","P. 311, 313–314, 432–433","P. 311, 313–314, 432–433",same_work,Ibid.,mention-0843,,,work-family-costums_de_tortosa,work-family-costums_de_tortosa,korneeva-sources-004;korneeva-sources-005;korneeva-sources-009;korneeva-sources-014;korneeva-sources-015;korneeva-sources-016;korneeva-sources-030;korneeva-sources-031;korneeva-sources-032,resolved_relation,same_work_previous_citation,1.0,,,,
mention-0845,ГЛАВА_2_ВЕРСИЯ_3.docx,134,134,1,Ibid. 6.4.26: «“ego talis rogatus a tali me subscribo pro teste et signum meum appono”». P. 314.,relational_reference,6.4.26: «“ego talis rogatus a tali me subscribo pro teste et signum meum appono”». P. 314.,P. 314,P. 314,same_work,Ibid.,mention-0844,,,work-family-costums_de_tortosa,work-family-costums_de_tortosa,korneeva-sources-004;korneeva-sources-005;korneeva-sources-009;korneeva-sources-014;korneeva-sources-015;korneeva-sources-016;korneeva-sources-030;korneeva-sources-031;korneeva-sources-032,resolved_relation,same_work_previous_citation,1.0,,,,
mention-0846,ГЛАВА_2_ВЕРСИЯ_3.docx,135,135,1,"Belmon J., Vielliard F. Latin farci et occitan dans les actes du XIe siècle // Bibliothèque de l’École des chartes. Paris, 1997. Vol. 155, no. 1. P. 149.",full_reference,"Belmon J., Vielliard F. Latin farci et occitan dans les actes du XIe siècle // Bibliothèque de l’École des chartes. Paris, 1997. Vol. 155, no. 1. P. 149.","Vol. 155, no; P. 149","Vol. 155, no; P. 149",,,,,,,korneeva-research-186,korneeva-research-186,resolved_explicit,exact_title,0.98,,,,
mention-0847,ГЛАВА_2_ВЕРСИЯ_3.docx,136,136,1,Costums de Tortosa. 3.9.1. P. 154.,short_title_reference,Costums de Tortosa. 3.9.1. P. 154.,P. 154,P. 154,,,,,,,work-family-costums_de_tortosa,korneeva-sources-004;korneeva-sources-005;korneeva-sources-009;korneeva-sources-014;korneeva-sources-015;korneeva-sources-016;korneeva-sources-030;korneeva-sources-031;korneeva-sources-032,resolved_work_edition_ambiguous,work_resolved_edition_ambiguous,0.9,,,costums_de_tortosa,
mention-0848,ГЛАВА_2_ВЕРСИЯ_3.docx,137,137,1,Ibid. 2.11.1. P. 107.,relational_reference,2.11.1. P. 107.,P. 107,P. 107,same_work,Ibid.,mention-0847,,,work-family-costums_de_tortosa,work-family-costums_de_tortosa,korneeva-sources-004;korneeva-sources-005;korneeva-sources-009;korneeva-sources-014;korneeva-sources-015;korneeva-sources-016;korneeva-sources-030;korneeva-sources-031;korneeva-sources-032,resolved_relation,same_work_previous_citation,1.0,,,,
mention-0849,ГЛАВА_2_ВЕРСИЯ_3.docx,138,138,1,"Узуфрукт (лат. usufructus)— вещное право лично пользоваться чужой непотребляемой вещью и извлекать из неё естественные плоды, не изменяя сущности самой вещи. См. Usufructus // Бартошек М. Римское право: (Понятия, термины, определения) / пер. с чешк. М.: Юридическая литература, 1989. С. 322.",full_reference,"Узуфрукт (лат. usufructus)— вещное право лично пользоваться чужой непотребляемой вещью и извлекать из неё естественные плоды, не изменяя сущности самой вещи. См. Usufructus // Бартошек М. Римское право: (Понятия, термины, определения) / пер. с чешк. М.: Юридическая литература, 1989. С. 322.",С. 322,С. 322,,,,,,,korneeva-reference-002,korneeva-reference-002,resolved_explicit,exact_title,0.98,,,,
mention-0850,ГЛАВА_2_ВЕРСИЯ_3.docx,139,139,1,"Costums de Tortosa. 3.9.1: «Rúbrica de usu fructu, so és d'aquels que an dret en reebre fru<it> d' aquela cosa e no an dret en la proprietat». P. 154.",short_title_reference,"Costums de Tortosa. 3.9.1: «Rúbrica de usu fructu, so és d'aquels que an dret en reebre fru<it> d' aquela cosa e no an dret en la proprietat». P. 154.",P. 154,P. 154,,,,,,,work-family-costums_de_tortosa,korneeva-sources-004;korneeva-sources-005;korneeva-sources-009;korneeva-sources-014;korneeva-sources-015;korneeva-sources-016;korneeva-sources-030;korneeva-sources-031;korneeva-sources-032,resolved_work_edition_ambiguous,work_resolved_edition_ambiguous,0.9,,,costums_de_tortosa,
mention-0851,ГЛАВА_2_ВЕРСИЯ_3.docx,140,140,1,Duarte i Montserrat C. La llengua del manuscrit de 1272 del Llibre de les Costums de Tortosa // Revista de llengua i dret. 1991. № 16. P. LXX.,full_reference,Duarte i Montserrat C. La llengua del manuscrit de 1272 del Llibre de les Costums de Tortosa // Revista de llengua i dret. 1991. № 16. P. LXX.,,,,,,,,,korneeva-research-230,korneeva-research-230,resolved_explicit,exact_title,0.98,,,,
mention-0852,ГЛАВА_2_ВЕРСИЯ_3.docx,141,141,1,Costums de Tortosa. 2.9.1: «Procurator est qui gratuito aliena negotia mandato domini administrat». P. 99.,short_title_reference,Costums de Tortosa. 2.9.1: «Procurator est qui gratuito aliena negotia mandato domini administrat». P. 99.,P. 99,P. 99,,,,,,,work-family-costums_de_tortosa,korneeva-sources-004;korneeva-sources-005;korneeva-sources-009;korneeva-sources-014;korneeva-sources-015;korneeva-sources-016;korneeva-sources-030;korneeva-sources-031;korneeva-sources-032,resolved_work_edition_ambiguous,work_resolved_edition_ambiguous,0.9,,,costums_de_tortosa,
mention-0853,ГЛАВА_2_ВЕРСИЯ_3.docx,142,142,1,de Arvizu y Galarraga F. Fianzas procesales en la documentación altomedieval // Anuario de Historia del Derecho Español. 2022. Vol. 92.P. 54–55.,full_reference,de Arvizu y Galarraga F. Fianzas procesales en la documentación altomedieval // Anuario de Historia del Derecho Español. 2022. Vol. 92.P. 54–55.,Vol. 92; P. 54–55,Vol. 92; P. 54–55,,,,,,,korneeva-research-170,korneeva-research-170,resolved_explicit,token_overlap,0.985,,,,
mention-0854,ГЛАВА_2_ВЕРСИЯ_3.docx,143,143,1,Costums de Tortosa. 2.12.1: «Metus est instantis vel futuri periculi causa mentis trepidacio». P. 110.,short_title_reference,Costums de Tortosa. 2.12.1: «Metus est instantis vel futuri periculi causa mentis trepidacio». P. 110.,P. 110,P. 110,,,,,,,work-family-costums_de_tortosa,korneeva-sources-004;korneeva-sources-005;korneeva-sources-009;korneeva-sources-014;korneeva-sources-015;korneeva-sources-016;korneeva-sources-030;korneeva-sources-031;korneeva-sources-032,resolved_work_edition_ambiguous,work_resolved_edition_ambiguous,0.9,,,costums_de_tortosa,
mention-0855,ГЛАВА_2_ВЕРСИЯ_3.docx,144,144,1,Ibid. 2.12.1. P. 110,relational_reference,2.12.1. P. 110,P. 110,P. 110,same_work,Ibid.,mention-0854,,,work-family-costums_de_tortosa,work-family-costums_de_tortosa,korneeva-sources-004;korneeva-sources-005;korneeva-sources-009;korneeva-sources-014;korneeva-sources-015;korneeva-sources-016;korneeva-sources-030;korneeva-sources-031;korneeva-sources-032,resolved_relation,same_work_previous_citation,1.0,,,,
mention-0856,ГЛАВА_2_ВЕРСИЯ_3.docx,144,144,2,"Kuttner S. Gratian and the Schools of Law, 1140–1234. London; New York: Routledge, 2018. P. 251.",full_reference,"Kuttner S. Gratian and the Schools of Law, 1140–1234. London; New York: Routledge, 2018. P. 251.",P. 251,P. 251,,,,,,,korneeva-research-325,korneeva-research-325,resolved_explicit,exact_title,0.98,,,,
mention-0857,ГЛАВА_2_ВЕРСИЯ_3.docx,145,145,1,"Costums de Tortosa. 2.16.1: «…vel secundum Azonem diffinitur arbitrium hoc modo: arbitrium est causa in dicendo iure voluntarie posita cum certarum personarum interposicione, scilicet arbitri, actoris et rey». P. 120.",short_title_reference,"Costums de Tortosa. 2.16.1: «…vel secundum Azonem diffinitur arbitrium hoc modo: arbitrium est causa in dicendo iure voluntarie posita cum certarum personarum interposicione, scilicet arbitri, actoris et rey». P. 120.",P. 120,P. 120,,,,,,,work-family-costums_de_tortosa,korneeva-sources-004;korneeva-sources-005;korneeva-sources-009;korneeva-sources-014;korneeva-sources-015;korneeva-sources-016;korneeva-sources-030;korneeva-sources-031;korneeva-sources-032,resolved_work_edition_ambiguous,work_resolved_edition_ambiguous,0.9,,,costums_de_tortosa,
mention-0858,ГЛАВА_2_ВЕРСИЯ_3.docx,146,146,1,Ibid. P. 110.,relational_reference,P. 110.,P. 110,P. 110,same_work,Ibid.,mention-0857,,,work-family-costums_de_tortosa,work-family-costums_de_tortosa,korneeva-sources-004;korneeva-sources-005;korneeva-sources-009;korneeva-sources-014;korneeva-sources-015;korneeva-sources-016;korneeva-sources-030;korneeva-sources-031;korneeva-sources-032,resolved_relation,same_work_previous_citation,1.0,,,,
mention-0859,ГЛАВА_2_ВЕРСИЯ_3.docx,147,147,1,"Ibid. 2.7.1: «Postulare sive advocare est, desiderium suum vel amici sui in iure apud eum, qui iurisdiccioni preest, exponere, vel alterius desideria contradicere». P. 96.",relational_reference,"2.7.1: «Postulare sive advocare est, desiderium suum vel amici sui in iure apud eum, qui iurisdiccioni preest, exponere, vel alterius desideria contradicere». P. 96.",P. 96,P. 96,same_work,Ibid.,mention-0858,,,work-family-costums_de_tortosa,work-family-costums_de_tortosa,korneeva-sources-004;korneeva-sources-005;korneeva-sources-009;korneeva-sources-014;korneeva-sources-015;korneeva-sources-016;korneeva-sources-030;korneeva-sources-031;korneeva-sources-032,resolved_relation,same_work_previous_citation,1.0,,,,
mention-0860,ГЛАВА_2_ВЕРСИЯ_3.docx,148,148,1,"Ibid. 4.17.3: «Differentia est inter mutuum, depositum et comodatum: Mutuum est quod consistit in pondere, numero et mensura, et sic accipientis. Depositum est quod non sit accipientis nec debet uti eo, si consignatum est.Comodatum est quod non sit accipientis, set potest uti eo». P. 226.",relational_reference,"4.17.3: «Differentia est inter mutuum, depositum et comodatum: Mutuum est quod consistit in pondere, numero et mensura, et sic accipientis. Depositum est quod non sit accipientis nec debet uti eo, si consignatum est.Comodatum est quod non sit accipientis, set potest uti eo». P. 226.",P. 226,P. 226,same_work,Ibid.,mention-0859,,,work-family-costums_de_tortosa,work-family-costums_de_tortosa,korneeva-sources-004;korneeva-sources-005;korneeva-sources-009;korneeva-sources-014;korneeva-sources-015;korneeva-sources-016;korneeva-sources-030;korneeva-sources-031;korneeva-sources-032,resolved_relation,same_work_previous_citation,1.0,,,,
mention-0861,ГЛАВА_2_ВЕРСИЯ_3.docx,149,149,1,Ibid. P. 479.,relational_reference,P. 479.,P. 479,P. 479,same_work,Ibid.,mention-0860,,,work-family-costums_de_tortosa,work-family-costums_de_tortosa,korneeva-sources-004;korneeva-sources-005;korneeva-sources-009;korneeva-sources-014;korneeva-sources-015;korneeva-sources-016;korneeva-sources-030;korneeva-sources-031;korneeva-sources-032,resolved_relation,same_work_previous_citation,1.0,,,,
mention-0862,ГЛАВА_2_ВЕРСИЯ_3.docx,150,150,1,Ibid. 9.29.1–14. P. 520–524.,relational_reference,9.29.1–14. P. 520–524.,P. 520–524,P. 520–524,same_work,Ibid.,mention-0861,,,work-family-costums_de_tortosa,work-family-costums_de_tortosa,korneeva-sources-004;korneeva-sources-005;korneeva-sources-009;korneeva-sources-014;korneeva-sources-015;korneeva-sources-016;korneeva-sources-030;korneeva-sources-031;korneeva-sources-032,resolved_relation,same_work_previous_citation,1.0,,,,
mention-0863,ГЛАВА_2_ВЕРСИЯ_3.docx,151,151,1,"Ibid. 9.29.15: «En aquests usàgies se contén la custum de Tortosa, enaxí que la seynoria, nulla pena per aquests usàgies demanar no pot, sinó la quinta part d’aitant com serà condemnat lo demanat; per so com la seynoria en Tortosa, ne en sos térmens, de nul crim públic o privat, no a ne pot ne deu fer contra alcun demanda ne accusatió, sinó tant solament lo quint de les condemnacions en què alcun serà condemnat de so on clams seran fets peccuniàriament. E els sous són entesos de la moneda currible en Tortosa, e no d’altra moneda». P. 524.",relational_reference,"9.29.15: «En aquests usàgies se contén la custum de Tortosa, enaxí que la seynoria, nulla pena per aquests usàgies demanar no pot, sinó la quinta part d’aitant com serà condemnat lo demanat; per so com la seynoria en Tortosa, ne en sos térmens, de nul crim públic o privat, no a ne pot ne deu fer contra alcun demanda ne accusatió, sinó tant solament lo quint de les condemnacions en què alcun serà condemnat de so on clams seran fets peccuniàriament. E els sous són entesos de la moneda currible en Tortosa, e no d’altra moneda». P. 524.",P. 524,P. 524,same_work,Ibid.,mention-0862,,,work-family-costums_de_tortosa,work-family-costums_de_tortosa,korneeva-sources-004;korneeva-sources-005;korneeva-sources-009;korneeva-sources-014;korneeva-sources-015;korneeva-sources-016;korneeva-sources-030;korneeva-sources-031;korneeva-sources-032,resolved_relation,same_work_previous_citation,1.0,,,,
mention-0864,ГЛАВА_2_ВЕРСИЯ_3.docx,152,152,1,Ibid. 2.18.9: «Ius iurandi contempta religio satis Deum habet ultorem nam sufficit pena periurii quam a Deo expectat». P. 129.,relational_reference,2.18.9: «Ius iurandi contempta religio satis Deum habet ultorem nam sufficit pena periurii quam a Deo expectat». P. 129.,P. 129,P. 129,same_work,Ibid.,mention-0863,,,work-family-costums_de_tortosa,work-family-costums_de_tortosa,korneeva-sources-004;korneeva-sources-005;korneeva-sources-009;korneeva-sources-014;korneeva-sources-015;korneeva-sources-016;korneeva-sources-030;korneeva-sources-031;korneeva-sources-032,resolved_relation,same_work_previous_citation,1.0,,,,
mention-0865,ГЛАВА_2_ВЕРСИЯ_3.docx,153,153,1,"Ibid. 2.18.9: «Terciam decimam que incipit: “Si alcun christià et cetera”, repprobant quia deperit veritas et iusticia impeditur». P. 129.",relational_reference,"2.18.9: «Terciam decimam que incipit: “Si alcun christià et cetera”, repprobant quia deperit veritas et iusticia impeditur». P. 129.",P. 129,P. 129,same_work,Ibid.,mention-0864,,,work-family-costums_de_tortosa,work-family-costums_de_tortosa,korneeva-sources-004;korneeva-sources-005;korneeva-sources-009;korneeva-sources-014;korneeva-sources-015;korneeva-sources-016;korneeva-sources-030;korneeva-sources-031;korneeva-sources-032,resolved_relation,same_work_previous_citation,1.0,,,,
mention-0866,ГЛАВА_2_ВЕРСИЯ_3.docx,154,154,1,"Ibid. 6.6.1: «Idem est in extraneo herede quod de filio» → «E aquel dret metex és en l’ereu estrayn, que és e·l fiyl». P. 320.",relational_reference,"6.6.1: «Idem est in extraneo herede quod de filio» → «E aquel dret metex és en l’ereu estrayn, que és e·l fiyl». P. 320.",P. 320,P. 320,same_work,Ibid.,mention-0865,,,work-family-costums_de_tortosa,work-family-costums_de_tortosa,korneeva-sources-004;korneeva-sources-005;korneeva-sources-009;korneeva-sources-014;korneeva-sources-015;korneeva-sources-016;korneeva-sources-030;korneeva-sources-031;korneeva-sources-032,resolved_relation,same_work_previous_citation,1.0,,,,
mention-0867,ГЛАВА_2_ВЕРСИЯ_3.docx,155,155,1,Ibid.:«Quia virile officium est suscipere alienam defensionem e ultra sexum muliebre esse constant». P. 102.,relational_reference,«Quia virile officium est suscipere alienam defensionem e ultra sexum muliebre esse constant». P. 102.,P. 102,P. 102,same_work,Ibid.:,mention-0866,,,work-family-costums_de_tortosa,work-family-costums_de_tortosa,korneeva-sources-004;korneeva-sources-005;korneeva-sources-009;korneeva-sources-014;korneeva-sources-015;korneeva-sources-016;korneeva-sources-030;korneeva-sources-031;korneeva-sources-032,resolved_relation,same_work_previous_citation,1.0,,,,
mention-0868,ГЛАВА_2_ВЕРСИЯ_3.docx,156,156,1,Ibid. 1.5.2: «…repprobant quia continet peccatum et loco eius servetur Ius commune». P. 48.,relational_reference,1.5.2: «…repprobant quia continet peccatum et loco eius servetur Ius commune». P. 48.,P. 48,P. 48,same_work,Ibid.,mention-0867,,,work-family-costums_de_tortosa,work-family-costums_de_tortosa,korneeva-sources-004;korneeva-sources-005;korneeva-sources-009;korneeva-sources-014;korneeva-sources-015;korneeva-sources-016;korneeva-sources-030;korneeva-sources-031;korneeva-sources-032,resolved_relation,same_work_previous_citation,1.0,,,,
mention-0869,ГЛАВА_2_ВЕРСИЯ_3.docx,157,157,1,Ibid. 2.8.6: «Per so com son Paul diga nubat in Xristo». P. 98.,relational_reference,2.8.6: «Per so com son Paul diga nubat in Xristo». P. 98.,P. 98,P. 98,same_work,Ibid.,mention-0868,,,work-family-costums_de_tortosa,work-family-costums_de_tortosa,korneeva-sources-004;korneeva-sources-005;korneeva-sources-009;korneeva-sources-014;korneeva-sources-015;korneeva-sources-016;korneeva-sources-030;korneeva-sources-031;korneeva-sources-032,resolved_relation,same_work_previous_citation,1.0,,,,
mention-0870,ГЛАВА_2_ВЕРСИЯ_3.docx,158,158,1,Ibid. P. 98.,relational_reference,P. 98.,P. 98,P. 98,same_work,Ibid.,mention-0869,,,work-family-costums_de_tortosa,work-family-costums_de_tortosa,korneeva-sources-004;korneeva-sources-005;korneeva-sources-009;korneeva-sources-014;korneeva-sources-015;korneeva-sources-016;korneeva-sources-030;korneeva-sources-031;korneeva-sources-032,resolved_relation,same_work_previous_citation,1.0,,,,
mention-0871,ГЛАВА_2_ВЕРСИЯ_3.docx,159,159,1,"Ibid. 6.1.13: «Per so con dura cosa e lèygia seria que aquels qui reemutz són per la gràcia de Jesuxrist e per la sua preciosa sanc, fossen detengutz e preses en preson ne en vincle de jueus ne en neguna servitut». P. 98.",relational_reference,"6.1.13: «Per so con dura cosa e lèygia seria que aquels qui reemutz són per la gràcia de Jesuxrist e per la sua preciosa sanc, fossen detengutz e preses en preson ne en vincle de jueus ne en neguna servitut». P. 98.",P. 98,P. 98,same_work,Ibid.,mention-0870,,,work-family-costums_de_tortosa,work-family-costums_de_tortosa,korneeva-sources-004;korneeva-sources-005;korneeva-sources-009;korneeva-sources-014;korneeva-sources-015;korneeva-sources-016;korneeva-sources-030;korneeva-sources-031;korneeva-sources-032,resolved_relation,same_work_previous_citation,1.0,,,,
mention-0872,ГЛАВА_2_ВЕРСИЯ_3.docx,160,160,1,"Duarte i Montserrat C. La llengua del manuscrit de 1272 del Llibre de les Costums de Tortosa // Revista de llengua i dret. 1991. № 16. P. LV; № 3, P. 87–88.",full_reference,"Duarte i Montserrat C. La llengua del manuscrit de 1272 del Llibre de les Costums de Tortosa // Revista de llengua i dret. 1991. № 16. P. LV; № 3, P. 87–88.",P. 87–88,P. 87–88,,,,,,,korneeva-research-230,korneeva-research-230,resolved_explicit,exact_title,0.98,,,,
mention-0873,ГЛАВА_2_ВЕРСИЯ_3.docx,161,161,1,О генерализации и конкретизации как видах лексико-семантических переводческих трансформаций см.:,commentary,О генерализации и конкретизации как видах лексико-семантических переводческих трансформаций см.:,,,,,,,,,,,not_bibliographic,commentary_or_internal_cross_reference,,,,,
mention-0874,ГЛАВА_2_ВЕРСИЯ_3.docx,161,161,2,"Комиссаров В.Н. Современное переводоведение: учеб. пособие. М.: Р. Валент, 2011. С. 161–162",full_reference,"Комиссаров В.Н. Современное переводоведение: учеб. пособие. М.: Р. Валент, 2011. С. 161–162",С. 161–162,С. 161–162,,,,,,,korneeva-research-061,korneeva-research-061,resolved_explicit,exact_title,0.98,,,,
mention-0875,ГЛАВА_2_ВЕРСИЯ_3.docx,161,161,3,"Бархударов Л.С. Язык и перевод: Вопросы общей и частной теории перевода. М.: ЛЕНАНД, 2016. С. 209–213.",full_reference,"Бархударов Л.С. Язык и перевод: Вопросы общей и частной теории перевода. М.: ЛЕНАНД, 2016. С. 209–213.",С. 209–213,С. 209–213,,,,,,,korneeva-research-018,korneeva-research-018,resolved_explicit,exact_title,0.98,,,,
mention-0876,ГЛАВА_2_ВЕРСИЯ_3.docx,162,162,1,Usatges de Barcelona. Us. 68 (72–73). P. 106–107.,short_title_reference,Usatges de Barcelona. Us. 68 (72–73). P. 106–107.,P. 106–107,P. 106–107,,,,,,,work-family-usatges_de_barcelona,korneeva-sources-037;korneeva-sources-038;korneeva-sources-039;korneeva-sources-040;korneeva-sources-041;korneeva-sources-042,resolved_work_edition_ambiguous,work_resolved_edition_ambiguous,0.9,,,usatges_de_barcelona,
mention-0877,ГЛАВА_2_ВЕРСИЯ_3.docx,163,163,1,Ibid. Us. 100(123.1). P. 136–137.,relational_reference,Us. 100(123.1). P. 136–137.,P. 136–137,P. 136–137,same_work,Ibid.,mention-0876,,,work-family-usatges_de_barcelona,work-family-usatges_de_barcelona,korneeva-sources-037;korneeva-sources-038;korneeva-sources-039;korneeva-sources-040;korneeva-sources-041;korneeva-sources-042,resolved_relation,same_work_previous_citation,1.0,,,,
mention-0878,ГЛАВА_2_ВЕРСИЯ_3.docx,164,164,1,"Ibid. Us. 62(66.2), 79(104), 106(127). P. 100–101, 118–119, 140–141.",relational_reference,"Us. 62(66.2), 79(104), 106(127). P. 100–101, 118–119, 140–141.","P. 100–101, 118–119, 140–141","P. 100–101, 118–119, 140–141",same_work,Ibid.,mention-0877,,,work-family-usatges_de_barcelona,work-family-usatges_de_barcelona,korneeva-sources-037;korneeva-sources-038;korneeva-sources-039;korneeva-sources-040;korneeva-sources-041;korneeva-sources-042,resolved_relation,same_work_previous_citation,1.0,,,,
mention-0879,ГЛАВА_2_ВЕРСИЯ_3.docx,165,165,1,"Bastardas i Parera J. El català pre-literari // Actes del Quart Col·loqui Internacional de Llengua i Literatura Catalanes (Basilea, 22–27 de març de 1976) / a cura de G. Colón. Barcelona: Publicacions de l’Abadia de Montserrat, 1977. P. 59.",full_reference,"Bastardas i Parera J. El català pre-literari // Actes del Quart Col·loqui Internacional de Llengua i Literatura Catalanes (Basilea, 22–27 de març de 1976) / a cura de G. Colón. Barcelona: Publicacions de l’Abadia de Montserrat, 1977. P. 59.",P. 59,P. 59,,,,,,,korneeva-footnote-163,korneeva-footnote-163,new_footnote_only_record,new_footnote_only_record,0.9,,,,
mention-0880,ГЛАВА_2_ВЕРСИЯ_3.docx,166,166,1,"Usatges de Barcelona. Us. 59(62), 71(91), 80(105), 84(107).",full_reference,"Usatges de Barcelona. Us. 59(62), 71(91), 80(105), 84(107).",,,,,,,,,work-family-usatges_de_barcelona,korneeva-sources-037;korneeva-sources-038;korneeva-sources-039;korneeva-sources-040;korneeva-sources-041;korneeva-sources-042,resolved_work_edition_ambiguous,work_resolved_edition_ambiguous,0.9,,,usatges_de_barcelona,
mention-0881,ГЛАВА_2_ВЕРСИЯ_3.docx,167,167,1,"Ibid. Us. 100(123.1): «CHRISTIANI non uendant arma sarracenis, nisi ex consensu principis; quod si fecerint arma que uendiderint recuperent, quamuis eis graue sit, et nisi hoc fecerint, centum uncias auri potestati persoluant  → [C]restians no venen armes a ssarraïns, sinó ab lo consentiment del príncep; que si ho fan, les armes que an venudes, cobren, ja sie ço que greu sia; e si açò no fan, .С. onçes d’or a la postat». P. 136–137.",relational_reference,"Us. 100(123.1): «CHRISTIANI non uendant arma sarracenis, nisi ex consensu principis; quod si fecerint arma que uendiderint recuperent, quamuis eis graue sit, et nisi hoc fecerint, centum uncias auri potestati persoluant  → [C]restians no venen armes a ssarraïns, sinó ab lo consentiment del príncep; que si ho fan, les armes que an venudes, cobren, ja sie ço que greu sia; e si açò no fan, .С. onçes d’or a la postat». P. 136–137.",P. 136–137,P. 136–137,same_work,Ibid.,mention-0880,,,work-family-usatges_de_barcelona,work-family-usatges_de_barcelona,korneeva-sources-037;korneeva-sources-038;korneeva-sources-039;korneeva-sources-040;korneeva-sources-041;korneeva-sources-042,resolved_relation,same_work_previous_citation,1.0,,,,
mention-0882,ГЛАВА_2_ВЕРСИЯ_3.docx,168,168,1,Usatges de Barcelona. Us. 113 (134). P. 146–147.,short_title_reference,Usatges de Barcelona. Us. 113 (134). P. 146–147.,P. 146–147,P. 146–147,,,,,,,work-family-usatges_de_barcelona,korneeva-sources-037;korneeva-sources-038;korneeva-sources-039;korneeva-sources-040;korneeva-sources-041;korneeva-sources-042,resolved_work_edition_ambiguous,work_resolved_edition_ambiguous,0.9,,,usatges_de_barcelona,
mention-0883,ГЛАВА_2_ВЕРСИЯ_3.docx,169,169,1,"Gudiol i Cunill J. Traducció dels Usatges, les més antigues constitucions de Catalunya y les Costumes de Pere Albert // Anuari de l’Institut d’Estudis Catalans. 1907. Vol. 1. P. 304.",full_reference,"Gudiol i Cunill J. Traducció dels Usatges, les més antigues constitucions de Catalunya y les Costumes de Pere Albert // Anuari de l’Institut d’Estudis Catalans. 1907. Vol. 1. P. 304.",Vol. 1; P. 304,Vol. 1; P. 304,,,,,,,korneeva-footnote-157,korneeva-footnote-157,resolved_explicit,exact_title,0.98,,,,
mention-0884,ГЛАВА_2_ВЕРСИЯ_3.docx,170,170,1,Pagar // Vocabulari de la llengua catalana medieval de Lluís Faraudo de Saint-Germain. URL : http://www.iec.cat/faraudo/results.asp?Word=Pagar&Id=3084898&search=pagar&optCriteria=0&optSearchType=1&ActualPage=1 (дата обращения: 14.04.2023).,full_reference,Pagar // Vocabulari de la llengua catalana medieval de Lluís Faraudo de Saint-Germain. URL : http://www.iec.cat/faraudo/results.asp?Word=Pagar&Id=3084898&search=pagar&optCriteria=0&optSearchType=1&ActualPage=1 (дата обращения: 14.04.2023).,,,,,,,,,korneeva-reference-010,korneeva-reference-010,resolved_explicit,exact_title,0.98,,,,
mention-0885,ГЛАВА_2_ВЕРСИЯ_3.docx,171,171,1,"Usatges de Barcelona / ed. J. Bastardas i Parera. Barcelona: Fundació Noguera, 1991. Us. 92 (115): «…Sin autem et puella est, det ei maritum laude et consilio proborum hominum ...—… Però si és fembra dó a ela marit per laor e per conseyl de pròmens hominum...». P. 130–131.",full_reference,"Usatges de Barcelona / ed. J. Bastardas i Parera. Barcelona: Fundació Noguera, 1991. Us. 92 (115): «…Sin autem et puella est, det ei maritum laude et consilio proborum hominum ...—… Però si és fembra dó a ela marit per laor e per conseyl de pròmens hominum...». P. 130–131.",P. 130–131,P. 130–131,,,,,,,work-family-usatges_de_barcelona,korneeva-sources-037;korneeva-sources-038;korneeva-sources-039;korneeva-sources-040;korneeva-sources-041;korneeva-sources-042,resolved_work_edition_ambiguous,work_resolved_edition_ambiguous,0.9,,,usatges_de_barcelona,
mention-0886,ГЛАВА_2_ВЕРСИЯ_3.docx,172,172,1,"Ibid. Us. 119 (77): «EXHEREDARE autem possunt predicti ienitores filios suos, uel nepotes siue neptes...—[D]eseretar poden los pares los seus fils o eis nets o les netes...». P. 154–155.",relational_reference,"Us. 119 (77): «EXHEREDARE autem possunt predicti ienitores filios suos, uel nepotes siue neptes...—[D]eseretar poden los pares los seus fils o eis nets o les netes...». P. 154–155.",P. 154–155,P. 154–155,same_work,Ibid.,mention-0885,,,work-family-usatges_de_barcelona,work-family-usatges_de_barcelona,korneeva-sources-037;korneeva-sources-038;korneeva-sources-039;korneeva-sources-040;korneeva-sources-041;korneeva-sources-042,resolved_relation,same_work_previous_citation,1.0,,,,
mention-0887,ГЛАВА_2_ВЕРСИЯ_3.docx,173,173,1,"Ibid. Us. 92 (115), 117 (138). P. 128–129, 138–139.",relational_reference,"Us. 92 (115), 117 (138). P. 128–129, 138–139.","P. 128–129, 138–139","P. 128–129, 138–139",same_work,Ibid.,mention-0886,,,work-family-usatges_de_barcelona,work-family-usatges_de_barcelona,korneeva-sources-037;korneeva-sources-038;korneeva-sources-039;korneeva-sources-040;korneeva-sources-041;korneeva-sources-042,resolved_relation,same_work_previous_citation,1.0,,,,
mention-0888,ГЛАВА_2_ВЕРСИЯ_3.docx,174,174,1,"Ibid. Us. 64 (68): «PRINCEPS NAMQVE si quolibet casu obsessus fuerit…→[D]e príncep, però, si aquest, qualques aventuras...». P. 102–103.",relational_reference,"Us. 64 (68): «PRINCEPS NAMQVE si quolibet casu obsessus fuerit…→[D]e príncep, però, si aquest, qualques aventuras...». P. 102–103.",P. 102–103,P. 102–103,same_work,Ibid.,mention-0887,,,work-family-usatges_de_barcelona,work-family-usatges_de_barcelona,korneeva-sources-037;korneeva-sources-038;korneeva-sources-039;korneeva-sources-040;korneeva-sources-041;korneeva-sources-042,resolved_relation,same_work_previous_citation,1.0,,,,
mention-0889,ГЛАВА_2_ВЕРСИЯ_3.docx,175,175,1,Cas// Vocabulari de la llengua catalana medieval de Lluís Faraudo de Saint-Germain. URL: http://www.iec.cat/faraudo/results.asp (дата обращения: 14.04.2023).,full_reference,Cas// Vocabulari de la llengua catalana medieval de Lluís Faraudo de Saint-Germain. URL: http://www.iec.cat/faraudo/results.asp (дата обращения: 14.04.2023).,,,,,,,,,korneeva-reference-010,korneeva-reference-010,resolved_explicit,exact_title,0.98,,,,
mention-0890,ГЛАВА_2_ВЕРСИЯ_3.docx,176,176,1,Aventura s.// Vocabulari de la llengua catalana medieval de Lluís Faraudo de Saint-Germain. URL: http://www.iec.cat/faraudo/results.asp?Word=Aventura&Id=3060252&search=aventura&optCriteria=0&optSearchType=1&ActualPage=1 (дата обращения: 14.04.2023).,full_reference,Aventura s.// Vocabulari de la llengua catalana medieval de Lluís Faraudo de Saint-Germain. URL: http://www.iec.cat/faraudo/results.asp?Word=Aventura&Id=3060252&search=aventura&optCriteria=0&optSearchType=1&ActualPage=1 (дата обращения: 14.04.2023).,,,,,,,,,korneeva-reference-010,korneeva-reference-010,resolved_explicit,exact_title,0.98,,,,
mention-0891,ГЛАВА_2_ВЕРСИЯ_3.docx,177,177,1,Entrada s.// Vocabulari de la llengua catalana medieval de Lluís Faraudo de Saint-Germain. URL: http://www.iec.cat/faraudo/results.asp?Word=Entrada&Id=3071720&search=entrada&optCriteria=0&optSearchType=1&ActualPage=1 (дата обращения: 14.04.2023).,full_reference,Entrada s.// Vocabulari de la llengua catalana medieval de Lluís Faraudo de Saint-Germain. URL: http://www.iec.cat/faraudo/results.asp?Word=Entrada&Id=3071720&search=entrada&optCriteria=0&optSearchType=1&ActualPage=1 (дата обращения: 14.04.2023).,,,,,,,,,korneeva-reference-010,korneeva-reference-010,resolved_explicit,exact_title,0.98,,,,
mention-0892,ГЛАВА_2_ВЕРСИЯ_3.docx,178,178,1,"Usatges de Barcelona. Us. 68(72–73) : «STRATE et uie publice, aque currentes et fontes uiui, prata et paschue, silue et garrice et roche in hac patria fundate sunt de potestatibus...→[L]es entrades e les carrercs publiques, les aygues correns e les fons vives, los prats e les pastures, les selves e les gariges, e les roques en aquesta terra fondades...». P. 106–107.",short_title_reference,"Usatges de Barcelona. Us. 68(72–73) : «STRATE et uie publice, aque currentes et fontes uiui, prata et paschue, silue et garrice et roche in hac patria fundate sunt de potestatibus...→[L]es entrades e les carrercs publiques, les aygues correns e les fons vives, los prats e les pastures, les selves e les gariges, e les roques en aquesta terra fondades...». P. 106–107.",P. 106–107,P. 106–107,,,,,,,work-family-usatges_de_barcelona,korneeva-sources-037;korneeva-sources-038;korneeva-sources-039;korneeva-sources-040;korneeva-sources-041;korneeva-sources-042,resolved_work_edition_ambiguous,work_resolved_edition_ambiguous,0.9,,,usatges_de_barcelona,
mention-0893,ГЛАВА_2_ВЕРСИЯ_3.docx,179,179,1,"Usatges de Barcelona. Us. 28 (32), 29 (33).",short_title_reference,"Usatges de Barcelona. Us. 28 (32), 29 (33).",,,,,,,,,work-family-usatges_de_barcelona,korneeva-sources-037;korneeva-sources-038;korneeva-sources-039;korneeva-sources-040;korneeva-sources-041;korneeva-sources-042,resolved_work_edition_ambiguous,work_resolved_edition_ambiguous,0.9,,,usatges_de_barcelona,
mention-0894,ГЛАВА_2_ВЕРСИЯ_3.docx,180,180,1,Volentat // Vocabulari de la llengua catalana medieval de Lluís Faraudo de Saint-Germain. URL: http://www.iec.cat/faraudo/results.asp?Word=Volentat&Id=3097376&search=volentat&optCriteria=0&optSearchType=1&ActualPage=1 (дата обращения: 14.04.2023).,full_reference,Volentat // Vocabulari de la llengua catalana medieval de Lluís Faraudo de Saint-Germain. URL: http://www.iec.cat/faraudo/results.asp?Word=Volentat&Id=3097376&search=volentat&optCriteria=0&optSearchType=1&ActualPage=1 (дата обращения: 14.04.2023).,,,,,,,,,korneeva-reference-010,korneeva-reference-010,resolved_explicit,exact_title,0.98,,,,
mention-0895,ГЛАВА_2_ВЕРСИЯ_3.docx,181,181,1,"Usatges de Barcelona. Us. 5 (6), 103 (124). P.",short_title_reference,"Usatges de Barcelona. Us. 5 (6), 103 (124). P.",,,,,,,,,work-family-usatges_de_barcelona,korneeva-sources-037;korneeva-sources-038;korneeva-sources-039;korneeva-sources-040;korneeva-sources-041;korneeva-sources-042,resolved_work_edition_ambiguous,work_resolved_edition_ambiguous,0.9,,,usatges_de_barcelona,
mention-0896,ГЛАВА_2_ВЕРСИЯ_3.docx,182,182,1,"Ibid. Us. 103 (124): «...miles uero qui habuerit duos milites ad homines locatos de suo honore et tenuerit unum de familia sua →…cavaler, però, qui auri .ii. cavalers ha hòmens loçats de sa honor e·n tendrà un de sa companya». P.",relational_reference,"Us. 103 (124): «...miles uero qui habuerit duos milites ad homines locatos de suo honore et tenuerit unum de familia sua →…cavaler, però, qui auri .ii. cavalers ha hòmens loçats de sa honor e·n tendrà un de sa companya». P.",,,same_work,Ibid.,mention-0895,,,work-family-usatges_de_barcelona,work-family-usatges_de_barcelona,korneeva-sources-037;korneeva-sources-038;korneeva-sources-039;korneeva-sources-040;korneeva-sources-041;korneeva-sources-042,resolved_relation,same_work_previous_citation,1.0,,,,
mention-0897,ГЛАВА_2_ВЕРСИЯ_3.docx,183,183,1,Сompanya // Vocabulari de la llengua catalana medieval de Lluís Faraudo de Saint-Germain. URL: http://www.iec.cat/faraudo/results.asp?Word=Companya&Id=3065400&search=companya&optCriteria=0&optSearchType=1&ActualPage=1 (дата обращения: 14.04.2023).,full_reference,Сompanya // Vocabulari de la llengua catalana medieval de Lluís Faraudo de Saint-Germain. URL: http://www.iec.cat/faraudo/results.asp?Word=Companya&Id=3065400&search=companya&optCriteria=0&optSearchType=1&ActualPage=1 (дата обращения: 14.04.2023).,,,,,,,,,korneeva-reference-010,korneeva-reference-010,resolved_explicit,exact_title,0.98,,,,
mention-0898,ГЛАВА_2_ВЕРСИЯ_3.docx,184,184,1,"Usatges de Barcelona. Us. 122 (80): «…et qui principem uult dampnare punitus et dampnatus sit omni tempore, ipse et cuncta sua proienies…—…qui·l príncep vol dampnar, punit e dampnat sia el per tots temps e tot lo seu linatge…». P. 156–157.",short_title_reference,"Usatges de Barcelona. Us. 122 (80): «…et qui principem uult dampnare punitus et dampnatus sit omni tempore, ipse et cuncta sua proienies…—…qui·l príncep vol dampnar, punit e dampnat sia el per tots temps e tot lo seu linatge…». P. 156–157.",P. 156–157,P. 156–157,,,,,,,work-family-usatges_de_barcelona,korneeva-sources-037;korneeva-sources-038;korneeva-sources-039;korneeva-sources-040;korneeva-sources-041;korneeva-sources-042,resolved_work_edition_ambiguous,work_resolved_edition_ambiguous,0.9,,,usatges_de_barcelona,
mention-0899,ГЛАВА_2_ВЕРСИЯ_3.docx,185,185,1,Детальные библиография и историографический обзор приведён в работе М. Ауреля:,commentary,Детальные библиография и историографический обзор приведён в работе М. Ауреля:,,,,,,,,,,,not_bibliographic,commentary_or_internal_cross_reference,,,,,
mention-0900,ГЛАВА_2_ВЕРСИЯ_3.docx,185,185,2,Aurell M. Les noces du comte… P. 25–29.,short_title_reference,Aurell M. Les noces du comte… P. 25–29.,P. 25–29,P. 25–29,,,,,,,korneeva-research-176,korneeva-research-176,resolved_explicit,token_overlap,0.777,,,,
mention-0901,ГЛАВА_2_ВЕРСИЯ_3.docx,186,186,1,Usatges de Barcelona. Us. 103(124): «…decernimus atque mandamus ut omnes principes qui in hoc principatu nobis sunt successuri… — …jutgam e manam que tots los prínceps que en aquest principat són ni aprés nos vendran…». P. 138–139.,short_title_reference,Usatges de Barcelona. Us. 103(124): «…decernimus atque mandamus ut omnes principes qui in hoc principatu nobis sunt successuri… — …jutgam e manam que tots los prínceps que en aquest principat són ni aprés nos vendran…». P. 138–139.,P. 138–139,P. 138–139,,,,,,,work-family-usatges_de_barcelona,korneeva-sources-037;korneeva-sources-038;korneeva-sources-039;korneeva-sources-040;korneeva-sources-041;korneeva-sources-042,resolved_work_edition_ambiguous,work_resolved_edition_ambiguous,0.9,,,usatges_de_barcelona,
mention-0902,ГЛАВА_2_ВЕРСИЯ_3.docx,187,187,1,Jutjar // Vocabulari de la llengua catalana medieval de Lluís Faraudo de Saint-Germain. URL: http://www.iec.cat/faraudo/results.asp?Word=Jutjar&Id=3079277&search=jut&optCriteria=0&optSearchType=1&ActualPage=1 (дата обращения: 14.04.2023).,full_reference,Jutjar // Vocabulari de la llengua catalana medieval de Lluís Faraudo de Saint-Germain. URL: http://www.iec.cat/faraudo/results.asp?Word=Jutjar&Id=3079277&search=jut&optCriteria=0&optSearchType=1&ActualPage=1 (дата обращения: 14.04.2023).,,,,,,,,,korneeva-reference-010,korneeva-reference-010,resolved_explicit,exact_title,0.98,,,,
mention-0903,ГЛАВА_2_ВЕРСИЯ_3.docx,188,188,1,Usatges de Barcelona. Us. 10(12). P. 60–61.,short_title_reference,Usatges de Barcelona. Us. 10(12). P. 60–61.,P. 60–61,P. 60–61,,,,,,,work-family-usatges_de_barcelona,korneeva-sources-037;korneeva-sources-038;korneeva-sources-039;korneeva-sources-040;korneeva-sources-041;korneeva-sources-042,resolved_work_edition_ambiguous,work_resolved_edition_ambiguous,0.9,,,usatges_de_barcelona,
mention-0904,ГЛАВА_2_ВЕРСИЯ_3.docx,189,189,1,Ibid. Us. 11(13). P. 60–61.,relational_reference,Us. 11(13). P. 60–61.,P. 60–61,P. 60–61,same_work,Ibid.,mention-0903,,,work-family-usatges_de_barcelona,work-family-usatges_de_barcelona,korneeva-sources-037;korneeva-sources-038;korneeva-sources-039;korneeva-sources-040;korneeva-sources-041;korneeva-sources-042,resolved_relation,same_work_previous_citation,1.0,,,,
mention-0905,ГЛАВА_2_ВЕРСИЯ_3.docx,190,190,1,Ibid. Us. 81(100). P. 120–121.,relational_reference,Us. 81(100). P. 120–121.,P. 120–121,P. 120–121,same_work,Ibid.,mention-0904,,,work-family-usatges_de_barcelona,work-family-usatges_de_barcelona,korneeva-sources-037;korneeva-sources-038;korneeva-sources-039;korneeva-sources-040;korneeva-sources-041;korneeva-sources-042,resolved_relation,same_work_previous_citation,1.0,,,,
mention-0906,ГЛАВА_2_ВЕРСИЯ_3.docx,191,191,1,Gudiol i Cunill J. Traducció dels Usatges. Us. 95. P. 298.,short_title_reference,Gudiol i Cunill J. Traducció dels Usatges. Us. 95. P. 298.,P. 298,P. 298,,,,,,,korneeva-footnote-157,korneeva-footnote-157,resolved_explicit,token_overlap,0.615,,,,
mention-0907,ГЛАВА_2_ВЕРСИЯ_3.docx,192,192,1,Usatges de Barcelona. Us. 82(101). P. 120–121.,short_title_reference,Usatges de Barcelona. Us. 82(101). P. 120–121.,P. 120–121,P. 120–121,,,,,,,work-family-usatges_de_barcelona,korneeva-sources-037;korneeva-sources-038;korneeva-sources-039;korneeva-sources-040;korneeva-sources-041;korneeva-sources-042,resolved_work_edition_ambiguous,work_resolved_edition_ambiguous,0.9,,,usatges_de_barcelona,
mention-0908,ГЛАВА_2_ВЕРСИЯ_3.docx,193,193,1,Gudiol i Cunill J. Traducció dels Usatges. Us. 96. P. 298.,short_title_reference,Gudiol i Cunill J. Traducció dels Usatges. Us. 96. P. 298.,P. 298,P. 298,,,,,,,korneeva-footnote-157,korneeva-footnote-157,resolved_explicit,token_overlap,0.615,,,,
mention-0909,ГЛАВА_2_ВЕРСИЯ_3.docx,194,194,1,Usatges de Barcelona. Us. 76(102). P. 114–115.,short_title_reference,Usatges de Barcelona. Us. 76(102). P. 114–115.,P. 114–115,P. 114–115,,,,,,,work-family-usatges_de_barcelona,korneeva-sources-037;korneeva-sources-038;korneeva-sources-039;korneeva-sources-040;korneeva-sources-041;korneeva-sources-042,resolved_work_edition_ambiguous,work_resolved_edition_ambiguous,0.9,,,usatges_de_barcelona,
mention-0910,ГЛАВА_2_ВЕРСИЯ_3.docx,195,195,1,Gudiol i Cunill J. Traducció dels Usatges. Us. 97. P. 298.,short_title_reference,Gudiol i Cunill J. Traducció dels Usatges. Us. 97. P. 298.,P. 298,P. 298,,,,,,,korneeva-footnote-157,korneeva-footnote-157,resolved_explicit,token_overlap,0.615,,,,
mention-0911,ГЛАВА_2_ВЕРСИЯ_3.docx,198,198,1,Usatges de Barcelona. Us. 5(6). P. 54–55.,short_title_reference,Usatges de Barcelona. Us. 5(6). P. 54–55.,P. 54–55,P. 54–55,,,,,,,work-family-usatges_de_barcelona,korneeva-sources-037;korneeva-sources-038;korneeva-sources-039;korneeva-sources-040;korneeva-sources-041;korneeva-sources-042,resolved_work_edition_ambiguous,work_resolved_edition_ambiguous,0.9,,,usatges_de_barcelona,
mention-0912,ГЛАВА_2_ВЕРСИЯ_3.docx,199,199,1,Ibid. Us. 13 (14). P. 62–63.,relational_reference,Us. 13 (14). P. 62–63.,P. 62–63,P. 62–63,same_work,Ibid.,mention-0911,,,work-family-usatges_de_barcelona,work-family-usatges_de_barcelona,korneeva-sources-037;korneeva-sources-038;korneeva-sources-039;korneeva-sources-040;korneeva-sources-041;korneeva-sources-042,resolved_relation,same_work_previous_citation,1.0,,,,
mention-0913,ГЛАВА_2_ВЕРСИЯ_3.docx,200,200,1,Ibid. Us. 59 (62). P. 94–95.,relational_reference,Us. 59 (62). P. 94–95.,P. 94–95,P. 94–95,same_work,Ibid.,mention-0912,,,work-family-usatges_de_barcelona,work-family-usatges_de_barcelona,korneeva-sources-037;korneeva-sources-038;korneeva-sources-039;korneeva-sources-040;korneeva-sources-041;korneeva-sources-042,resolved_relation,same_work_previous_citation,1.0,,,,
mention-0914,ГЛАВА_2_ВЕРСИЯ_3.docx,201,201,1,Gudiol i Cunill J. Traducció dels Usatges…P. 292.,short_title_reference,Gudiol i Cunill J. Traducció dels Usatges…P. 292.,P. 292,P. 292,,,,,,,korneeva-footnote-157,korneeva-footnote-157,resolved_explicit,token_overlap,0.721,,,,
mention-0915,ГЛАВА_2_ВЕРСИЯ_3.docx,202,202,1,Usatges de Barcelona. Us. 119 (77). P. 154–155.,short_title_reference,Usatges de Barcelona. Us. 119 (77). P. 154–155.,P. 154–155,P. 154–155,,,,,,,work-family-usatges_de_barcelona,korneeva-sources-037;korneeva-sources-038;korneeva-sources-039;korneeva-sources-040;korneeva-sources-041;korneeva-sources-042,resolved_work_edition_ambiguous,work_resolved_edition_ambiguous,0.9,,,usatges_de_barcelona,
mention-0916,ГЛАВА_2_ВЕРСИЯ_3.docx,203,203,1,Gudiol i Cunill J. Traducció dels Usatges... Us. 79. P. 289.,short_title_reference,Gudiol i Cunill J. Traducció dels Usatges... Us. 79. P. 289.,P. 289,P. 289,,,,,,,korneeva-footnote-157,korneeva-footnote-157,resolved_explicit,token_overlap,0.615,,,,
mention-0917,ГЛАВА_2_ВЕРСИЯ_3.docx,209,209,1,"Usatges de Barcelona. Us. 1 (1–2), 70 (75), 87 (110).",full_reference,"Usatges de Barcelona. Us. 1 (1–2), 70 (75), 87 (110).",,,,,,,,,work-family-usatges_de_barcelona,korneeva-sources-037;korneeva-sources-038;korneeva-sources-039;korneeva-sources-040;korneeva-sources-041;korneeva-sources-042,resolved_work_edition_ambiguous,work_resolved_edition_ambiguous,0.9,,,usatges_de_barcelona,
mention-0918,ГЛАВА_2_ВЕРСИЯ_3.docx,210,210,1,Prieto Espinosa C.A. Op.cit.Vol. I. P. 72.,relational_reference,Vol. I. P. 72,Vol. I; P. 72,Vol. I; P. 72,op_cit,Op.cit.,mention-0811,Prieto Espinosa C.A,,korneeva-footnote-079,korneeva-footnote-079,korneeva-footnote-079,resolved_relation,op_cit_nearest_prior_work_by_author,0.95,,,,
mention-0919,ГЛАВА_2_ВЕРСИЯ_3.docx,211,211,1,"Кугусия (лат. cugutia) — право сеньора на долю имущества крестьянина в случае супружеской измены его жены, трактуемой как оскорбление чести сеньора.",commentary,"Кугусия (лат. cugutia) — право сеньора на долю имущества крестьянина в случае супружеской измены его жены, трактуемой как оскорбление чести сеньора.",,,,,,,,,,,not_bibliographic,commentary_or_internal_cross_reference,,,,,
mention-0920,ГЛАВА_2_ВЕРСИЯ_3.docx,211,211,2,"Пискорский В.К. Вопрос о значении и происхождении шести «дурных обычаев» в Каталонии: С прил. неизд. документов. Киев: тип. Ун-та св. Владимира Н.Т. Корчак-Новицкого, 1899. С. 8–9",full_reference,"Пискорский В.К. Вопрос о значении и происхождении шести «дурных обычаев» в Каталонии: С прил. неизд. документов. Киев: тип. Ун-та св. Владимира Н.Т. Корчак-Новицкого, 1899. С. 8–9","Т. Корчак-Новицкого, 1899; С. 8–9","Т. Корчак-Новицкого, 1899; С. 8–9",,,,,,,korneeva-research-088,korneeva-research-088,resolved_explicit,token_overlap,0.678,,,,
mention-0921,ГЛАВА_2_ВЕРСИЯ_3.docx,211,211,3,"Варьяш И.И., Астахов М.А. Арагонская Корона в XV в. // История Испании / под ред. В.А. Ведюшкина, Г.А. Поповой. М.: «Индрик», 2012. Т. 1. С. 346.",full_reference,"Варьяш И.И., Астахов М.А. Арагонская Корона в XV в. // История Испании / под ред. В.А. Ведюшкина, Г.А. Поповой. М.: «Индрик», 2012. Т. 1. С. 346.",Т. 1; С. 346,Т. 1; С. 346,,,,,,,korneeva-footnote-137,korneeva-footnote-137,resolved_explicit,exact_title,0.98,,,,
mention-0922,ГЛАВА_2_ВЕРСИЯ_3.docx,212,212,1,Usatges de Barcelona. Us. 5(6). P. 54–55.,short_title_reference,Usatges de Barcelona. Us. 5(6). P. 54–55.,P. 54–55,P. 54–55,,,,,,,work-family-usatges_de_barcelona,korneeva-sources-037;korneeva-sources-038;korneeva-sources-039;korneeva-sources-040;korneeva-sources-041;korneeva-sources-042,resolved_work_edition_ambiguous,work_resolved_edition_ambiguous,0.9,,,usatges_de_barcelona,
mention-0923,ГЛАВА_2_ВЕРСИЯ_3.docx,213,213,1,Ibid. Us. 36(39). P. 80–81.,relational_reference,Us. 36(39). P. 80–81.,P. 80–81,P. 80–81,same_work,Ibid.,mention-0922,,,work-family-usatges_de_barcelona,work-family-usatges_de_barcelona,korneeva-sources-037;korneeva-sources-038;korneeva-sources-039;korneeva-sources-040;korneeva-sources-041;korneeva-sources-042,resolved_relation,same_work_previous_citation,1.0,,,,
mention-0924,ГЛАВА_2_ВЕРСИЯ_3.docx,214,214,1,Gudiol i Cunill J. Traducció dels Usatges. Us. 38. P. 289.,short_title_reference,Gudiol i Cunill J. Traducció dels Usatges. Us. 38. P. 289.,P. 289,P. 289,,,,,,,korneeva-footnote-157,korneeva-footnote-157,resolved_explicit,token_overlap,0.615,,,,
mention-0925,ГЛАВА_2_ВЕРСИЯ_3.docx,215,215,1,Usatges de Barcelona. Us. 117(138): «DE INTESTATIS ab hoc seculo discessis <…> Ita sit de uxoribus intestatis quemadmodum dicitur superius de uiris→D’aquels qui passen sens testament d’aquest segle <…> atresí sia dc les mulers qui moren entestades com és dels marits”». P. 150–151.,short_title_reference,Usatges de Barcelona. Us. 117(138): «DE INTESTATIS ab hoc seculo discessis <…> Ita sit de uxoribus intestatis quemadmodum dicitur superius de uiris→D’aquels qui passen sens testament d’aquest segle <…> atresí sia dc les mulers qui moren entestades com és dels marits”». P. 150–151.,P. 150–151,P. 150–151,,,,,,,work-family-usatges_de_barcelona,korneeva-sources-037;korneeva-sources-038;korneeva-sources-039;korneeva-sources-040;korneeva-sources-041;korneeva-sources-042,resolved_work_edition_ambiguous,work_resolved_edition_ambiguous,0.9,,,usatges_de_barcelona,
mention-0926,ГЛАВА_2_ВЕРСИЯ_3.docx,216,216,1,Usatges de Barcelona. Us. 73 (94): «…QVIA IVSTICIAM facere de malefactoribus datum est solummodo potestatibus …→...Car fer justícia dels malsfeytors dades solament són a les postats...». P. 112–113.,short_title_reference,Usatges de Barcelona. Us. 73 (94): «…QVIA IVSTICIAM facere de malefactoribus datum est solummodo potestatibus …→...Car fer justícia dels malsfeytors dades solament són a les postats...». P. 112–113.,P. 112–113,P. 112–113,,,,,,,work-family-usatges_de_barcelona,korneeva-sources-037;korneeva-sources-038;korneeva-sources-039;korneeva-sources-040;korneeva-sources-041;korneeva-sources-042,resolved_work_edition_ambiguous,work_resolved_edition_ambiguous,0.9,,,usatges_de_barcelona,
mention-0927,ГЛАВА_2_ВЕРСИЯ_3.docx,217,217,1,Ibid. Us. 6 (7–8) : «GAITA ET ENCALZ de cauallario et assalt de castello emendetur per hominiaticum et per aliscaram → [A]guayt e encalç de cavaler e assalt de casteyl sie emenat per homanatge ho per [al]is[ca]ra». P. 56–57.,relational_reference,Us. 6 (7–8) : «GAITA ET ENCALZ de cauallario et assalt de castello emendetur per hominiaticum et per aliscaram → [A]guayt e encalç de cavaler e assalt de casteyl sie emenat per homanatge ho per [al]is[ca]ra». P. 56–57.,P. 56–57,P. 56–57,same_work,Ibid.,mention-0926,,,work-family-usatges_de_barcelona,work-family-usatges_de_barcelona,korneeva-sources-037;korneeva-sources-038;korneeva-sources-039;korneeva-sources-040;korneeva-sources-041;korneeva-sources-042,resolved_relation,same_work_previous_citation,1.0,,,,
mention-0928,ГЛАВА_2_ВЕРСИЯ_3.docx,218,218,1,"Assaltus 1 // du Cange C. du Fresne et al. Glossarium mediae et infimae latinitatis / éd. augm. par les bénédictins de Saint-Maur. Niort : L. Favre, 1883–1887. T. 1. Col. 427b. URL: http://ducange.enc.sorbonne.fr/ASSALTUS1 (дата обращения: 29.03.2023).",full_reference,"Assaltus 1 // du Cange C. du Fresne et al. Glossarium mediae et infimae latinitatis / éd. augm. par les bénédictins de Saint-Maur. Niort : L. Favre, 1883–1887. T. 1. Col. 427b. URL: http://ducange.enc.sorbonne.fr/ASSALTUS1 (дата обращения: 29.03.2023).",,,,,,,,,korneeva-reference-009,korneeva-reference-009,resolved_explicit,exact_title,0.98,,,,
mention-0929,ГЛАВА_2_ВЕРСИЯ_3.docx,219,219,1,"По принятой в научной традиции исследования «Барселонских обычаев» номенклатуре рукописей, та, с которой работали Р. Мейер-Германн и Х. Бастардес-и-Парера имеет следующие данные: ACA. Cancillería. Papeles por incorporar. Legislació. Caixa 1. Núm.1.",short_title_reference,"По принятой в научной традиции исследования «Барселонских обычаев» номенклатуре рукописей, та, с которой работали Р. Мейер-Германн и Х. Бастардес-и-Парера имеет следующие данные: ACA. Cancillería. Papeles por incorporar. Legislació. Caixa 1. Núm.1.",Núm.1.,Núm.1.,,,,,,,korneeva-institution-002,korneeva-institution-002,resolved_explicit,authoritative_institutional_abbreviation,1.0,ACA,Arxiu de la Corona d’Aragó / Archivo de la Corona de Aragón — Архив Короны Арагона,,
mention-0930,ГЛАВА_2_ВЕРСИЯ_3.docx,220,220,1,Meyer-Hermann R. Auxiliar-Konstruktionen im llatí medieval katalanischer…S. 507–534.,short_title_reference,Meyer-Hermann R. Auxiliar-Konstruktionen im llatí medieval katalanischer…S. 507–534.,,,,,,,,,korneeva-research-339,korneeva-research-339,resolved_explicit,token_overlap,0.783,,,,
mention-0931,ГЛАВА_2_ВЕРСИЯ_3.docx,221,221,1,Idem. Zur Emergenz katalanischer Syntax in den Usatici Barchinonae / Usatges de Barcelona (12.—15. Jhdt.). // Zeitschrift für Katalanistik. 2020. Bd. 33. S. 185.,full_reference,Zur Emergenz katalanischer Syntax in den Usatici Barchinonae / Usatges de Barcelona (12.—15. Jhdt.). // Zeitschrift für Katalanistik. 2020. Bd. 33. S. 185.,Bd. 33,Bd. 33,same_author,Idem.,mention-0930,,"Meyer-Hermann, R.",,korneeva-research-341,korneeva-research-341,resolved_explicit,exact_title,0.98,,,,
mention-0932,ГЛАВА_2_ВЕРСИЯ_3.docx,222,222,1,Usatges de Barcelona. Us. 63(67): «ITEM STATVIMVS ut si quis seniori suo iurauerit aliquid quod tenere non curet... →[D]e cap establíren que si algú a son senyor jurarà alguna cosa que tenir no vula...». P. 100–101.,short_title_reference,Usatges de Barcelona. Us. 63(67): «ITEM STATVIMVS ut si quis seniori suo iurauerit aliquid quod tenere non curet... →[D]e cap establíren que si algú a son senyor jurarà alguna cosa que tenir no vula...». P. 100–101.,P. 100–101,P. 100–101,,,,,,,work-family-usatges_de_barcelona,korneeva-sources-037;korneeva-sources-038;korneeva-sources-039;korneeva-sources-040;korneeva-sources-041;korneeva-sources-042,resolved_work_edition_ambiguous,work_resolved_edition_ambiguous,0.9,,,usatges_de_barcelona,
mention-0933,ГЛАВА_2_ВЕРСИЯ_3.docx,223,223,1,Ibid. Us. 60 (64). P. 96–97.,relational_reference,Us. 60 (64). P. 96–97.,P. 96–97,P. 96–97,same_work,Ibid.,mention-0932,,,work-family-usatges_de_barcelona,work-family-usatges_de_barcelona,korneeva-sources-037;korneeva-sources-038;korneeva-sources-039;korneeva-sources-040;korneeva-sources-041;korneeva-sources-042,resolved_relation,same_work_previous_citation,1.0,,,,
mention-0934,ГЛАВА_2_ВЕРСИЯ_3.docx,224,224,1,Gudiol i Cunill J. Traducció dels Usatges. Us. 65–66. P. 292–293.,short_title_reference,Gudiol i Cunill J. Traducció dels Usatges. Us. 65–66. P. 292–293.,P. 292–293,P. 292–293,,,,,,,korneeva-footnote-157,korneeva-footnote-157,resolved_explicit,token_overlap,0.615,,,,
mention-0935,ГЛАВА_2_ВЕРСИЯ_3.docx,225,225,1,Usatges de Barcelona. Us. 62 (66.2). P. 98–101.,short_title_reference,Usatges de Barcelona. Us. 62 (66.2). P. 98–101.,P. 98–101,P. 98–101,,,,,,,work-family-usatges_de_barcelona,korneeva-sources-037;korneeva-sources-038;korneeva-sources-039;korneeva-sources-040;korneeva-sources-041;korneeva-sources-042,resolved_work_edition_ambiguous,work_resolved_edition_ambiguous,0.9,,,usatges_de_barcelona,
mention-0936,ГЛАВА_2_ВЕРСИЯ_3.docx,226,226,1,Gudiol i Cunill J. Traducció dels Usatges. Us. 67. P. 293.,short_title_reference,Gudiol i Cunill J. Traducció dels Usatges. Us. 67. P. 293.,P. 293,P. 293,,,,,,,korneeva-footnote-157,korneeva-footnote-157,resolved_explicit,token_overlap,0.615,,,,
mention-0937,ГЛАВА_2_ВЕРСИЯ_3.docx,227,227,1,Usatges de Barcelona. Us. 63 (67). P. 100–101.,short_title_reference,Usatges de Barcelona. Us. 63 (67). P. 100–101.,P. 100–101,P. 100–101,,,,,,,work-family-usatges_de_barcelona,korneeva-sources-037;korneeva-sources-038;korneeva-sources-039;korneeva-sources-040;korneeva-sources-041;korneeva-sources-042,resolved_work_edition_ambiguous,work_resolved_edition_ambiguous,0.9,,,usatges_de_barcelona,
mention-0938,ГЛАВА_2_ВЕРСИЯ_3.docx,228,228,1,Gudiol i Cunill J. Traducció dels Usatges. Us. 68. P. 293.,short_title_reference,Gudiol i Cunill J. Traducció dels Usatges. Us. 68. P. 293.,P. 293,P. 293,,,,,,,korneeva-footnote-157,korneeva-footnote-157,resolved_explicit,token_overlap,0.615,,,,
mention-0939,ГЛАВА_2_ВЕРСИЯ_3.docx,229,229,1,Usatges de Barcelona. Us. 96 (119). P. 132–133,short_title_reference,Usatges de Barcelona. Us. 96 (119). P. 132–133,P. 132–133,P. 132–133,,,,,,,work-family-usatges_de_barcelona,korneeva-sources-037;korneeva-sources-038;korneeva-sources-039;korneeva-sources-040;korneeva-sources-041;korneeva-sources-042,resolved_work_edition_ambiguous,work_resolved_edition_ambiguous,0.9,,,usatges_de_barcelona,
mention-0940,ГЛАВА_2_ВЕРСИЯ_3.docx,230,230,1,Gudiol i Cunill J. Traducció dels Usatges. Us. 114. P. 301.,short_title_reference,Gudiol i Cunill J. Traducció dels Usatges. Us. 114. P. 301.,P. 301,P. 301,,,,,,,korneeva-footnote-157,korneeva-footnote-157,resolved_explicit,token_overlap,0.615,,,,
mention-0941,ГЛАВА_2_ВЕРСИЯ_3.docx,231,231,1,"Usatges de Barcelona. Us. 2 (3): «CVM DOMINVS Raimundus Berengarii uetus, comes ei marchio Barchinone atque Ispanie subiugator, habuit honorem et uidit et cognouit quod in omnibus causis et negociis ipsius patrie leges gotice non possent obseruari …→[Q]uan lo senyor Ramon Berenguer, veyl compte e marquès de Barçelona e subjus[...]ador d’Espanya, ac honor e viu e conec que les ligs godes no podien ésser gardades [e]n tots los pleyts e en totes les faenes d’aquesta terra…». P. 50–51.",short_title_reference,"Usatges de Barcelona. Us. 2 (3): «CVM DOMINVS Raimundus Berengarii uetus, comes ei marchio Barchinone atque Ispanie subiugator, habuit honorem et uidit et cognouit quod in omnibus causis et negociis ipsius patrie leges gotice non possent obseruari …→[Q]uan lo senyor Ramon Berenguer, veyl compte e marquès de Barçelona e subjus[...]ador d’Espanya, ac honor e viu e conec que les ligs godes no podien ésser gardades [e]n tots los pleyts e en totes les faenes d’aquesta terra…». P. 50–51.",P. 50–51,P. 50–51,,,,,,,work-family-usatges_de_barcelona,korneeva-sources-037;korneeva-sources-038;korneeva-sources-039;korneeva-sources-040;korneeva-sources-041;korneeva-sources-042,resolved_work_edition_ambiguous,work_resolved_edition_ambiguous,0.9,,,usatges_de_barcelona,
mention-0942,ГЛАВА_2_ВЕРСИЯ_3.docx,232,232,1,"Ibid. Us.60 (64), 70 (75). P. 96–97, 108–109.",relational_reference,"Us.60 (64), 70 (75). P. 96–97, 108–109.","P. 96–97, 108–109","P. 96–97, 108–109",same_work,Ibid.,mention-0941,,,work-family-usatges_de_barcelona,work-family-usatges_de_barcelona,korneeva-sources-037;korneeva-sources-038;korneeva-sources-039;korneeva-sources-040;korneeva-sources-041;korneeva-sources-042,resolved_relation,same_work_previous_citation,1.0,,,,
mention-0943,ГЛАВА_2_ВЕРСИЯ_3.docx,233,233,1,Ibid. Us.60 (64). P. 96–97.,relational_reference,Us.60 (64). P. 96–97.,P. 96–97,P. 96–97,same_work,Ibid.,mention-0942,,,work-family-usatges_de_barcelona,work-family-usatges_de_barcelona,korneeva-sources-037;korneeva-sources-038;korneeva-sources-039;korneeva-sources-040;korneeva-sources-041;korneeva-sources-042,resolved_relation,same_work_previous_citation,1.0,,,,
mention-0944,ГЛАВА_2_ВЕРСИЯ_3.docx,234,234,1,Подробнее об этом на португальском материале см.,commentary,Подробнее об этом на португальском материале см.,,,,,,,,,,,not_bibliographic,commentary_or_internal_cross_reference,,,,,
mention-0945,ГЛАВА_2_ВЕРСИЯ_3.docx,234,234,2,Варьяш О.И. Язык средневекового права... С. 90.,short_title_reference,Варьяш О.И. Язык средневекового права... С. 90.,С. 90,С. 90,,,,,,,korneeva-research-039,korneeva-research-039,resolved_explicit,exact_title,0.98,,,,
mention-0946,ГЛАВА_2_ВЕРСИЯ_3.docx,235,235,1,"Баккаларии — особый разряд крестьян «Барселонских обычаях», противопоставленный державшим манс и обрабатывавшим его парой быков; их свидетельские показания допускались лишь по менее значительным тяжбам (подробнее об истории термина см.",commentary,"Баккаларии — особый разряд крестьян «Барселонских обычаях», противопоставленный державшим манс и обрабатывавшим его парой быков; их свидетельские показания допускались лишь по менее значительным тяжбам (подробнее об истории термина см.",,,,,,,,,,,not_bibliographic,commentary_or_internal_cross_reference,,,,,
mention-0947,ГЛАВА_2_ВЕРСИЯ_3.docx,235,235,2,"Филиппов И.С. Средиземноморская Франция в раннее средневековье: Проблема становления феодализма. Москва: Скрипторий, 2000. С. 497).",full_reference,"Филиппов И.С. Средиземноморская Франция в раннее средневековье: Проблема становления феодализма. Москва: Скрипторий, 2000. С. 497).",С. 497,С. 497,,,,,,,korneeva-research-142,korneeva-research-142,resolved_explicit,exact_title,0.98,,,,
mention-0948,ГЛАВА_2_ВЕРСИЯ_3.docx,236,236,1,"Манкус // Нумизматический словарь / ред. Зварич В.В. / Львов, 1980. C. 104–105: «Манкус — первоначально название арабского золотого динара (приблизительно 30 серебряным денариям) в Западной Европе, а затем — денежно-счетная единица и золотая монета ряда европейских стран. <…> В Каталонии в XI в. выпускался золотой манкус с арабской надписью и крестом. Вес монеты 1,9 - 1,95 г. В большинстве случаев она легче арабского золотого динара».",full_reference,"Манкус // Нумизматический словарь / ред. Зварич В.В. / Львов, 1980. C. 104–105: «Манкус — первоначально название арабского золотого динара (приблизительно 30 серебряным денариям) в Западной Европе, а затем — денежно-счетная единица и золотая монета ряда европейских стран. <…> В Каталонии в XI в. выпускался золотой манкус с арабской надписью и крестом. Вес монеты 1,9 - 1,95 г. В большинстве случаев она легче арабского золотого динара».",,,,,,,,,korneeva-footnote-164,korneeva-footnote-164,new_footnote_only_record,new_footnote_only_record,0.9,,,,
mention-0949,ГЛАВА_2_ВЕРСИЯ_3.docx,237,237,1,"Usatges de Barcelona. Us. 50 (53): «DE ALIIS NAMQVE rusticis qui dicuntur bachallarii, credantur per sacramentum usque ad .IIII. mancusos auri Valencie→Dels altres pages[es] qui an nom bacalars, sien creeguts lur sagrament entrò ha .iiii. maçmodines d’aur de València». P. 88–89.",short_title_reference,"Usatges de Barcelona. Us. 50 (53): «DE ALIIS NAMQVE rusticis qui dicuntur bachallarii, credantur per sacramentum usque ad .IIII. mancusos auri Valencie→Dels altres pages[es] qui an nom bacalars, sien creeguts lur sagrament entrò ha .iiii. maçmodines d’aur de València». P. 88–89.",P. 88–89,P. 88–89,,,,,,,work-family-usatges_de_barcelona,korneeva-sources-037;korneeva-sources-038;korneeva-sources-039;korneeva-sources-040;korneeva-sources-041;korneeva-sources-042,resolved_work_edition_ambiguous,work_resolved_edition_ambiguous,0.9,,,usatges_de_barcelona,
mention-0950,ГЛАВА_2_ВЕРСИЯ_3.docx,238,238,1,"Usatges de Barcelona. Us.49 (52): «SACRAMENTA RVSTICI qui teneat mansum et laboret cum pare bouum, sunt credenda usque ad .VII. solidos plate→Sagrament de pageses qui tinge mas e laru ab .i. parel de bous deu éser creegut entrò ha .vii. sous de plata». P. 88–89.",short_title_reference,"Usatges de Barcelona. Us.49 (52): «SACRAMENTA RVSTICI qui teneat mansum et laboret cum pare bouum, sunt credenda usque ad .VII. solidos plate→Sagrament de pageses qui tinge mas e laru ab .i. parel de bous deu éser creegut entrò ha .vii. sous de plata». P. 88–89.",P. 88–89,P. 88–89,,,,,,,work-family-usatges_de_barcelona,korneeva-sources-037;korneeva-sources-038;korneeva-sources-039;korneeva-sources-040;korneeva-sources-041;korneeva-sources-042,resolved_work_edition_ambiguous,work_resolved_edition_ambiguous,0.9,,,usatges_de_barcelona,
mention-0951,ГЛАВА_2_ВЕРСИЯ_3.docx,239,239,1,"Ibid. Us. 92 (115): «...sin autem, expectandum est usquequo pupilli sint talis etatis... →..si no, esperar deu hom entrò que·ls pobils sien de tal e<s>dat...». P. 128–129.",relational_reference,"Us. 92 (115): «...sin autem, expectandum est usquequo pupilli sint talis etatis... →..si no, esperar deu hom entrò que·ls pobils sien de tal e<s>dat...». P. 128–129.",P. 128–129,P. 128–129,same_work,Ibid.,mention-0950,,,work-family-usatges_de_barcelona,work-family-usatges_de_barcelona,korneeva-sources-037;korneeva-sources-038;korneeva-sources-039;korneeva-sources-040;korneeva-sources-041;korneeva-sources-042,resolved_relation,same_work_previous_citation,1.0,,,,
mention-0952,ГЛАВА_2_ВЕРСИЯ_3.docx,240,240,1,Ibid. Us. 123 (81): «..Et ideo facienda [опущен инфинитив “est”.— А.К.] que sunt secundum usaticum... →...E per ço deu hom fer ço que és segons l’usatge...». P. 158–159.,relational_reference,Us. 123 (81): «..Et ideo facienda [опущен инфинитив “est”.— А.К.] que sunt secundum usaticum... →...E per ço deu hom fer ço que és segons l’usatge...». P. 158–159.,P. 158–159,P. 158–159,same_work,Ibid.,mention-0951,,,work-family-usatges_de_barcelona,work-family-usatges_de_barcelona,korneeva-sources-037;korneeva-sources-038;korneeva-sources-039;korneeva-sources-040;korneeva-sources-041;korneeva-sources-042,resolved_relation,same_work_previous_citation,1.0,,,,
mention-0953,ГЛАВА_2_ВЕРСИЯ_3.docx,241,241,1,"Ibid. Us. 119 (77): «...si idem auus uel auia, pater uel mater uoluerint, sunt repellendi→...si lo pare o la mare, l’avi o l'avia se volran, los poden gitar de si». P. 154–155.",relational_reference,"Us. 119 (77): «...si idem auus uel auia, pater uel mater uoluerint, sunt repellendi→...si lo pare o la mare, l’avi o l'avia se volran, los poden gitar de si». P. 154–155.",P. 154–155,P. 154–155,same_work,Ibid.,mention-0952,,,work-family-usatges_de_barcelona,work-family-usatges_de_barcelona,korneeva-sources-037;korneeva-sources-038;korneeva-sources-039;korneeva-sources-040;korneeva-sources-041;korneeva-sources-042,resolved_relation,same_work_previous_citation,1.0,,,,
mention-0954,ГЛАВА_2_ВЕРСИЯ_3.docx,242,242,1,"Ibid. Us. 37 (40), 62 (66.2), 80 (105).",relational_reference,"Us. 37 (40), 62 (66.2), 80 (105).",,P. 154–155,same_work,Ibid.,mention-0953,,,work-family-usatges_de_barcelona,work-family-usatges_de_barcelona,korneeva-sources-037;korneeva-sources-038;korneeva-sources-039;korneeva-sources-040;korneeva-sources-041;korneeva-sources-042,resolved_relation,same_work_previous_citation,1.0,,,,
mention-0955,ГЛАВА_2_ВЕРСИЯ_3.docx,243,243,1,"Ibid. Us. 118 (76): «…constituerunt huiusmodi pretaxatam tenedonem<…> talem in omnibus firmitatem obtinere, quod deincebs ulla fraudulenta calliditate subuerti, uel aliquo ingenio non possit mutari→...establiren aquesta davant dita teneó<…> aytal fermetat en totes coses deu aver que d’aqui enant per nula moxonia no pusca eser trastomat ni per algun enguiny no pusca eser camiat». P. 152–153.",relational_reference,"Us. 118 (76): «…constituerunt huiusmodi pretaxatam tenedonem<…> talem in omnibus firmitatem obtinere, quod deincebs ulla fraudulenta calliditate subuerti, uel aliquo ingenio non possit mutari→...establiren aquesta davant dita teneó<…> aytal fermetat en totes coses deu aver que d’aqui enant per nula moxonia no pusca eser trastomat ni per algun enguiny no pusca eser camiat». P. 152–153.",P. 152–153,P. 152–153,same_work,Ibid.,mention-0954,,,work-family-usatges_de_barcelona,work-family-usatges_de_barcelona,korneeva-sources-037;korneeva-sources-038;korneeva-sources-039;korneeva-sources-040;korneeva-sources-041;korneeva-sources-042,resolved_relation,same_work_previous_citation,1.0,,,,
mention-0956,ГЛАВА_2_ВЕРСИЯ_3.docx,244,244,1,"Ibid. Us. 54 (57): «FEVOS quos tenuerint milites, si seniores eorum negauerint non eos illis dedisse, auerent illos per sacramentum et per bataiam, et habeant illos. Illos autem quos non tenuerint et clamauerint, aut probent per testes uel per scripturas eos a senioribus eorum adquisisse, aut dimittant eos → [L]os feus que tenen los cavalers, si los senyors los neguen a éls que no·ls los agen donats, averen-los per sagrament ho per batala, e agen aquels; aquels, però, que no tendran e[·] clamaran, o·ls proven per testimonis ho per escriptures qu·els agen acaptats de lur senyor, ho·ls los jaquesquen». P. 90–91.",relational_reference,"Us. 54 (57): «FEVOS quos tenuerint milites, si seniores eorum negauerint non eos illis dedisse, auerent illos per sacramentum et per bataiam, et habeant illos. Illos autem quos non tenuerint et clamauerint, aut probent per testes uel per scripturas eos a senioribus eorum adquisisse, aut dimittant eos → [L]os feus que tenen los cavalers, si los senyors los neguen a éls que no·ls los agen donats, averen-los per sagrament ho per batala, e agen aquels; aquels, però, que no tendran e[·] clamaran, o·ls proven per testimonis ho per escriptures qu·els agen acaptats de lur senyor, ho·ls los jaquesquen». P. 90–91.",P. 90–91,P. 90–91,same_work,Ibid.,mention-0955,,,work-family-usatges_de_barcelona,work-family-usatges_de_barcelona,korneeva-sources-037;korneeva-sources-038;korneeva-sources-039;korneeva-sources-040;korneeva-sources-041;korneeva-sources-042,resolved_relation,same_work_previous_citation,1.0,,,,
mention-0957,ГЛАВА_2_ВЕРСИЯ_3.docx,245,245,1,"Usatges de Barcelona. Us. 60 (64): «... habeant omni tempore sinceram et perfectam fidem et ueram locutionem; ita ut omnes homines nobiles et ignobiles, reges et principes, magnates et milites, rustici et pagenses, mercerii et negociatores, peregrini et camina tenentes, amici et inimici, christiani et sarraceni, iudei et heretici, possint se in illis fidare et credere non solum illorum personas set eciam ciuitates et castella, honorem et auere, uxores et filios et cuncta que habuerint, sine timore et absque ulla mala suspicione; et omnes homines nobiles et ignobiles,magnates, milites et pedites, marinarii et cur- sarii et monetarii, in illorum terra stantes uel aliunde aduenientes, adiuuent predictos principes eorum fidem et locutionem tenere …→per tots temps ayen cincera e acabada fe e vera paraula, en axí que tots los hòmens, nobles e ignobles (...) tots los hòmens, nobles e ignobles), grans hòmens, cavalers e peons, mariners e cosaris e moneders, en aquela terra estans ho alondre vivens ajuden ais damunt dits a lur fe e aquels tenir...». P. 96–97.",short_title_reference,"Usatges de Barcelona. Us. 60 (64): «... habeant omni tempore sinceram et perfectam fidem et ueram locutionem; ita ut omnes homines nobiles et ignobiles, reges et principes, magnates et milites, rustici et pagenses, mercerii et negociatores, peregrini et camina tenentes, amici et inimici, christiani et sarraceni, iudei et heretici, possint se in illis fidare et credere non solum illorum personas set eciam ciuitates et castella, honorem et auere, uxores et filios et cuncta que habuerint, sine timore et absque ulla mala suspicione; et omnes homines nobiles et ignobiles,magnates, milites et pedites, marinarii et cur- sarii et monetarii, in illorum terra stantes uel aliunde aduenientes, adiuuent predictos principes eorum fidem et locutionem tenere …→per tots temps ayen cincera e acabada fe e vera paraula, en axí que tots los hòmens, nobles e ignobles (...) tots los hòmens, nobles e ignobles), grans hòmens, cavalers e peons, mariners e cosaris e moneders, en aquela terra estans ho alondre vivens ajuden ais damunt dits a lur fe e aquels tenir...». P. 96–97.",P. 96–97,P. 96–97,,,,,,,work-family-usatges_de_barcelona,korneeva-sources-037;korneeva-sources-038;korneeva-sources-039;korneeva-sources-040;korneeva-sources-041;korneeva-sources-042,resolved_work_edition_ambiguous,work_resolved_edition_ambiguous,0.9,,,usatges_de_barcelona,
mention-0958,ГЛАВА_2_ВЕРСИЯ_3.docx,246,246,1,"Гомеотелевт (греч. (греч. ὁμοιοτέλευτος: ὅμοιος — «подобный» — и τελευτή — «окончание») — вид морфемного повтора, при котором на относительно небольшом отрезке текста встречается значительное количество слов с одинаковой финальной частью. См.",commentary,"Гомеотелевт (греч. (греч. ὁμοιοτέλευτος: ὅμοιος — «подобный» — и τελευτή — «окончание») — вид морфемного повтора, при котором на относительно небольшом отрезке текста встречается значительное количество слов с одинаковой финальной частью. См.",,,,,,,,,,,not_bibliographic,commentary_or_internal_cross_reference,,,,,
mention-0959,ГЛАВА_2_ВЕРСИЯ_3.docx,246,246,2,"Аверинцев С.С. Поэтика ранневизантийской литературы. Спб.: Азбука-Классика, 2004. С. 231.",full_reference,"Аверинцев С.С. Поэтика ранневизантийской литературы. Спб.: Азбука-Классика, 2004. С. 231.",С. 231,С. 231,,,,,,,korneeva-research-001,korneeva-research-001,resolved_explicit,exact_title,0.98,,,,
mention-0960,ГЛАВА_2_ВЕРСИЯ_3.docx,246,246,3,Usatges de Barcelona. P. 97.,short_title_reference,Usatges de Barcelona. P. 97.,P. 97,P. 97,,,,,,,work-family-usatges_de_barcelona,korneeva-sources-037;korneeva-sources-038;korneeva-sources-039;korneeva-sources-040;korneeva-sources-041;korneeva-sources-042,resolved_work_edition_ambiguous,work_resolved_edition_ambiguous,0.9,,,usatges_de_barcelona,
mention-0961,ГЛАВА_2_ВЕРСИЯ_3.docx,247,247,1,"Ibid. Us. 11 (13): «RVSTICVS INTERFECTVS seu alius homo qui nullam habet dignitatem, preter quod christianus est, emendetur per .vi. uncias; plaga quoque uncias duas. Debilitacio et cedis emendetur per legem secundum solidos denariorum→[P]ages mort ho altre hom que nula dignitat no ha, esters que és crestis, sie emenat per .vi. onges; plaga .ii. onges ()». P. 60–61.",relational_reference,"Us. 11 (13): «RVSTICVS INTERFECTVS seu alius homo qui nullam habet dignitatem, preter quod christianus est, emendetur per .vi. uncias; plaga quoque uncias duas. Debilitacio et cedis emendetur per legem secundum solidos denariorum→[P]ages mort ho altre hom que nula dignitat no ha, esters que és crestis, sie emenat per .vi. onges; plaga .ii. onges ()». P. 60–61.",P. 60–61,P. 60–61,same_work,Ibid.,mention-0960,,,work-family-usatges_de_barcelona,work-family-usatges_de_barcelona,korneeva-sources-037;korneeva-sources-038;korneeva-sources-039;korneeva-sources-040;korneeva-sources-041;korneeva-sources-042,resolved_relation,same_work_previous_citation,1.0,,,,
mention-0962,ГЛАВА_2_ВЕРСИЯ_3.docx,248,248,1,"Ibid. Us. 9 (11): «IVDEI CESI uel uulnerati, capti aut debilitati siue eciam interfecti, ad uoluntatem potestatis sint emendati→[J]ueus t(r)enquats ho nafrats, preses e debilitats ( ), a la volentat de la postat sien emenats». P. 58–59.",relational_reference,"Us. 9 (11): «IVDEI CESI uel uulnerati, capti aut debilitati siue eciam interfecti, ad uoluntatem potestatis sint emendati→[J]ueus t(r)enquats ho nafrats, preses e debilitats ( ), a la volentat de la postat sien emenats». P. 58–59.",P. 58–59,P. 58–59,same_work,Ibid.,mention-0961,,,work-family-usatges_de_barcelona,work-family-usatges_de_barcelona,korneeva-sources-037;korneeva-sources-038;korneeva-sources-039;korneeva-sources-040;korneeva-sources-041;korneeva-sources-042,resolved_relation,same_work_previous_citation,1.0,,,,
mention-0963,ГЛАВА_2_ВЕРСИЯ_3.docx,249,249,1,Ibid. Us. 71(91): «… cum omnibus hominibus eorum honorem tenentibus uel in illorum honores  permanentibus siue in eorum seruicio laborantibus…→…ab tots lurs hómens qui lur honor tinguen ho qui estien en lur honor ho qui estien en lur servii...». P. 108–109.,relational_reference,Us. 71(91): «… cum omnibus hominibus eorum honorem tenentibus uel in illorum honores  permanentibus siue in eorum seruicio laborantibus…→…ab tots lurs hómens qui lur honor tinguen ho qui estien en lur honor ho qui estien en lur servii...». P. 108–109.,P. 108–109,P. 108–109,same_work,Ibid.,mention-0962,,,work-family-usatges_de_barcelona,work-family-usatges_de_barcelona,korneeva-sources-037;korneeva-sources-038;korneeva-sources-039;korneeva-sources-040;korneeva-sources-041;korneeva-sources-042,resolved_relation,same_work_previous_citation,1.0,,,,
mention-0964,ГЛАВА_2_ВЕРСИЯ_3.docx,250,250,1,Ibid. Us. 70 (75): «…uel si quis infra menia nostra uel burgos primus eduxerit gladium contra alium uel appellauerit aliquem cuguz …→… ho si negú dins los murs nostres primerament traurà coltel contra altre o l’apelarà cuguç …». P. 108–109.,relational_reference,Us. 70 (75): «…uel si quis infra menia nostra uel burgos primus eduxerit gladium contra alium uel appellauerit aliquem cuguz …→… ho si negú dins los murs nostres primerament traurà coltel contra altre o l’apelarà cuguç …». P. 108–109.,P. 108–109,P. 108–109,same_work,Ibid.,mention-0963,,,work-family-usatges_de_barcelona,work-family-usatges_de_barcelona,korneeva-sources-037;korneeva-sources-038;korneeva-sources-039;korneeva-sources-040;korneeva-sources-041;korneeva-sources-042,resolved_relation,same_work_previous_citation,1.0,,,,
mention-0965,ГЛАВА_2_ВЕРСИЯ_3.docx,251,251,1,Gudiol i Cunill J. Traducció dels Usatges...: «…o si algun enfre els murs nostres o els burcs primerament traura coltel a altre o apelara altre caguz…». P. 295.,short_title_reference,Gudiol i Cunill J. Traducció dels Usatges...: «…o si algun enfre els murs nostres o els burcs primerament traura coltel a altre o apelara altre caguz…». P. 295.,P. 295,P. 295,,,,,,,work-inferred-004,,resolved_work_edition_missing,work_identity_inferred_from_author_and_short_title,0.85,,,,
mention-0966,ГЛАВА_2_ВЕРСИЯ_3.docx,252,252,1,"Usatges de Barcelona / ed. J. Bastardas i Parera. Barcelona: Fundació Noguera, 1991. Us. 116 (137): «…iurent maiores minoribus per semedipsos, si minores habere potuerint illorum coequales qui pro eis iurent… —…jurats los mayors als menors per si ilex e els mayors donen a és [co]nsembles que juren a és…». P. 148–149.",full_reference,"Usatges de Barcelona / ed. J. Bastardas i Parera. Barcelona: Fundació Noguera, 1991. Us. 116 (137): «…iurent maiores minoribus per semedipsos, si minores habere potuerint illorum coequales qui pro eis iurent… —…jurats los mayors als menors per si ilex e els mayors donen a és [co]nsembles que juren a és…». P. 148–149.",P. 148–149,P. 148–149,,,,,,,work-family-usatges_de_barcelona,korneeva-sources-037;korneeva-sources-038;korneeva-sources-039;korneeva-sources-040;korneeva-sources-041;korneeva-sources-042,resolved_work_edition_ambiguous,work_resolved_edition_ambiguous,0.9,,,usatges_de_barcelona,
mention-0967,ГЛАВА_2_ВЕРСИЯ_3.docx,253,253,1,"См. комментарии к тексту «Барселонских обычаев»: Usatges de Barcelona / ed. por Bastardas i Parera J. Barcelona, 1991. P. 149. N. 99.",full_reference,"См. комментарии к тексту «Барселонских обычаев»: Usatges de Barcelona / ed. por Bastardas i Parera J. Barcelona, 1991. P. 149. N. 99.",P. 149,P. 149,,,,,,,korneeva-sources-040,korneeva-sources-040,resolved_explicit,exact_title,0.98,,,,
mention-0968,ГЛАВА_3_ВЕРСИЯ_3.docx,1,1,1,Тогоева О.И. Ордалия // Православная энциклопедия. 2023. Т. 53. С. 104–106.,full_reference,Тогоева О.И. Ордалия // Православная энциклопедия. 2023. Т. 53. С. 104–106.,Т. 53; С. 104–106,Т. 53; С. 104–106,,,,,,,korneeva-footnote-165,korneeva-footnote-165,new_footnote_only_record,new_footnote_only_record,0.9,,,,
mention-0969,ГЛАВА_3_ВЕРСИЯ_3.docx,2,2,1,"Baldwin J. The Intellectual Preparation for the Canon of 1215 against Ordeals // Speculum. Cambridge, 1961. Vol. 36. P. 613–636",full_reference,"Baldwin J. The Intellectual Preparation for the Canon of 1215 against Ordeals // Speculum. Cambridge, 1961. Vol. 36. P. 613–636",Vol. 36; P. 613–636,Vol. 36; P. 613–636,,,,,,,korneeva-research-179,korneeva-research-179,resolved_explicit,exact_title,0.98,,,,
mention-0970,ГЛАВА_3_ВЕРСИЯ_3.docx,2,2,2,"Barthélemy D. Présence de l’aveu dans le déroulement des ordalies (IXe-XIIIe siècle) // Publications de l’École française de Rome. École Française de Rome, 1986. Т. 88, № 1. P. 191–214",full_reference,"Barthélemy D. Présence de l’aveu dans le déroulement des ordalies (IXe-XIIIe siècle) // Publications de l’École française de Rome. École Française de Rome, 1986. Т. 88, № 1. P. 191–214","Т. 88, № 1; P. 191–214","Т. 88, № 1; P. 191–214",,,,,,,korneeva-research-183,korneeva-research-183,resolved_explicit,exact_title,0.98,,,,
mention-0971,ГЛАВА_3_ВЕРСИЯ_3.docx,2,2,3,"Idem. Diversité des ordalies médiévales // Revue historique. Paris, 1988. Vol. 280. № 1. P. 3–25",full_reference,"Diversité des ordalies médiévales // Revue historique. Paris, 1988. Vol. 280. № 1. P. 3–25",Vol. 280; P. 3–25,Vol. 280; P. 3–25,same_author,Idem.,mention-0970,,"Barthélemy, D.",,korneeva-research-182,korneeva-research-182,resolved_explicit,exact_title,0.98,,,,
mention-0972,ГЛАВА_3_ВЕРСИЯ_3.docx,2,2,4,"Bartlett R. Trial by Fire and Water: The Medieval Judicial Ordeal. Oxford, 1986; 2 vol.",full_reference,"Bartlett R. Trial by Fire and Water: The Medieval Judicial Ordeal. Oxford, 1986; 2 vol.",,,,,,,,,korneeva-research-184,korneeva-research-184,resolved_explicit,exact_title,0.98,,,,
mention-0973,ГЛАВА_3_ВЕРСИЯ_3.docx,2,2,5,"Carbasse J.-M., Vielfaure P. Histoire du droit pénal et de la justice criminelle. Presses Universitaires de France, 2014. 544 p. Довольно подробная историографическая панорама, посвящённая судебному поединку на Пиренейском полуострове (в частности, в Леоно-Кастильской традиции) представлена в работе А. Марея:",full_reference,"Carbasse J.-M., Vielfaure P. Histoire du droit pénal et de la justice criminelle. Presses Universitaires de France, 2014. 544 p. Довольно подробная историографическая панорама, посвящённая судебному поединку на Пиренейском полуострове (в частности, в Леоно-Кастильской традиции) представлена в работе А. Марея:",,,,,,,,,korneeva-research-214,korneeva-research-214,resolved_explicit,exact_title,0.98,,,,
mention-0974,ГЛАВА_3_ВЕРСИЯ_3.docx,2,2,6,"Марей А.В. Божий суд и человеческая справедливость: судебный поединок в Леоне и Кастилии XI-XIII вв. Москва: Союзник, 2011. 54 с.",full_reference,"Марей А.В. Божий суд и человеческая справедливость: судебный поединок в Леоне и Кастилии XI-XIII вв. Москва: Союзник, 2011. 54 с.",,,,,,,,,korneeva-research-076,korneeva-research-076,resolved_explicit,exact_title,0.98,,,,
mention-0975,ГЛАВА_3_ВЕРСИЯ_3.docx,3,3,1,"Usatges de Barcelona... Us. 1 (1–2): «…per sacramentum, vel per batalliam, vel per aquam frigidam sive calidam…». P. 48–49.",short_title_reference,"Usatges de Barcelona... Us. 1 (1–2): «…per sacramentum, vel per batalliam, vel per aquam frigidam sive calidam…». P. 48–49.",P. 48–49,P. 48–49,,,,,,,work-family-usatges_de_barcelona,korneeva-sources-037;korneeva-sources-038;korneeva-sources-039;korneeva-sources-040;korneeva-sources-041;korneeva-sources-042,resolved_work_edition_ambiguous,work_resolved_edition_ambiguous,0.9,,,usatges_de_barcelona,
mention-0976,ГЛАВА_3_ВЕРСИЯ_3.docx,4,4,1,"Ibid.: «Iuro ego tibi quod hec malefacta, que tibi habeo facta, sic ea tibi feci ad meum directum et in tuo neglecto, quod ego tibi illa emendare non debeo, per Deum et per hec sancta». P. 48–49.",relational_reference,"«Iuro ego tibi quod hec malefacta, que tibi habeo facta, sic ea tibi feci ad meum directum et in tuo neglecto, quod ego tibi illa emendare non debeo, per Deum et per hec sancta». P. 48–49.",P. 48–49,P. 48–49,same_work,Ibid.:,mention-0975,,,work-family-usatges_de_barcelona,work-family-usatges_de_barcelona,korneeva-sources-037;korneeva-sources-038;korneeva-sources-039;korneeva-sources-040;korneeva-sources-041;korneeva-sources-042,resolved_relation,same_work_previous_citation,1.0,,,,
mention-0977,ГЛАВА_3_ВЕРСИЯ_3.docx,5,5,1,Ibid.: «ANTEQVAM VSATICI fuissent missi…». P. 48–49.,relational_reference,«ANTEQVAM VSATICI fuissent missi…». P. 48–49.,P. 48–49,P. 48–49,same_work,Ibid.:,mention-0976,,,work-family-usatges_de_barcelona,work-family-usatges_de_barcelona,korneeva-sources-037;korneeva-sources-038;korneeva-sources-039;korneeva-sources-040;korneeva-sources-041;korneeva-sources-042,resolved_relation,same_work_previous_citation,1.0,,,,
mention-0978,ГЛАВА_3_ВЕРСИЯ_3.docx,6,6,1,Usatges de Barcelona... Us. 90 (113): « VERE INDEX aliter non erit nisi hoc quod indicauerit ad uerum traxerit …». P. 126–127.,short_title_reference,Usatges de Barcelona... Us. 90 (113): « VERE INDEX aliter non erit nisi hoc quod indicauerit ad uerum traxerit …». P. 126–127.,P. 126–127,P. 126–127,,,,,,,work-family-usatges_de_barcelona,korneeva-sources-037;korneeva-sources-038;korneeva-sources-039;korneeva-sources-040;korneeva-sources-041;korneeva-sources-042,resolved_work_edition_ambiguous,work_resolved_edition_ambiguous,0.9,,,usatges_de_barcelona,
mention-0979,ГЛАВА_3_ВЕРСИЯ_3.docx,7,7,1,"LV VI.1.3. Каким образом судья должен расследовать дело посредством испытания кипятком: «Нам стало известно о многих жалобах, и мы узнали, что проводятся пытки по делам [стоимостью до] трехсот солидов и претерпевается много зла от свободных людей. И потому, для наилучшего порядка, мы устанавливаем и приказываем, чтобы, хотя бы дело по какому-либо обвинению и было незначительным, обвиняемый все же должен быть принужден судьей к испытанию кипятком; и когда обстоятельства дела прояснятся, пусть судья не усомнится подвергнуть его пытке, и после того как тот даст свое признание, пусть он будет подвергнут наказанию, определенному предыдущим законом. Если же он выйдет невиновным из испытания кипятком, то пусть истец не несет никакого наказания. Тот же порядок должен соблюдаться и относительно подозрительных людей, пришедших свидетельствовать» C. 335–336, 646–647.",possible_reference,"LV VI.1.3. Каким образом судья должен расследовать дело посредством испытания кипятком: «Нам стало известно о многих жалобах, и мы узнали, что проводятся пытки по делам [стоимостью до] трехсот солидов и претерпевается много зла от свободных людей. И потому, для наилучшего порядка, мы устанавливаем и приказываем, чтобы, хотя бы дело по какому-либо обвинению и было незначительным, обвиняемый все же должен быть принужден судьей к испытанию кипятком; и когда обстоятельства дела прояснятся, пусть судья не усомнится подвергнуть его пытке, и после того как тот даст свое признание, пусть он будет подвергнут наказанию, определенному предыдущим законом. Если же он выйдет невиновным из испытания кипятком, то пусть истец не несет никакого наказания. Тот же порядок должен соблюдаться и относительно подозрительных людей, пришедших свидетельствовать» C. 335–336, 646–647.",,,,,,,,,korneeva-sources-027,korneeva-sources-027,resolved_explicit,authoritative_abbreviation_list,1.0,LV,Lex Visigothorum — «Вестготская правда» / «Книга приговоров»,,
mention-0980,ГЛАВА_3_ВЕРСИЯ_3.docx,8,8,1,Usatges de Barcelona... Us. 89 (112): «...uxores rusticorum manibus propriis per caldariam». P. 126–127.,short_title_reference,Usatges de Barcelona... Us. 89 (112): «...uxores rusticorum manibus propriis per caldariam». P. 126–127.,P. 126–127,P. 126–127,,,,,,,work-family-usatges_de_barcelona,korneeva-sources-037;korneeva-sources-038;korneeva-sources-039;korneeva-sources-040;korneeva-sources-041;korneeva-sources-042,resolved_work_edition_ambiguous,work_resolved_edition_ambiguous,0.9,,,usatges_de_barcelona,
mention-0981,ГЛАВА_3_ВЕРСИЯ_3.docx,9,9,1,"Ibid. Us. 50 (53): «DE ALIIS NAMQVE rusticis qui dicunty challarii, credantur per sacramentum usque ad. ba. mancusos auri Valencie. Deinde quicquid iurent pe examen caldarie demonstrent». P. 88–89.",relational_reference,"Us. 50 (53): «DE ALIIS NAMQVE rusticis qui dicunty challarii, credantur per sacramentum usque ad. ba. mancusos auri Valencie. Deinde quicquid iurent pe examen caldarie demonstrent». P. 88–89.",P. 88–89,P. 88–89,same_work,Ibid.,mention-0980,,,work-family-usatges_de_barcelona,work-family-usatges_de_barcelona,korneeva-sources-037;korneeva-sources-038;korneeva-sources-039;korneeva-sources-040;korneeva-sources-041;korneeva-sources-042,resolved_relation,same_work_previous_citation,1.0,,,,
mention-0982,ГЛАВА_3_ВЕРСИЯ_3.docx,10,10,1,"Ibid. Us. 42 (45): «... aut expiare de de bauzia per sacramentum et per bataiam ad suum parem, qui de genere et de honore sit de suo valore…». P. 84–85.",relational_reference,"Us. 42 (45): «... aut expiare de de bauzia per sacramentum et per bataiam ad suum parem, qui de genere et de honore sit de suo valore…». P. 84–85.",P. 84–85,P. 84–85,same_work,Ibid.,mention-0981,,,work-family-usatges_de_barcelona,work-family-usatges_de_barcelona,korneeva-sources-037;korneeva-sources-038;korneeva-sources-039;korneeva-sources-040;korneeva-sources-041;korneeva-sources-042,resolved_relation,same_work_previous_citation,1.0,,,,
mention-0983,ГЛАВА_3_ВЕРСИЯ_3.docx,11,11,1,"Баузия (лат. bausia) — вероломство, коварное нарушение верности или мира, то есть тяжкое деяние, совершённое против лица, которому была обязана особая верность или безопасность. В каталонских юридических текстах это понятие обычно сближается с изменой и неверностью сеньору, но обычно передаёт не столько государственную измену в узком смысле, сколько вероломное посягательство на лицо, честь или безопасность при нарушении должной верности. (см.",commentary,"Баузия (лат. bausia) — вероломство, коварное нарушение верности или мира, то есть тяжкое деяние, совершённое против лица, которому была обязана особая верность или безопасность. В каталонских юридических текстах это понятие обычно сближается с изменой и неверностью сеньору, но обычно передаёт не столько государственную измену в узком смысле, сколько вероломное посягательство на лицо, честь или безопасность при нарушении должной верности. (см.",,,,,,,,,,,not_bibliographic,commentary_or_internal_cross_reference,,,,,
mention-0984,ГЛАВА_3_ВЕРСИЯ_3.docx,11,11,2,Zambrana Moral P. Revenja privada i revenja de la sang en el dret penal espanyol medieval: estat de la qüestió en els inicis del 2005 // Revista de Dret Històric Català. 2006. Т. 5. P. 128;,full_reference,Zambrana Moral P. Revenja privada i revenja de la sang en el dret penal espanyol medieval: estat de la qüestió en els inicis del 2005 // Revista de Dret Històric Català. 2006. Т. 5. P. 128;,Т. 5; P. 128,Т. 5; P. 128,,,,,,,korneeva-research-423,korneeva-research-423,resolved_explicit,exact_title,0.98,,,,
mention-0985,ГЛАВА_3_ВЕРСИЯ_3.docx,11,11,3,"Alvarado Planas J. Algunas observaciones sobre la influencia germánica en el vocabulario jurídico-institucional de la España medieval // Glossae: European Journal of Legal History. Instituto de Estudios Sociales, Políticos y Jurídicos, 2015. № 12. P. 46).",full_reference,"Alvarado Planas J. Algunas observaciones sobre la influencia germánica en el vocabulario jurídico-institucional de la España medieval // Glossae: European Journal of Legal History. Instituto de Estudios Sociales, Políticos y Jurídicos, 2015. № 12. P. 46).",P. 46,P. 46,,,,,,,korneeva-research-169,korneeva-research-169,resolved_explicit,exact_title,0.98,,,,
mention-0986,ГЛАВА_3_ВЕРСИЯ_3.docx,12,12,1,Usatges de Barcelona… Us. 42 (45): «…ut tantum accipiat si vincerit quantum perderet si vinceretur». P. 84.,short_title_reference,Usatges de Barcelona… Us. 42 (45): «…ut tantum accipiat si vincerit quantum perderet si vinceretur». P. 84.,P. 84,P. 84,,,,,,,work-family-usatges_de_barcelona,korneeva-sources-037;korneeva-sources-038;korneeva-sources-039;korneeva-sources-040;korneeva-sources-041;korneeva-sources-042,resolved_work_edition_ambiguous,work_resolved_edition_ambiguous,0.9,,,usatges_de_barcelona,
mention-0987,ГЛАВА_3_ВЕРСИЯ_3.docx,13,13,1,"Ibid. Us. 23 (27): «BATAIA IVDICATA antequam sit iurata, si per milites debet esse facta, per .CC. uncias auri Valen. cie sit per pignora firmata; et si per pedones, sit firmata per .c., propter hoc ut ad illum qui uicerit sit emendatum malum quod in bello acceperit, tam in corpore quam in cauallo siue in armis, et assequatur hoc pro quo bellum factum erit et omnes missio. nes quas per illud bellum fecerit; et diffinitum illud quod acceperit ille qui uictus fuerit». P. 70.",relational_reference,"Us. 23 (27): «BATAIA IVDICATA antequam sit iurata, si per milites debet esse facta, per .CC. uncias auri Valen. cie sit per pignora firmata; et si per pedones, sit firmata per .c., propter hoc ut ad illum qui uicerit sit emendatum malum quod in bello acceperit, tam in corpore quam in cauallo siue in armis, et assequatur hoc pro quo bellum factum erit et omnes missio. nes quas per illud bellum fecerit; et diffinitum illud quod acceperit ille qui uictus fuerit». P. 70.",P. 70,P. 70,same_work,Ibid.,mention-0986,,,work-family-usatges_de_barcelona,work-family-usatges_de_barcelona,korneeva-sources-037;korneeva-sources-038;korneeva-sources-039;korneeva-sources-040;korneeva-sources-041;korneeva-sources-042,resolved_relation,same_work_previous_citation,1.0,,,,
mention-0988,ГЛАВА_3_ВЕРСИЯ_3.docx,14,14,1,"Balaguer A.M. Història de la moneda dels comtats catalans. Barcelona: Institut d’Estudis Catalans, 1999. P. 55.",full_reference,"Balaguer A.M. Història de la moneda dels comtats catalans. Barcelona: Institut d’Estudis Catalans, 1999. P. 55.",P. 55,P. 55,,,,,,,korneeva-research-177,korneeva-research-177,resolved_explicit,exact_title,0.98,,,,
mention-0989,ГЛАВА_3_ВЕРСИЯ_3.docx,15,15,1,"Usatges de Barcelona… Us. 23 (27): «MARITI VXORES suas reptare possint de adulterio, eciam per suspicionem, et ille debent se expiare inde per illarum aueramentum, per sacramentum et per bataliam». P. 124.",short_title_reference,"Usatges de Barcelona… Us. 23 (27): «MARITI VXORES suas reptare possint de adulterio, eciam per suspicionem, et ille debent se expiare inde per illarum aueramentum, per sacramentum et per bataliam». P. 124.",P. 124,P. 124,,,,,,,work-family-usatges_de_barcelona,korneeva-sources-037;korneeva-sources-038;korneeva-sources-039;korneeva-sources-040;korneeva-sources-041;korneeva-sources-042,resolved_work_edition_ambiguous,work_resolved_edition_ambiguous,0.9,,,usatges_de_barcelona,
mention-0990,ГЛАВА_3_ВЕРСИЯ_3.docx,16,16,1,Ibid. Us. 89 (112): «uxores militum per sacramentum et desuper per militem». P. 126.,relational_reference,Us. 89 (112): «uxores militum per sacramentum et desuper per militem». P. 126.,P. 126,P. 126,same_work,Ibid.,mention-0989,,,work-family-usatges_de_barcelona,work-family-usatges_de_barcelona,korneeva-sources-037;korneeva-sources-038;korneeva-sources-039;korneeva-sources-040;korneeva-sources-041;korneeva-sources-042,resolved_relation,same_work_previous_citation,1.0,,,,
mention-0991,ГЛАВА_3_ВЕРСИЯ_3.docx,17,17,1,Ibid. Us. 89 (112): «uxores civium et burgencium et nobelium bajulorum per pedonem». P. 126.,relational_reference,Us. 89 (112): «uxores civium et burgencium et nobelium bajulorum per pedonem». P. 126.,P. 126,P. 126,same_work,Ibid.,mention-0990,,,work-family-usatges_de_barcelona,work-family-usatges_de_barcelona,korneeva-sources-037;korneeva-sources-038;korneeva-sources-039;korneeva-sources-040;korneeva-sources-041;korneeva-sources-042,resolved_relation,same_work_previous_citation,1.0,,,,
mention-0992,ГЛАВА_3_ВЕРСИЯ_3.docx,18,18,1,Ibid. Us. 89 (112): «uxores rusticorum manibus propriis per calderiam». P. 126.,relational_reference,Us. 89 (112): «uxores rusticorum manibus propriis per calderiam». P. 126.,P. 126,P. 126,same_work,Ibid.,mention-0991,,,work-family-usatges_de_barcelona,work-family-usatges_de_barcelona,korneeva-sources-037;korneeva-sources-038;korneeva-sources-039;korneeva-sources-040;korneeva-sources-041;korneeva-sources-042,resolved_relation,same_work_previous_citation,1.0,,,,
mention-0993,ГЛАВА_3_ВЕРСИЯ_3.docx,19,19,1,"Ibid. Us. 89 (112): «Si vicerit uxor, retineat eam vir suus honorifice…» P. 126.",relational_reference,"Us. 89 (112): «Si vicerit uxor, retineat eam vir suus honorifice…» P. 126.",P. 126,P. 126,same_work,Ibid.,mention-0992,,,work-family-usatges_de_barcelona,work-family-usatges_de_barcelona,korneeva-sources-037;korneeva-sources-038;korneeva-sources-039;korneeva-sources-040;korneeva-sources-041;korneeva-sources-042,resolved_relation,same_work_previous_citation,1.0,,,,
mention-0994,ГЛАВА_3_ВЕРСИЯ_3.docx,20,20,1,"Ibid. Us. 89 (112): «Si autem victa fuerit, veniat in manu mariti sui cum cunctis que habuerit». P. 126.",relational_reference,"Us. 89 (112): «Si autem victa fuerit, veniat in manu mariti sui cum cunctis que habuerit». P. 126.",P. 126,P. 126,same_work,Ibid.,mention-0993,,,work-family-usatges_de_barcelona,work-family-usatges_de_barcelona,korneeva-sources-037;korneeva-sources-038;korneeva-sources-039;korneeva-sources-040;korneeva-sources-041;korneeva-sources-042,resolved_relation,same_work_previous_citation,1.0,,,,
mention-0995,ГЛАВА_3_ВЕРСИЯ_3.docx,21,21,1,"Ibid. Us. 51 (54): «SENEX MILES qui non potuerit se defendere per semedipsum, uel pauper qui non potest se preparare de bello, credatur per sacramentum usque ad ‚V. uncias auri Valencie». P. 88.",relational_reference,"Us. 51 (54): «SENEX MILES qui non potuerit se defendere per semedipsum, uel pauper qui non potest se preparare de bello, credatur per sacramentum usque ad ‚V. uncias auri Valencie». P. 88.",P. 88,P. 88,same_work,Ibid.,mention-0994,,,work-family-usatges_de_barcelona,work-family-usatges_de_barcelona,korneeva-sources-037;korneeva-sources-038;korneeva-sources-039;korneeva-sources-040;korneeva-sources-041;korneeva-sources-042,resolved_relation,same_work_previous_citation,1.0,,,,
mention-0996,ГЛАВА_3_ВЕРСИЯ_3.docx,22,22,1,Justícia i resolució... 2018.; Justícia i resolució... 2024.,short_title_reference,Justícia i resolució... 2018.; Justícia i resolució... 2024.,,,,,,,,,korneeva-sources-025,korneeva-sources-025,resolved_explicit,source_family_unique,0.97,,,justicia_i_resolucio,
mention-0997,ГЛАВА_3_ВЕРСИЯ_3.docx,23,23,1,"Concessió de privilegi atorgat per Pere I a la ciutat de Balaguer de poder celebrar mercat el dissabte i una fira de vuit dies a mitjans d’agost. Lleida, 16 de setembre de 1211. Arxiu Comarcal de la Noguera (=ACN). Fons Ajuntament de Balaguer. UDS: 2001 // Pedrol M. et al. El mercat de Balaguer a través dels documents de l’Arxiu Comarcal de la Noguera. (Quadern didàctic ACN, 2008) (транскрипция документа—А.К.): «… semper sint liberi et immunes et penitus exempti a iudicio sive purgatione candentis ferri et aque calide et frigide, ita scilicet ut in huiusmodi iudiciis sive purgationibus simplex solummodo iuramentum ipsorum teneat, salvis tamen vicinalibus purgationibus supradictis». P. [3].",full_reference,"Concessió de privilegi atorgat per Pere I a la ciutat de Balaguer de poder celebrar mercat el dissabte i una fira de vuit dies a mitjans d’agost. Lleida, 16 de setembre de 1211. Arxiu Comarcal de la Noguera (=ACN). Fons Ajuntament de Balaguer. UDS: 2001 // Pedrol M. et al. El mercat de Balaguer a través dels documents de l’Arxiu Comarcal de la Noguera. (Quadern didàctic ACN, 2008) (транскрипция документа—А.К.): «… semper sint liberi et immunes et penitus exempti a iudicio sive purgatione candentis ferri et aque calide et frigide, ita scilicet ut in huiusmodi iudiciis sive purgationibus simplex solummodo iuramentum ipsorum teneat, salvis tamen vicinalibus purgationibus supradictis». P. [3].",,,,,,,,,korneeva-sources-006,korneeva-sources-006,resolved_explicit,exact_title,0.98,,,,
mention-0998,ГЛАВА_3_ВЕРСИЯ_3.docx,24,24,1,XVIII. De iudicie sanguinis et duelli cliricis interdicto // Mansi J. D. Sacrorum conciliorum nova et amplissima collectio... Venetiis: apud Anitonio Zatta. 1778. T. 22. Col. 1006–1007. Col. 1006–1007.,full_reference,XVIII. De iudicie sanguinis et duelli cliricis interdicto // Mansi J. D. Sacrorum conciliorum nova et amplissima collectio... Venetiis: apud Anitonio Zatta. 1778. T. 22. Col. 1006–1007. Col. 1006–1007.,,,,,,,,,korneeva-sources-036,korneeva-sources-036,resolved_explicit,exact_title,0.98,,,,
mention-0999,ГЛАВА_3_ВЕРСИЯ_3.docx,25,25,1,"Costumbres de Llerida. [27] // Mar C.J. Bujaraloz : VIII centenario de su fundacion y epoca de su pertenencia a la Orden de San Jorge de Alfama 1205-1230 / C.J. Mar. Caspe: Centro de Estudios Comarcales del Bajo Aragon-Caspe de la Institucion “Fernando el Catolico”, 2006: «Item addunt quod bataillam non teneamur facere cum eis per hominem vel ferrum nec per aliud iudicium, nec per aquam». P. 224.",full_reference,"Costumbres de Llerida. [27] // Mar C.J. Bujaraloz : VIII centenario de su fundacion y epoca de su pertenencia a la Orden de San Jorge de Alfama 1205-1230 / C.J. Mar. Caspe: Centro de Estudios Comarcales del Bajo Aragon-Caspe de la Institucion “Fernando el Catolico”, 2006: «Item addunt quod bataillam non teneamur facere cum eis per hominem vel ferrum nec per aliud iudicium, nec per aquam». P. 224.",P. 224,P. 224,,,,,,,korneeva-sources-012,korneeva-sources-012,resolved_explicit,source_family_unique,0.97,,,costums_de_lleida,
mention-1000,ГЛАВА_3_ВЕРСИЯ_3.docx,26,26,1,Consuetudines ville Tarege… [9]: «Stare non teneatur aliquis ad batalliarri neque tornas aque calide vel frigide vel ferri calidi nisi de voluntate partium fuerit». P. 438.,short_title_reference,Consuetudines ville Tarege… [9]: «Stare non teneatur aliquis ad batalliarri neque tornas aque calide vel frigide vel ferri calidi nisi de voluntate partium fuerit». P. 438.,P. 438,P. 438,,,,,,,korneeva-sources-022,korneeva-sources-022,resolved_explicit,source_family_unique,0.97,,,costums_de_tarrega,
mention-1001,ГЛАВА_3_ВЕРСИЯ_3.docx,27,27,1,Consuetudines ville Tarege… P. 439.,short_title_reference,Consuetudines ville Tarege… P. 439.,P. 439,P. 439,,,,,,,korneeva-sources-022,korneeva-sources-022,resolved_explicit,source_family_unique,0.97,,,costums_de_tarrega,
mention-1002,ГЛАВА_3_ВЕРСИЯ_3.docx,28,28,1,"Les Coutumes de Perpignan. [I] : «Homines Perpinyani debent placitare et iudicari per consuetudines ville, et per iura ubi consuetudines defficiunt, et non per usaticos Barchinone, neque per legem goticam, quia non habent locum in villa Perpinyani». P. 567.",short_title_reference,"Les Coutumes de Perpignan. [I] : «Homines Perpinyani debent placitare et iudicari per consuetudines ville, et per iura ubi consuetudines defficiunt, et non per usaticos Barchinone, neque per legem goticam, quia non habent locum in villa Perpinyani». P. 567.",P. 567,P. 567,,,,,,,korneeva-sources-029,korneeva-sources-029,resolved_explicit,source_family_unique,0.97,,,coutumes_de_perpignan,
mention-1003,ГЛАВА_3_ВЕРСИЯ_3.docx,29,29,1,"Costums de Tortosa… 1.1.12: «Totz temps jo general custum e és que nul hom, seynor ne aitre, no pot reptar negun que a nula batayla, de peu, ne de cavai, ne de ferre calt, ne a ayga calda o freda la port, per so corn batala noa en Tortosa ne yjo, ne en sos ténnens». P. 11.",short_title_reference,"Costums de Tortosa… 1.1.12: «Totz temps jo general custum e és que nul hom, seynor ne aitre, no pot reptar negun que a nula batayla, de peu, ne de cavai, ne de ferre calt, ne a ayga calda o freda la port, per so corn batala noa en Tortosa ne yjo, ne en sos ténnens». P. 11.",P. 11,P. 11,,,,,,,work-family-costums_de_tortosa,korneeva-sources-004;korneeva-sources-005;korneeva-sources-009;korneeva-sources-014;korneeva-sources-015;korneeva-sources-016;korneeva-sources-030;korneeva-sources-031;korneeva-sources-032,resolved_work_edition_ambiguous,work_resolved_edition_ambiguous,0.9,,,costums_de_tortosa,
mention-1004,ГЛАВА_3_ВЕРСИЯ_3.docx,30,30,1,Recognoverunt proceres [XLIII]…: «…nemo potest aliquem reptare de batallia in curia Barchinone… nisi… de treugis fractis vel bausia vel traditione». P. 589.,short_title_reference,Recognoverunt proceres [XLIII]…: «…nemo potest aliquem reptare de batallia in curia Barchinone… nisi… de treugis fractis vel bausia vel traditione». P. 589.,P. 589,P. 589,,,,,,,korneeva-sources-034,korneeva-sources-034,resolved_explicit,source_family_unique,0.97,,,recognoverunt_proceres,
mention-1005,ГЛАВА_3_ВЕРСИЯ_3.docx,31,31,1,"Фуко М. Истина и правовые установления // Интеллектуалы и власть: Избранные политические статьи, выступления и интервью. Ч. 2 / пер. с франц. И. Окуневой под общ. ред. Б.М. Скуратова. М., 2005. С. 83.",full_reference,"Фуко М. Истина и правовые установления // Интеллектуалы и власть: Избранные политические статьи, выступления и интервью. Ч. 2 / пер. с франц. И. Окуневой под общ. ред. Б.М. Скуратова. М., 2005. С. 83.",С. 83,С. 83,,,,,,,korneeva-research-145,korneeva-research-145,resolved_explicit,exact_title,0.98,,,,
mention-1006,ГЛАВА_3_ВЕРСИЯ_3.docx,32,32,1,Попова Г.А. Указ. соч. С. 219.,relational_reference,С. 219,С. 219,С. 219,op_cit,Указ. соч.,mention-0590,Попова Г.А,,korneeva-footnote-138,korneeva-footnote-138,korneeva-footnote-114;korneeva-research-097;korneeva-research-096;korneeva-footnote-138,resolved_relation,op_cit_nearest_prior_work_by_author,0.95,,,,multiple earlier works by this author; nearest preceding work selected by relational order
mention-1007,ГЛАВА_3_ВЕРСИЯ_3.docx,33,33,1,Usatges de Barcelona… P. 169–170.,short_title_reference,Usatges de Barcelona… P. 169–170.,P. 169–170,P. 169–170,,,,,,,work-family-usatges_de_barcelona,korneeva-sources-037;korneeva-sources-038;korneeva-sources-039;korneeva-sources-040;korneeva-sources-041;korneeva-sources-042,resolved_work_edition_ambiguous,work_resolved_edition_ambiguous,0.9,,,usatges_de_barcelona,
mention-1008,ГЛАВА_3_ВЕРСИЯ_3.docx,34,34,1,Варьяш И.И. Клятва пиренейских сарацин… С. 185.,short_title_reference,Варьяш И.И. Клятва пиренейских сарацин… С. 185.,С. 185,С. 185,,,,,,,korneeva-curated-varyash-oath,korneeva-curated-varyash-oath,resolved_explicit,exact_title,0.98,,,,
mention-1009,ГЛАВА_3_ВЕРСИЯ_3.docx,35,35,1,"Usatges de Barcelona / ed. J. Bastardas i Parera. Barcelona: Fundació Noguera, 1991. Us. 46 (49): «SACRAMENTVM sit omni tempore iuratum sy. per altare consecratum uel super sanctum euange. lium; et ille qui iurauerit, in omni sacramento debet mittere suo «sciente», excepto in bauzia et in tradicione, et “per Deum et hec sancta”». P. 86–87.",full_reference,"Usatges de Barcelona / ed. J. Bastardas i Parera. Barcelona: Fundació Noguera, 1991. Us. 46 (49): «SACRAMENTVM sit omni tempore iuratum sy. per altare consecratum uel super sanctum euange. lium; et ille qui iurauerit, in omni sacramento debet mittere suo «sciente», excepto in bauzia et in tradicione, et “per Deum et hec sancta”». P. 86–87.",P. 86–87,P. 86–87,,,,,,,work-family-usatges_de_barcelona,korneeva-sources-037;korneeva-sources-038;korneeva-sources-039;korneeva-sources-040;korneeva-sources-041;korneeva-sources-042,resolved_work_edition_ambiguous,work_resolved_edition_ambiguous,0.9,,,usatges_de_barcelona,
mention-1010,ГЛАВА_3_ВЕРСИЯ_3.docx,36,36,1,Попова Г.А. Указ. соч. С. 220.,relational_reference,С. 220,С. 220,С. 220,op_cit,Указ. соч.,mention-1006,Попова Г.А,,korneeva-footnote-138,korneeva-footnote-138,korneeva-footnote-114;korneeva-research-097;korneeva-research-096;korneeva-footnote-138,resolved_relation,op_cit_nearest_prior_work_by_author,0.95,,,,multiple earlier works by this author; nearest preceding work selected by relational order
mention-1011,ГЛАВА_3_ВЕРСИЯ_3.docx,37,37,1,"Usatges de Barcelona… Us. 47 (50): «OMNES HOMINES, tam milites quam rustici, iurent senioribus suis...». P. 86–87.",short_title_reference,"Usatges de Barcelona… Us. 47 (50): «OMNES HOMINES, tam milites quam rustici, iurent senioribus suis...». P. 86–87.",P. 86–87,P. 86–87,,,,,,,work-family-usatges_de_barcelona,korneeva-sources-037;korneeva-sources-038;korneeva-sources-039;korneeva-sources-040;korneeva-sources-041;korneeva-sources-042,resolved_work_edition_ambiguous,work_resolved_edition_ambiguous,0.9,,,usatges_de_barcelona,
mention-1012,ГЛАВА_3_ВЕРСИЯ_3.docx,38,38,1,Martínez Gázquez J. El latín en los Usatges de Barcelona // Glossae: European Journal of Legal History. 1995. Vol. 7. P. 108.,full_reference,Martínez Gázquez J. El latín en los Usatges de Barcelona // Glossae: European Journal of Legal History. 1995. Vol. 7. P. 108.,Vol. 7; P. 108,Vol. 7; P. 108,,,,,,,korneeva-research-330,korneeva-research-330,resolved_explicit,exact_title,0.98,,,,
mention-1013,ГЛАВА_3_ВЕРСИЯ_3.docx,39,39,1,"Costums de Tortosa. 2.18.3: «Si sagrament ésjugiat per sentència a alcun, o és dat de part a part, e aquel a qui hom deu jurar e fer lo sagrament, lo y lexa o lo y perdona, tot aytant val com si jurat avia, e jamés d' aquela cosa no pot ne deu ésser moguda demanda…». P. 128.",short_title_reference,"Costums de Tortosa. 2.18.3: «Si sagrament ésjugiat per sentència a alcun, o és dat de part a part, e aquel a qui hom deu jurar e fer lo sagrament, lo y lexa o lo y perdona, tot aytant val com si jurat avia, e jamés d' aquela cosa no pot ne deu ésser moguda demanda…». P. 128.",P. 128,P. 128,,,,,,,work-family-costums_de_tortosa,korneeva-sources-004;korneeva-sources-005;korneeva-sources-009;korneeva-sources-014;korneeva-sources-015;korneeva-sources-016;korneeva-sources-030;korneeva-sources-031;korneeva-sources-032,resolved_work_edition_ambiguous,work_resolved_edition_ambiguous,0.9,,,costums_de_tortosa,
mention-1014,ГЛАВА_3_ВЕРСИЯ_3.docx,40,40,1,Варьяш И.И. Клятва пиренейских сарацин… С. 185.,short_title_reference,Варьяш И.И. Клятва пиренейских сарацин… С. 185.,С. 185,С. 185,,,,,,,korneeva-curated-varyash-oath,korneeva-curated-varyash-oath,resolved_explicit,exact_title,0.98,,,,
mention-1015,ГЛАВА_3_ВЕРСИЯ_3.docx,41,41,1,"Остин Дж. Перформативы – констативы // Философия языка / ред.-сост. Дж. Р. Сёрн; пер. с англ. Изд. 2-е. М.: Едиториал УРСС, 2010. С. 23.",full_reference,"Остин Дж. Перформативы – констативы // Философия языка / ред.-сост. Дж. Р. Сёрн; пер. с англ. Изд. 2-е. М.: Едиториал УРСС, 2010. С. 23.",С. 23,С. 23,,,,,,,korneeva-research-086,korneeva-research-086,resolved_explicit,exact_title,0.98,,,,
mention-1016,ГЛАВА_3_ВЕРСИЯ_3.docx,42,42,1,"Costums de Tortosa. 2.18.4: «Sagrament que és donat de part a part, si aquel a qui és donat no•l vol fer o no·l vol tomar o referre a l'altra part, o serà donat per júgie, e aquel a qui seràjugiat o donat no·l volràfer, és aüt e tengut per confés, e lo júgie pot enantar contra él axí com a confés». P. 128",short_title_reference,"Costums de Tortosa. 2.18.4: «Sagrament que és donat de part a part, si aquel a qui és donat no•l vol fer o no·l vol tomar o referre a l'altra part, o serà donat per júgie, e aquel a qui seràjugiat o donat no·l volràfer, és aüt e tengut per confés, e lo júgie pot enantar contra él axí com a confés». P. 128",P. 128,P. 128,,,,,,,work-family-costums_de_tortosa,korneeva-sources-004;korneeva-sources-005;korneeva-sources-009;korneeva-sources-014;korneeva-sources-015;korneeva-sources-016;korneeva-sources-030;korneeva-sources-031;korneeva-sources-032,resolved_work_edition_ambiguous,work_resolved_edition_ambiguous,0.9,,,costums_de_tortosa,
mention-1017,ГЛАВА_3_ВЕРСИЯ_3.docx,42,42,2,"Ibid. 2.18.10: «…e lo demanador dirà delant lo júgie: “vàgia enant e jur”, e lo demanat se mourà de son loch, e serà al loch, e ajenolat per fer lo sagrament...». P. 129–130.",relational_reference,"2.18.10: «…e lo demanador dirà delant lo júgie: “vàgia enant e jur”, e lo demanat se mourà de son loch, e serà al loch, e ajenolat per fer lo sagrament...». P. 129–130.",P. 129–130,P. 129–130,same_work,Ibid.,mention-1016,,,work-family-costums_de_tortosa,work-family-costums_de_tortosa,korneeva-sources-004;korneeva-sources-005;korneeva-sources-009;korneeva-sources-014;korneeva-sources-015;korneeva-sources-016;korneeva-sources-030;korneeva-sources-031;korneeva-sources-032,resolved_relation,same_work_previous_citation,1.0,,,,
mention-1018,ГЛАВА_3_ВЕРСИЯ_3.docx,43,43,1,"Ibid. 1.4.5: «L'escrivan de la cort deu escriure e-llibre aprés que•L sagrament auràfet, axí com dit és, los clams e els libels, excepcions e posicions, ab totes Lur respostes, fennançes, lo dit dels testimonis e totes altres escriptures que a plet pertaynen...». P. 39–40.",relational_reference,"1.4.5: «L'escrivan de la cort deu escriure e-llibre aprés que•L sagrament auràfet, axí com dit és, los clams e els libels, excepcions e posicions, ab totes Lur respostes, fennançes, lo dit dels testimonis e totes altres escriptures que a plet pertaynen...». P. 39–40.",P. 39–40,P. 39–40,same_work,Ibid.,mention-1017,,,work-family-costums_de_tortosa,work-family-costums_de_tortosa,korneeva-sources-004;korneeva-sources-005;korneeva-sources-009;korneeva-sources-014;korneeva-sources-015;korneeva-sources-016;korneeva-sources-030;korneeva-sources-031;korneeva-sources-032,resolved_relation,same_work_previous_citation,1.0,,,,
mention-1019,ГЛАВА_3_ВЕРСИЯ_3.docx,44,44,1,Ibid. 1.4.5: «…totes altres escriptures que a plet pertaynen...». P. 40.,relational_reference,1.4.5: «…totes altres escriptures que a plet pertaynen...». P. 40.,P. 40,P. 40,same_work,Ibid.,mention-1018,,,work-family-costums_de_tortosa,work-family-costums_de_tortosa,korneeva-sources-004;korneeva-sources-005;korneeva-sources-009;korneeva-sources-014;korneeva-sources-015;korneeva-sources-016;korneeva-sources-030;korneeva-sources-031;korneeva-sources-032,resolved_relation,same_work_previous_citation,1.0,,,,
mention-1020,ГЛАВА_3_ВЕРСИЯ_3.docx,45,45,1,Варьяш И.И. Мусульманская Европа. Сигналы идентичности… С. 101.,short_title_reference,Варьяш И.И. Мусульманская Европа. Сигналы идентичности… С. 101.,С. 101,С. 101,,,,,,,korneeva-research-028,korneeva-research-028,resolved_explicit,exact_title,0.98,,,,
mention-1021,ГЛАВА_3_ВЕРСИЯ_3.docx,46,46,1,Она же. Клятва пиренейских сарацин … С. 178.,author_inherited_reference,Клятва пиренейских сарацин … С. 178.,С. 178,С. 178,same_author,Она же.,mention-1020,,"Варьяш, И",,korneeva-curated-varyash-oath,korneeva-curated-varyash-oath,resolved_explicit,exact_title,0.98,,,,
mention-1022,ГЛАВА_3_ВЕРСИЯ_3.docx,47,47,1,Фуко М. Указ. соч. С. 83.,relational_reference,С. 83,С. 83,С. 83,op_cit,Указ. соч.,mention-1005,Фуко М,,korneeva-research-145,korneeva-research-145,korneeva-research-145,resolved_relation,op_cit_nearest_prior_work_by_author,0.95,,,,
mention-1023,ГЛАВА_3_ВЕРСИЯ_3.docx,48,48,1,"Belmon J., Vielliard F. Latin farci et occitan dans les actes du XIe siècle // Bibliothèque de l'École des chartes. 1997. Vol. 155, № 1. P. 168",full_reference,"Belmon J., Vielliard F. Latin farci et occitan dans les actes du XIe siècle // Bibliothèque de l'École des chartes. 1997. Vol. 155, № 1. P. 168","Vol. 155, № 1; P. 168","Vol. 155, № 1; P. 168",,,,,,,korneeva-research-186,korneeva-research-186,resolved_explicit,exact_title,0.98,,,,
mention-1024,ГЛАВА_3_ВЕРСИЯ_3.docx,48,48,2,"Katsura H. Serments, hommages et fiefs dans la seigneurie des Guilhem de Montpellier (fin XIe – début XIIIe siècle) // Annales du midi. 1992. Vol. 104. P. 141–161.",full_reference,"Katsura H. Serments, hommages et fiefs dans la seigneurie des Guilhem de Montpellier (fin XIe – début XIIIe siècle) // Annales du midi. 1992. Vol. 104. P. 141–161.",Vol. 104; P. 141–161,Vol. 104; P. 141–161,,,,,,,korneeva-research-317,korneeva-research-317,resolved_explicit,exact_title,0.98,,,,
mention-1025,ГЛАВА_3_ВЕРСИЯ_3.docx,49,49,1,"Costums de Tortosa. 1.3.17: «...per sentència dels ciutadans, deu jurar enaxí com los júgies en alà eletz lo declaran, so és saber losjúgies li deven dir: “vós juraretz que no avetz de què pagar tot lo deute ne partida d'aquel; e con Déus vos o [darà], levat vostre menjar e vostre vestir, ne vós o podretz aver per neg una raon, que·n pagaretz vostre creedor o vostres creedors, si mols són aquels qui se'n clamen”». P. 35.",short_title_reference,"Costums de Tortosa. 1.3.17: «...per sentència dels ciutadans, deu jurar enaxí com los júgies en alà eletz lo declaran, so és saber losjúgies li deven dir: “vós juraretz que no avetz de què pagar tot lo deute ne partida d'aquel; e con Déus vos o [darà], levat vostre menjar e vostre vestir, ne vós o podretz aver per neg una raon, que·n pagaretz vostre creedor o vostres creedors, si mols són aquels qui se'n clamen”». P. 35.",P. 35,P. 35,,,,,,,work-family-costums_de_tortosa,korneeva-sources-004;korneeva-sources-005;korneeva-sources-009;korneeva-sources-014;korneeva-sources-015;korneeva-sources-016;korneeva-sources-030;korneeva-sources-031;korneeva-sources-032,resolved_work_edition_ambiguous,work_resolved_edition_ambiguous,0.9,,,costums_de_tortosa,
mention-1026,ГЛАВА_3_ВЕРСИЯ_3.docx,50,50,1,"Costums de Tortosa. 2.18.5: «...e sobr·assò aquel volrà provar son enteniment e diu aquel que•l provarà, e aquel contra qui volran dar los testimonis dirà: “él diu que provarà e que darà testimonis; no vul que u prou, mas vàgia enant e jur” o él, so és aquel qui vol dar los testimonis, que él jur so que entén a provar». P. 128.",short_title_reference,"Costums de Tortosa. 2.18.5: «...e sobr·assò aquel volrà provar son enteniment e diu aquel que•l provarà, e aquel contra qui volran dar los testimonis dirà: “él diu que provarà e que darà testimonis; no vul que u prou, mas vàgia enant e jur” o él, so és aquel qui vol dar los testimonis, que él jur so que entén a provar». P. 128.",P. 128,P. 128,,,,,,,work-family-costums_de_tortosa,korneeva-sources-004;korneeva-sources-005;korneeva-sources-009;korneeva-sources-014;korneeva-sources-015;korneeva-sources-016;korneeva-sources-030;korneeva-sources-031;korneeva-sources-032,resolved_work_edition_ambiguous,work_resolved_edition_ambiguous,0.9,,,costums_de_tortosa,
mention-1027,ГЛАВА_3_ВЕРСИЯ_3.docx,51,51,1,"Usatges de Barcelona. Us. 46 (49): «SACRAMENTVM sit omni tempore iuratum sy. per altare consecratum uel super sanctum euange. lium; et ille qui iurauerit, in omni sacramento debet mittere suo «sciente», excepto in bauzia et in tradicione, et “per Deum et hec sancta”». P. 86; Costums de Tortosa. 4.11.38: «Con testimoni deven fer jueus contra crestians o per xrestians, juren sobre la lig de Moysèn que• Is posa hom denant, axí com fan los xrestians, sobre quatre evvangelis…». P. 214.",short_title_reference,"Usatges de Barcelona. Us. 46 (49): «SACRAMENTVM sit omni tempore iuratum sy. per altare consecratum uel super sanctum euange. lium; et ille qui iurauerit, in omni sacramento debet mittere suo «sciente», excepto in bauzia et in tradicione, et “per Deum et hec sancta”». P. 86; Costums de Tortosa. 4.11.38: «Con testimoni deven fer jueus contra crestians o per xrestians, juren sobre la lig de Moysèn que• Is posa hom denant, axí com fan los xrestians, sobre quatre evvangelis…». P. 214.",P. 86; P. 214,P. 86; P. 214,,,,,,,work-family-usatges_de_barcelona,korneeva-sources-037;korneeva-sources-038;korneeva-sources-039;korneeva-sources-040;korneeva-sources-041;korneeva-sources-042,resolved_work_edition_ambiguous,work_resolved_edition_ambiguous,0.9,,,usatges_de_barcelona,
mention-1028,ГЛАВА_3_ВЕРСИЯ_3.docx,52,52,1,См. например:,commentary,См. например:,,,,,,,,,,,not_bibliographic,commentary_or_internal_cross_reference,,,,,
mention-1029,ГЛАВА_3_ВЕРСИЯ_3.docx,52,52,2,Muntané i Santiveri J.-X. Anàlisi de l'estructura del jurament de les malediccions dels jueus catalans: usatge 171 // Revista de Dret Històric Català. 2014. Vol. 13. P. 9–48.,full_reference,Muntané i Santiveri J.-X. Anàlisi de l'estructura del jurament de les malediccions dels jueus catalans: usatge 171 // Revista de Dret Històric Català. 2014. Vol. 13. P. 9–48.,Vol. 13; P. 9–48,Vol. 13; P. 9–48,,,,,,,korneeva-research-346,korneeva-research-346,resolved_explicit,exact_title,0.98,,,,
mention-1030,ГЛАВА_3_ВЕРСИЯ_3.docx,53,53,1,Попова Г.А. Указ. соч. С. 219.,relational_reference,С. 219,С. 219,С. 219,op_cit,Указ. соч.,mention-1010,Попова Г.А,,korneeva-footnote-138,korneeva-footnote-138,korneeva-footnote-114;korneeva-research-097;korneeva-research-096;korneeva-footnote-138,resolved_relation,op_cit_nearest_prior_work_by_author,0.95,,,,multiple earlier works by this author; nearest preceding work selected by relational order
mention-1031,ГЛАВА_3_ВЕРСИЯ_3.docx,54,54,1,"García y García A. Los juramentos e imprecaciones en los ""Usatges"" de Barcelona // Glossae: European Journal of Legal History. Instituto de Estudios Sociales, Políticos y Jurídicos. 1995. Vol. 7. P. 51–52.",full_reference,"García y García A. Los juramentos e imprecaciones en los ""Usatges"" de Barcelona // Glossae: European Journal of Legal History. Instituto de Estudios Sociales, Políticos y Jurídicos. 1995. Vol. 7. P. 51–52.",Vol. 7; P. 51–52,Vol. 7; P. 51–52,,,,,,,korneeva-research-247,korneeva-research-247,resolved_explicit,exact_title,0.98,,,,
mention-1032,ГЛАВА_3_ВЕРСИЯ_3.docx,55,55,1,"Costums de Tortosa. 4.11.38: «Con testimoni deven fer jueus contra crestians o per xrestians, juren sobre la lig de Moysèn que•Is posa hom denant, axí com fan los xrestians, sobre quatre evvangelis…». P. 214.",short_title_reference,"Costums de Tortosa. 4.11.38: «Con testimoni deven fer jueus contra crestians o per xrestians, juren sobre la lig de Moysèn que•Is posa hom denant, axí com fan los xrestians, sobre quatre evvangelis…». P. 214.",P. 214,P. 214,,,,,,,work-family-costums_de_tortosa,korneeva-sources-004;korneeva-sources-005;korneeva-sources-009;korneeva-sources-014;korneeva-sources-015;korneeva-sources-016;korneeva-sources-030;korneeva-sources-031;korneeva-sources-032,resolved_work_edition_ambiguous,work_resolved_edition_ambiguous,0.9,,,costums_de_tortosa,
mention-1033,ГЛАВА_3_ВЕРСИЯ_3.docx,56,56,1,"Ibid.: «…Mas si jueu a afer escondiment a xrestian o a ssarayn, juren los jueus, de V sous o de V sous a avayl, sobre la lig de Moysèn; de V sous en amunt juren sobre les maledictions, so és que tenen denant éls I bacín ab aiga e una candela ensesa. E lig-los hom les maledictions sobre lo cap; e là on diu que juren, respon que jura, eanant là on deven respondre “amén”, que an a dir “jura amén”. E les malediccions leztes a a·pagar la candela en l'aiga». P. 214.",relational_reference,"«…Mas si jueu a afer escondiment a xrestian o a ssarayn, juren los jueus, de V sous o de V sous a avayl, sobre la lig de Moysèn; de V sous en amunt juren sobre les maledictions, so és que tenen denant éls I bacín ab aiga e una candela ensesa. E lig-los hom les maledictions sobre lo cap; e là on diu que juren, respon que jura, eanant là on deven respondre “amén”, que an a dir “jura amén”. E les malediccions leztes a a·pagar la candela en l'aiga». P. 214.",P. 214,P. 214,same_work,Ibid.:,mention-1032,,,work-family-costums_de_tortosa,work-family-costums_de_tortosa,korneeva-sources-004;korneeva-sources-005;korneeva-sources-009;korneeva-sources-014;korneeva-sources-015;korneeva-sources-016;korneeva-sources-030;korneeva-sources-031;korneeva-sources-032,resolved_relation,same_work_previous_citation,1.0,,,,
mention-1034,ГЛАВА_3_ВЕРСИЯ_3.docx,57,57,1,Ibid.: «…excepto quod dicitur lbl de baclno aque et de candela accenssa In quo reprobant eam ne Deus in hoc vldeatur tempteri». P. 214.,relational_reference,«…excepto quod dicitur lbl de baclno aque et de candela accenssa In quo reprobant eam ne Deus in hoc vldeatur tempteri». P. 214.,P. 214,P. 214,same_work,Ibid.:,mention-1033,,,work-family-costums_de_tortosa,work-family-costums_de_tortosa,korneeva-sources-004;korneeva-sources-005;korneeva-sources-009;korneeva-sources-014;korneeva-sources-015;korneeva-sources-016;korneeva-sources-030;korneeva-sources-031;korneeva-sources-032,resolved_relation,same_work_previous_citation,1.0,,,,
mention-1035,ГЛАВА_3_ВЕРСИЯ_3.docx,58,58,1,"Costums de Tortosa. 7.7.20: «e exceptat plet de jueus que, si sagrament s'i deu fer per éls, deu-se jug iar en la cort e fer a la sinagoga, e pendre testimonis jueus a la sinagoga, e tot l' als en la cort». P. 366.",short_title_reference,"Costums de Tortosa. 7.7.20: «e exceptat plet de jueus que, si sagrament s'i deu fer per éls, deu-se jug iar en la cort e fer a la sinagoga, e pendre testimonis jueus a la sinagoga, e tot l' als en la cort». P. 366.",P. 366,P. 366,,,,,,,work-family-costums_de_tortosa,korneeva-sources-004;korneeva-sources-005;korneeva-sources-009;korneeva-sources-014;korneeva-sources-015;korneeva-sources-016;korneeva-sources-030;korneeva-sources-031;korneeva-sources-032,resolved_work_edition_ambiguous,work_resolved_edition_ambiguous,0.9,,,costums_de_tortosa,
mention-1036,ГЛАВА_3_ВЕРСИЯ_3.docx,59,59,1,"Costums de Tortosa. 2.18.11: «Conxrestian deu fer sagrament per demanda quejueufa contra él, deu-lo feren la cort denant lo veger, e els ciutadans. Mas lo jueu deu exir defora la cort e estar tro que-l sagrament sia fet, car dementre lo jueu hi és no·l deu fer es (sic), ne el jueu no deu veure fer aquel sagrament. [dem in sarracenis]». P. 130.",short_title_reference,"Costums de Tortosa. 2.18.11: «Conxrestian deu fer sagrament per demanda quejueufa contra él, deu-lo feren la cort denant lo veger, e els ciutadans. Mas lo jueu deu exir defora la cort e estar tro que-l sagrament sia fet, car dementre lo jueu hi és no·l deu fer es (sic), ne el jueu no deu veure fer aquel sagrament. [dem in sarracenis]». P. 130.",P. 130,P. 130,,,,,,,work-family-costums_de_tortosa,korneeva-sources-004;korneeva-sources-005;korneeva-sources-009;korneeva-sources-014;korneeva-sources-015;korneeva-sources-016;korneeva-sources-030;korneeva-sources-031;korneeva-sources-032,resolved_work_edition_ambiguous,work_resolved_edition_ambiguous,0.9,,,costums_de_tortosa,
mention-1037,ГЛАВА_3_ВЕРСИЯ_3.docx,60,60,1,"Daileader P. La coutume dans un pays aux trois religions: la Catalogne, 1228–1319 // Annales du Midi: revue archéologique, historique et philologique de la France méridionale. 2006. Vol. 118, № 255. P. 384.",full_reference,"Daileader P. La coutume dans un pays aux trois religions: la Catalogne, 1228–1319 // Annales du Midi: revue archéologique, historique et philologique de la France méridionale. 2006. Vol. 118, № 255. P. 384.","Vol. 118, № 255; P. 384","Vol. 118, № 255; P. 384",,,,,,,korneeva-research-222,korneeva-research-222,resolved_explicit,exact_title,0.98,,,,
mention-1038,ГЛАВА_3_ВЕРСИЯ_3.docx,61,61,1,"Ferrer Mallol M.T. L'Aljama islámica de Tortosa a la Baixa Edat Mitjana // Recerca. Centre d'Estudis Històrics del Baix Ebre, 2003. Núm. 7. P. 186.",full_reference,"Ferrer Mallol M.T. L'Aljama islámica de Tortosa a la Baixa Edat Mitjana // Recerca. Centre d'Estudis Històrics del Baix Ebre, 2003. Núm. 7. P. 186.",Núm. 7.; P. 186,Núm. 7.; P. 186,,,,,,,korneeva-research-234,korneeva-research-234,resolved_explicit,exact_title,0.98,,,,
mention-1039,ГЛАВА_3_ВЕРСИЯ_3.docx,62,62,1,Curto Homedes A. Topografia del call jueu de Tortosa // Recerca. 1999. Núm. 3. P. 10.,full_reference,Curto Homedes A. Topografia del call jueu de Tortosa // Recerca. 1999. Núm. 3. P. 10.,Núm. 3.; P. 10,Núm. 3.; P. 10,,,,,,,korneeva-research-221,korneeva-research-221,resolved_explicit,exact_title,0.98,,,,
mention-1040,ГЛАВА_3_ВЕРСИЯ_3.docx,63,63,1,Costums de Tortosa. 2.18.11. P. 130.,short_title_reference,Costums de Tortosa. 2.18.11. P. 130.,P. 130,P. 130,,,,,,,work-family-costums_de_tortosa,korneeva-sources-004;korneeva-sources-005;korneeva-sources-009;korneeva-sources-014;korneeva-sources-015;korneeva-sources-016;korneeva-sources-030;korneeva-sources-031;korneeva-sources-032,resolved_work_edition_ambiguous,work_resolved_edition_ambiguous,0.9,,,costums_de_tortosa,
mention-1041,ГЛАВА_3_ВЕРСИЯ_3.docx,64,64,1,"Ibid. 2.18.9: «Nul hom no és punit per sagramentfals ne per perjuri, car aquela pena a Déu s'esgarda, e no ha hòmens...». P. 129.",relational_reference,"2.18.9: «Nul hom no és punit per sagramentfals ne per perjuri, car aquela pena a Déu s'esgarda, e no ha hòmens...». P. 129.",P. 129,P. 129,same_work,Ibid.,mention-1040,,,work-family-costums_de_tortosa,work-family-costums_de_tortosa,korneeva-sources-004;korneeva-sources-005;korneeva-sources-009;korneeva-sources-014;korneeva-sources-015;korneeva-sources-016;korneeva-sources-030;korneeva-sources-031;korneeva-sources-032,resolved_relation,same_work_previous_citation,1.0,,,,
mention-1042,ГЛАВА_3_ВЕРСИЯ_3.docx,65,65,1,"Furs de València / A cura de Colon G. i Garcia A. Barcelona: Editorial Barcino, 1974. Vol. 2. P. 254–255. «Ius iurandi contempla religio satis Deum habet ultorem nam sufficit pena periurii quam a Deo expectat»",full_reference,"Furs de València / A cura de Colon G. i Garcia A. Barcelona: Editorial Barcino, 1974. Vol. 2. P. 254–255. «Ius iurandi contempla religio satis Deum habet ultorem nam sufficit pena periurii quam a Deo expectat»",Vol. 2; P. 254–255,Vol. 2; P. 254–255,,,,,,,korneeva-sources-023,korneeva-sources-023,resolved_explicit,exact_title,0.98,,,,
mention-1043,ГЛАВА_3_ВЕРСИЯ_3.docx,66,66,1,"del Carmen Lázaro Guillamón M. El iusiurandum iudicium delatum: entre medio de prueba y ordalía // La prueba y medios de prueba. De Roma al derecho moderno: actas del VI Congreso Iberoamericano y III Congreso Internacional de Derecho Romano, 2000. [Madrid]: Servicio de Publicaciones, 2000. P. 410.",full_reference,"del Carmen Lázaro Guillamón M. El iusiurandum iudicium delatum: entre medio de prueba y ordalía // La prueba y medios de prueba. De Roma al derecho moderno: actas del VI Congreso Iberoamericano y III Congreso Internacional de Derecho Romano, 2000. [Madrid]: Servicio de Publicaciones, 2000. P. 410.",P. 410,P. 410,,,,,,,korneeva-research-326,korneeva-research-326,resolved_explicit,exact_title,0.98,,,,
mention-1044,ГЛАВА_3_ВЕРСИЯ_3.docx,67,67,1,"Costums de Tortosa. 2.18.9: «...Si a alcunxrestian seràjugiat de fer sagrament, aquel a qui seràjugiat que·l·fassa, pot aver altra persona que siaxrestià que-l·fassa en loch d' él, él present serà, atorgant que sobre la sua ànima lofassa per alcuna cosa que li sia deu». P. 129.",short_title_reference,"Costums de Tortosa. 2.18.9: «...Si a alcunxrestian seràjugiat de fer sagrament, aquel a qui seràjugiat que·l·fassa, pot aver altra persona que siaxrestià que-l·fassa en loch d' él, él present serà, atorgant que sobre la sua ànima lofassa per alcuna cosa que li sia deu». P. 129.",P. 129,P. 129,,,,,,,work-family-costums_de_tortosa,korneeva-sources-004;korneeva-sources-005;korneeva-sources-009;korneeva-sources-014;korneeva-sources-015;korneeva-sources-016;korneeva-sources-030;korneeva-sources-031;korneeva-sources-032,resolved_work_edition_ambiguous,work_resolved_edition_ambiguous,0.9,,,costums_de_tortosa,
mention-1045,ГЛАВА_3_ВЕРСИЯ_3.docx,68,68,1,Usatges de Barcelona. Us. 63 (67): «…Et postea non testificetur in placito nec credatur per sacramentum».P. 100–101.,short_title_reference,Usatges de Barcelona. Us. 63 (67): «…Et postea non testificetur in placito nec credatur per sacramentum».P. 100–101.,P. 100–101,P. 100–101,,,,,,,work-family-usatges_de_barcelona,korneeva-sources-037;korneeva-sources-038;korneeva-sources-039;korneeva-sources-040;korneeva-sources-041;korneeva-sources-042,resolved_work_edition_ambiguous,work_resolved_edition_ambiguous,0.9,,,usatges_de_barcelona,
mention-1046,ГЛАВА_3_ВЕРСИЯ_3.docx,69,69,1,"Ibid.: «…Sin autem et periurus inde esse uidetur, aut manum perdat aut centum solidis redimat aut quartam partem facultatum suarum amittat, profuturam in manu illius cuius periurus effectus est…». P. 100–101.",relational_reference,"«…Sin autem et periurus inde esse uidetur, aut manum perdat aut centum solidis redimat aut quartam partem facultatum suarum amittat, profuturam in manu illius cuius periurus effectus est…». P. 100–101.",P. 100–101,P. 100–101,same_work,Ibid.:,mention-1045,,,work-family-usatges_de_barcelona,work-family-usatges_de_barcelona,korneeva-sources-037;korneeva-sources-038;korneeva-sources-039;korneeva-sources-040;korneeva-sources-041;korneeva-sources-042,resolved_relation,same_work_previous_citation,1.0,,,,
mention-1047,ГЛАВА_3_ВЕРСИЯ_3.docx,70,70,1,"Bowman J.A. Infamy and Proof in Medieval Spain // Fama: The Politics of Talk and Reputation in Medieval Europe / ed. Fenster T., Lord Smail D. Cornell University Press, 2019. P. 95",full_reference,"Bowman J.A. Infamy and Proof in Medieval Spain // Fama: The Politics of Talk and Reputation in Medieval Europe / ed. Fenster T., Lord Smail D. Cornell University Press, 2019. P. 95",P. 95,P. 95,,,,,,,korneeva-footnote-166,korneeva-footnote-166,new_footnote_only_record,new_footnote_only_record,0.9,,,,
mention-1048,ГЛАВА_3_ВЕРСИЯ_3.docx,70,70,2,Théry J. “Fama”: Public Opinion as a Legal Category. Inquisitorial Procedure and the Medieval Revolution in Government (12th–14th centuries) // Micrologus. 2024. Vol. 32. P. 153–193.,full_reference,Théry J. “Fama”: Public Opinion as a Legal Category. Inquisitorial Procedure and the Medieval Revolution in Government (12th–14th centuries) // Micrologus. 2024. Vol. 32. P. 153–193.,Vol. 32; P. 153–193,Vol. 32; P. 153–193,,,,,,,korneeva-research-401,korneeva-research-401,resolved_explicit,exact_title,0.98,,,,
mention-1049,ГЛАВА_3_ВЕРСИЯ_3.docx,71,71,1,Usatges de Barcelona. Us. 63 (67): «Sin autem et periurus inde esse uidetur <…> Et postea non testificetur in placito nec credatur per sacramentum». P. 100.,short_title_reference,Usatges de Barcelona. Us. 63 (67): «Sin autem et periurus inde esse uidetur <…> Et postea non testificetur in placito nec credatur per sacramentum». P. 100.,P. 100,P. 100,,,,,,,work-family-usatges_de_barcelona,korneeva-sources-037;korneeva-sources-038;korneeva-sources-039;korneeva-sources-040;korneeva-sources-041;korneeva-sources-042,resolved_work_edition_ambiguous,work_resolved_edition_ambiguous,0.9,,,usatges_de_barcelona,
mention-1050,ГЛАВА_3_ВЕРСИЯ_3.docx,72,72,1,"Costums de Lleida. [5]: «De inculpatione nobis non fatienda. Item, quod non possint per se vel per baiulos suos nos inculpare aut increpare de aliquo absque testibus idoneis». P. 99.",short_title_reference,"Costums de Lleida. [5]: «De inculpatione nobis non fatienda. Item, quod non possint per se vel per baiulos suos nos inculpare aut increpare de aliquo absque testibus idoneis». P. 99.",P. 99,P. 99,,,,,,,work-family-costums_de_lleida,korneeva-sources-011;korneeva-sources-012;korneeva-sources-019,resolved_work_edition_ambiguous,work_resolved_edition_ambiguous,0.9,,,costums_de_lleida,
mention-1051,ГЛАВА_3_ВЕРСИЯ_3.docx,73,73,1,"Les Coutumes de Perpignan. [XX] : «Item, si vilis persona vel bacallator iniuriam fecerit vel dixerit alicui probo homini de Perpinyano, alius circumstans potest eum corripere in ipsa ricxa sine deterioratione illius persone; et quod dominus nichil potest petere ab eo qui eum corripuit». P. 573.",short_title_reference,"Les Coutumes de Perpignan. [XX] : «Item, si vilis persona vel bacallator iniuriam fecerit vel dixerit alicui probo homini de Perpinyano, alius circumstans potest eum corripere in ipsa ricxa sine deterioratione illius persone; et quod dominus nichil potest petere ab eo qui eum corripuit». P. 573.",P. 573,P. 573,,,,,,,korneeva-sources-029,korneeva-sources-029,resolved_explicit,source_family_unique,0.97,,,coutumes_de_perpignan,
mention-1052,ГЛАВА_3_ВЕРСИЯ_3.docx,74,74,1,"Costums de Tortosa. 9.1.3: «Qui accusar vol altre <…> no deu ésser criminós, mas hom de bona fama». P. 408.",short_title_reference,"Costums de Tortosa. 9.1.3: «Qui accusar vol altre <…> no deu ésser criminós, mas hom de bona fama». P. 408.",P. 408,P. 408,,,,,,,work-family-costums_de_tortosa,korneeva-sources-004;korneeva-sources-005;korneeva-sources-009;korneeva-sources-014;korneeva-sources-015;korneeva-sources-016;korneeva-sources-030;korneeva-sources-031;korneeva-sources-032,resolved_work_edition_ambiguous,work_resolved_edition_ambiguous,0.9,,,costums_de_tortosa,
mention-1053,ГЛАВА_3_ВЕРСИЯ_3.docx,75,75,1,"Бастайши (кат. bastaixos; вероятно, от вульг.-лат. bastaxus < греч. bastázō) — носильщики, профессиональные переносчики тяжестей. Cм. Bastaix // diccionari.cat. URL: https://www.diccionari.cat/GDLC/bastaix# (дата обращения: 14.03.2026).",full_reference,"Бастайши (кат. bastaixos; вероятно, от вульг.-лат. bastaxus < греч. bastázō) — носильщики, профессиональные переносчики тяжестей. Cм. Bastaix // diccionari.cat. URL: https://www.diccionari.cat/GDLC/bastaix# (дата обращения: 14.03.2026).",,,,,,,,,korneeva-footnote-167,korneeva-footnote-167,new_footnote_only_record,new_footnote_only_record,0.9,,,,
mention-1054,ГЛАВА_3_ВЕРСИЯ_3.docx,76,76,1,"Алкавот (кат. alcavot, мн. ч. alcavots; от араб. al-qawwād — «сводник, посредник в любовной связи») — сводник, посредник в внебрачных или иных «незаконных» любовных связях. Cм. Alcavot // Diccionari de la llengua catalana. URL: https://dlc.iec.cat/Results?EntradaText=alcavot&OperEntrada=0 (дата обращения: 14.03.2026).",full_reference,"Алкавот (кат. alcavot, мн. ч. alcavots; от араб. al-qawwād — «сводник, посредник в любовной связи») — сводник, посредник в внебрачных или иных «незаконных» любовных связях. Cм. Alcavot // Diccionari de la llengua catalana. URL: https://dlc.iec.cat/Results?EntradaText=alcavot&OperEntrada=0 (дата обращения: 14.03.2026).",,,,,,,,,korneeva-reference-007,korneeva-reference-007,resolved_explicit,exact_title,0.98,,,,
mention-1055,ГЛАВА_3_ВЕРСИЯ_3.docx,77,77,1,"Costums de Tortosa. 9.5.2 : «Negun no pot ne deu ésser posat a turment, que sia de bona fama. Mas hòmens de mala sia de bona fama e que sien vils persones, axí con són bastaix, e bevedors, embriachs, e tavents, o servus, bevedors, hòmens trixadors, jugadors, e prestadors de joc<...> e alcavotes, e altres semblantz». P. 422.",short_title_reference,"Costums de Tortosa. 9.5.2 : «Negun no pot ne deu ésser posat a turment, que sia de bona fama. Mas hòmens de mala sia de bona fama e que sien vils persones, axí con són bastaix, e bevedors, embriachs, e tavents, o servus, bevedors, hòmens trixadors, jugadors, e prestadors de joc<...> e alcavotes, e altres semblantz». P. 422.",P. 422,P. 422,,,,,,,work-family-costums_de_tortosa,korneeva-sources-004;korneeva-sources-005;korneeva-sources-009;korneeva-sources-014;korneeva-sources-015;korneeva-sources-016;korneeva-sources-030;korneeva-sources-031;korneeva-sources-032,resolved_work_edition_ambiguous,work_resolved_edition_ambiguous,0.9,,,costums_de_tortosa,
mention-1056,ГЛАВА_3_ВЕРСИЯ_3.docx,78,78,1,"Costums de Tortosa. 9.25.14: «Los testimonis deuen ésser aquels qui sien d’entrega fama e de bona, e no enemichs…». P. 490.",short_title_reference,"Costums de Tortosa. 9.25.14: «Los testimonis deuen ésser aquels qui sien d’entrega fama e de bona, e no enemichs…». P. 490.",P. 490,P. 490,,,,,,,work-family-costums_de_tortosa,korneeva-sources-004;korneeva-sources-005;korneeva-sources-009;korneeva-sources-014;korneeva-sources-015;korneeva-sources-016;korneeva-sources-030;korneeva-sources-031;korneeva-sources-032,resolved_work_edition_ambiguous,work_resolved_edition_ambiguous,0.9,,,costums_de_tortosa,
mention-1057,ГЛАВА_3_ВЕРСИЯ_3.docx,79,79,1,"Ibid. 9.25.20: «E los enqueridors ab lo veger present, reeben sa confessió e meten-la en escrit. E si l'encolpat, los capítols contra él posatz, totz o part, negarà, lo veger, per juydels enqueridors, cit los testimonis que sien de bona fama e no sien enemics seus ne d'altrement sopitosos...». P. 493.",relational_reference,"9.25.20: «E los enqueridors ab lo veger present, reeben sa confessió e meten-la en escrit. E si l'encolpat, los capítols contra él posatz, totz o part, negarà, lo veger, per juydels enqueridors, cit los testimonis que sien de bona fama e no sien enemics seus ne d'altrement sopitosos...». P. 493.",P. 493,P. 493,same_work,Ibid.,mention-1056,,,work-family-costums_de_tortosa,work-family-costums_de_tortosa,korneeva-sources-004;korneeva-sources-005;korneeva-sources-009;korneeva-sources-014;korneeva-sources-015;korneeva-sources-016;korneeva-sources-030;korneeva-sources-031;korneeva-sources-032,resolved_relation,same_work_previous_citation,1.0,,,,
mention-1058,ГЛАВА_3_ВЕРСИЯ_3.docx,80,80,1,"Costums d’Orta. [XLII]: «Item, quod mulieres discrete et bone fame possint facere testimonium in causis civilibus prout mares». P. 622.",short_title_reference,"Costums d’Orta. [XLII]: «Item, quod mulieres discrete et bone fame possint facere testimonium in causis civilibus prout mares». P. 622.",P. 622,P. 622,,,,,,,korneeva-sources-013,korneeva-sources-013,resolved_explicit,source_family_unique,0.97,,,costums_d_orta,
mention-1059,ГЛАВА_3_ВЕРСИЯ_3.docx,81,81,1,"Kelleher M.A. The Measure of Woman: Law and Female Identity in the Crown of Aragon. University of Pennsylvania Press, 2010. P. 26–27.",full_reference,"Kelleher M.A. The Measure of Woman: Law and Female Identity in the Crown of Aragon. University of Pennsylvania Press, 2010. P. 26–27.",P. 26–27,P. 26–27,,,,,,,korneeva-footnote-168,korneeva-footnote-168,new_footnote_only_record,new_footnote_only_record,0.9,,,,
mention-1060,ГЛАВА_3_ВЕРСИЯ_3.docx,82,82,1,Constitutiones baiulie Mirabeti. 105: «Femine bone fame recipiantur et peribeant testimonium in facto fumi et balnei; sset in aliquo [alio] caso non valeat earum testimonium». P. 27.,short_title_reference,Constitutiones baiulie Mirabeti. 105: «Femine bone fame recipiantur et peribeant testimonium in facto fumi et balnei; sset in aliquo [alio] caso non valeat earum testimonium». P. 27.,P. 27,P. 27,,,,,,,work-family-costums_de_miravet,korneeva-sources-007;korneeva-sources-018;korneeva-sources-028,resolved_work_edition_ambiguous,work_resolved_edition_ambiguous,0.9,,,costums_de_miravet,
mention-1061,ГЛАВА_3_ВЕРСИЯ_3.docx,83,83,1,"Ibid. 113: «...Set si dicta mulier fuerit fame vel oppinionis quod ipsa utatur cum illo et cum aliis, ille non cogatur nutrire illam creaturam ». P. 30.",relational_reference,"113: «...Set si dicta mulier fuerit fame vel oppinionis quod ipsa utatur cum illo et cum aliis, ille non cogatur nutrire illam creaturam ». P. 30.",P. 30,P. 30,same_work,Ibid.,mention-1060,,,work-family-costums_de_miravet,work-family-costums_de_miravet,korneeva-sources-007;korneeva-sources-018;korneeva-sources-028,resolved_relation,same_work_previous_citation,1.0,,,,
mention-1062,ГЛАВА_3_ВЕРСИЯ_3.docx,84,84,1,Ibid. 113: «...si aliquis petitor erit bone fame… valeat… probare cum uno teste fidedigno…». P. 28.,relational_reference,113: «...si aliquis petitor erit bone fame… valeat… probare cum uno teste fidedigno…». P. 28.,P. 28,P. 28,same_work,Ibid.,mention-1061,,,work-family-costums_de_miravet,work-family-costums_de_miravet,korneeva-sources-007;korneeva-sources-018;korneeva-sources-028,resolved_relation,same_work_previous_citation,1.0,,,,
mention-1063,ГЛАВА_3_ВЕРСИЯ_3.docx,85,85,1,Costums de Tortosa. 4.11.8: «...ab que no sien de mala fama...». P. 208.,short_title_reference,Costums de Tortosa. 4.11.8: «...ab que no sien de mala fama...». P. 208.,P. 208,P. 208,,,,,,,work-family-costums_de_tortosa,korneeva-sources-004;korneeva-sources-005;korneeva-sources-009;korneeva-sources-014;korneeva-sources-015;korneeva-sources-016;korneeva-sources-030;korneeva-sources-031;korneeva-sources-032,resolved_work_edition_ambiguous,work_resolved_edition_ambiguous,0.9,,,costums_de_tortosa,
mention-1064,ГЛАВА_3_ВЕРСИЯ_3.docx,86,86,1,Ibid. 4.11.11: «...honest e no de mala fama. P. 208–209.,relational_reference,4.11.11: «...honest e no de mala fama. P. 208–209.,P. 208–209,P. 208–209,same_work,Ibid.,mention-1063,,,work-family-costums_de_tortosa,work-family-costums_de_tortosa,korneeva-sources-004;korneeva-sources-005;korneeva-sources-009;korneeva-sources-014;korneeva-sources-015;korneeva-sources-016;korneeva-sources-030;korneeva-sources-031;korneeva-sources-032,resolved_relation,same_work_previous_citation,1.0,,,,
mention-1065,ГЛАВА_3_ВЕРСИЯ_3.docx,87,87,1,"Costums de Tortosa. 4.11.18: «…si ladones con fan lo testimoni o són escritz <...>no són de mala fama, deven ésser creegutz axí com a bons e a leyals, jasia so que depux se sien fetz infames o de mala vida. P. 210.",short_title_reference,"Costums de Tortosa. 4.11.18: «…si ladones con fan lo testimoni o són escritz <...>no són de mala fama, deven ésser creegutz axí com a bons e a leyals, jasia so que depux se sien fetz infames o de mala vida. P. 210.",P. 210,P. 210,,,,,,,work-family-costums_de_tortosa,korneeva-sources-004;korneeva-sources-005;korneeva-sources-009;korneeva-sources-014;korneeva-sources-015;korneeva-sources-016;korneeva-sources-030;korneeva-sources-031;korneeva-sources-032,resolved_work_edition_ambiguous,work_resolved_edition_ambiguous,0.9,,,costums_de_tortosa,
mention-1066,ГЛАВА_3_ВЕРСИЯ_3.docx,88,88,1,"Ibid. 4.11.19: « …Mas si són majors de XX ayns conplitz, són e deven ésser reebutz, ah que no sien de mala fama en los criminals pleitz. ab que no sien de mala fama en los criminals pleitz». P. 210.",relational_reference,"4.11.19: « …Mas si són majors de XX ayns conplitz, són e deven ésser reebutz, ah que no sien de mala fama en los criminals pleitz. ab que no sien de mala fama en los criminals pleitz». P. 210.",P. 210,P. 210,same_work,Ibid.,mention-1065,,,work-family-costums_de_tortosa,work-family-costums_de_tortosa,korneeva-sources-004;korneeva-sources-005;korneeva-sources-009;korneeva-sources-014;korneeva-sources-015;korneeva-sources-016;korneeva-sources-030;korneeva-sources-031;korneeva-sources-032,resolved_relation,same_work_previous_citation,1.0,,,,
mention-1067,ГЛАВА_3_ВЕРСИЯ_3.docx,89,89,1,"Ibid. 9.25.1: «…E Jos contra Déu e contra justícia, e se'n seguís mala fama per les terres…» P. 487.",relational_reference,"9.25.1: «…E Jos contra Déu e contra justícia, e se'n seguís mala fama per les terres…» P. 487.",P. 487,P. 487,same_work,Ibid.,mention-1066,,,work-family-costums_de_tortosa,work-family-costums_de_tortosa,korneeva-sources-004;korneeva-sources-005;korneeva-sources-009;korneeva-sources-014;korneeva-sources-015;korneeva-sources-016;korneeva-sources-030;korneeva-sources-031;korneeva-sources-032,resolved_relation,same_work_previous_citation,1.0,,,,
mention-1068,ГЛАВА_3_ВЕРСИЯ_3.docx,90,90,1,Ibid. 9.25.1: «…per so que justícia pogés ésser seguida en la dita ciutat sobre Vlll capítols dejús escritz e nomenatz…». P. 487.,relational_reference,9.25.1: «…per so que justícia pogés ésser seguida en la dita ciutat sobre Vlll capítols dejús escritz e nomenatz…». P. 487.,P. 487,P. 487,same_work,Ibid.,mention-1067,,,work-family-costums_de_tortosa,work-family-costums_de_tortosa,korneeva-sources-004;korneeva-sources-005;korneeva-sources-009;korneeva-sources-014;korneeva-sources-015;korneeva-sources-016;korneeva-sources-030;korneeva-sources-031;korneeva-sources-032,resolved_relation,same_work_previous_citation,1.0,,,,
mention-1069,ГЛАВА_3_ВЕРСИЯ_3.docx,91,91,1,Подробнее о практике компургации на материалах другого региона см.,commentary,Подробнее о практике компургации на материалах другого региона см.,,,,,,,,,,,not_bibliographic,commentary_or_internal_cross_reference,,,,,
mention-1070,ГЛАВА_3_ВЕРСИЯ_3.docx,91,91,2,"Винокурова М.В. Обвинение, оправдание, наказание в обычном праве малых городов средневековой Англии // Новое прошлое / The New Past. 2016. № 3. С. 117–128.",full_reference,"Винокурова М.В. Обвинение, оправдание, наказание в обычном праве малых городов средневековой Англии // Новое прошлое / The New Past. 2016. № 3. С. 117–128.",С. 117–128,С. 117–128,,,,,,,korneeva-research-041,korneeva-research-041,resolved_explicit,exact_title,0.98,,,,
mention-1071,ГЛАВА_3_ВЕРСИЯ_3.docx,92,92,1,Об этом см. §3.5 «Репутационные формы установления истины» настоящего исследования.,commentary,Об этом см. §3.5 «Репутационные формы установления истины» настоящего исследования.,,,,,,,,,,,not_bibliographic,commentary_or_internal_cross_reference,,,,,
mention-1072,ГЛАВА_3_ВЕРСИЯ_3.docx,93,93,1,"Usatges de Barcelona. Us. 21 (24–25): «PLACITVM MANDETVR tam magnatibus quam militibus, primum ad decem dies; deinde de octo in octo mandetur. Ad rusticos namque mandetur placitum in quarto die uel quinto». P. 68.",short_title_reference,"Usatges de Barcelona. Us. 21 (24–25): «PLACITVM MANDETVR tam magnatibus quam militibus, primum ad decem dies; deinde de octo in octo mandetur. Ad rusticos namque mandetur placitum in quarto die uel quinto». P. 68.",P. 68,P. 68,,,,,,,work-family-usatges_de_barcelona,korneeva-sources-037;korneeva-sources-038;korneeva-sources-039;korneeva-sources-040;korneeva-sources-041;korneeva-sources-042,resolved_work_edition_ambiguous,work_resolved_edition_ambiguous,0.9,,,usatges_de_barcelona,
mention-1073,ГЛАВА_3_ВЕРСИЯ_3.docx,94,94,1,"Ibid. Us. 24 (28): «DE OMNIBVS NAMQVE comunibus causis non plus oportet quam quatuor esse placita: unum in quo sit directum firmatum per pliuios uel per pignora conuenienter sicut opus erit uel necesse, querimoniis ex utrisque partibus auditis; aliud namque in quo sint querimonie dicte et rationate, et iudicia data a iudicibus ex utrisque partibus electis; tercium quoque in quo sint a iudicibus querimonie et iudicia retracta, et, si opus erit uel necesse, iudicia meliorata: postea sint laudata et auctorizata et ad laudamentum iudicis illorum bene assecurata per pignora ut sint facta, et ibi debent crescere pignora ad laudamentum iudicis illorum; quartum namque in quo dominus placiti recuperet pignora, et, illo ea tenente, sint directa facta et iudicia completa, sicut erunt iudicata et ex utrisque partibus auctorizata». P. 70.",relational_reference,"Us. 24 (28): «DE OMNIBVS NAMQVE comunibus causis non plus oportet quam quatuor esse placita: unum in quo sit directum firmatum per pliuios uel per pignora conuenienter sicut opus erit uel necesse, querimoniis ex utrisque partibus auditis; aliud namque in quo sint querimonie dicte et rationate, et iudicia data a iudicibus ex utrisque partibus electis; tercium quoque in quo sint a iudicibus querimonie et iudicia retracta, et, si opus erit uel necesse, iudicia meliorata: postea sint laudata et auctorizata et ad laudamentum iudicis illorum bene assecurata per pignora ut sint facta, et ibi debent crescere pignora ad laudamentum iudicis illorum; quartum namque in quo dominus placiti recuperet pignora, et, illo ea tenente, sint directa facta et iudicia completa, sicut erunt iudicata et ex utrisque partibus auctorizata». P. 70.",P. 70,P. 70,same_work,Ibid.,mention-1072,,,work-family-usatges_de_barcelona,work-family-usatges_de_barcelona,korneeva-sources-037;korneeva-sources-038;korneeva-sources-039;korneeva-sources-040;korneeva-sources-041;korneeva-sources-042,resolved_relation,same_work_previous_citation,1.0,,,,
mention-1074,ГЛАВА_3_ВЕРСИЯ_3.docx,95,95,1,"Ibid. Us. B7 (90): «Per scripturam nullius accusacio suscipiatur, sed propria uoce accuset, si legitima et condigna accusatoris persona fiat, presente uidelicet eo quem accusare desiderat, quia nullus absens aut accusari potest aut accusare». P. 170.",relational_reference,"Us. B7 (90): «Per scripturam nullius accusacio suscipiatur, sed propria uoce accuset, si legitima et condigna accusatoris persona fiat, presente uidelicet eo quem accusare desiderat, quia nullus absens aut accusari potest aut accusare». P. 170.",P. 170,P. 170,same_work,Ibid.,mention-1073,,,work-family-usatges_de_barcelona,work-family-usatges_de_barcelona,korneeva-sources-037;korneeva-sources-038;korneeva-sources-039;korneeva-sources-040;korneeva-sources-041;korneeva-sources-042,resolved_relation,same_work_previous_citation,1.0,,,,
mention-1075,ГЛАВА_3_ВЕРСИЯ_3.docx,96,96,1,"Ibid. Us. B5 (88): «Nullus unquam presumat accusator simul esse et iudex et testis, quoniam in omni iudicio quatuor persone necesse est semper adesse…». P. 170.",relational_reference,"Us. B5 (88): «Nullus unquam presumat accusator simul esse et iudex et testis, quoniam in omni iudicio quatuor persone necesse est semper adesse…». P. 170.",P. 170,P. 170,same_work,Ibid.,mention-1074,,,work-family-usatges_de_barcelona,work-family-usatges_de_barcelona,korneeva-sources-037;korneeva-sources-038;korneeva-sources-039;korneeva-sources-040;korneeva-sources-041;korneeva-sources-042,resolved_relation,same_work_previous_citation,1.0,,,,
mention-1076,ГЛАВА_3_ВЕРСИЯ_3.docx,97,97,1,Ibid. Us. B2 (85): «...separentur ab invicem et singulariter inquirantur...». P. 170.,relational_reference,Us. B2 (85): «...separentur ab invicem et singulariter inquirantur...». P. 170.,P. 170,P. 170,same_work,Ibid.,mention-1075,,,work-family-usatges_de_barcelona,work-family-usatges_de_barcelona,korneeva-sources-037;korneeva-sources-038;korneeva-sources-039;korneeva-sources-040;korneeva-sources-041;korneeva-sources-042,resolved_relation,same_work_previous_citation,1.0,,,,
mention-1077,ГЛАВА_3_ВЕРСИЯ_3.docx,98,98,1,Ibid.: «...separentur ab invicem et singulariter inquirantur...». P. 170.,relational_reference,«...separentur ab invicem et singulariter inquirantur...». P. 170.,P. 170,P. 170,same_work,Ibid.:,mention-1076,,,work-family-usatges_de_barcelona,work-family-usatges_de_barcelona,korneeva-sources-037;korneeva-sources-038;korneeva-sources-039;korneeva-sources-040;korneeva-sources-041;korneeva-sources-042,resolved_relation,same_work_previous_citation,1.0,,,,
mention-1078,ГЛАВА_3_ВЕРСИЯ_3.docx,99,99,1,Подробнее о проблематике памяти в праве см.,commentary,Подробнее о проблематике памяти в праве см.,,,,,,,,,,,not_bibliographic,commentary_or_internal_cross_reference,,,,,
mention-1079,ГЛАВА_3_ВЕРСИЯ_3.docx,99,99,2,Клэнчи М. Воспоминания о прошлом и старый добрый закон // Vox medii aevi / под ред. Горбун Г. С.; пер. Горбун Г. С. 2015. № 2–3 (13–14). С. 115.,full_reference,Клэнчи М. Воспоминания о прошлом и старый добрый закон // Vox medii aevi / под ред. Горбун Г. С.; пер. Горбун Г. С. 2015. № 2–3 (13–14). С. 115.,С. 2015; С. 115,С. 2015; С. 115,,,,,,,korneeva-research-056,korneeva-research-056,resolved_explicit,exact_title,0.98,,,,
mention-1080,ГЛАВА_3_ВЕРСИЯ_3.docx,100,100,1,Usatges de Barcelona. Us. B2 (86): «...honestioribus magis quam vilioribus testibus fides pocius admittatur...». P. 170.,short_title_reference,Usatges de Barcelona. Us. B2 (86): «...honestioribus magis quam vilioribus testibus fides pocius admittatur...». P. 170.,P. 170,P. 170,,,,,,,work-family-usatges_de_barcelona,korneeva-sources-037;korneeva-sources-038;korneeva-sources-039;korneeva-sources-040;korneeva-sources-041;korneeva-sources-042,resolved_work_edition_ambiguous,work_resolved_edition_ambiguous,0.9,,,usatges_de_barcelona,
mention-1081,ГЛАВА_3_ВЕРСИЯ_3.docx,101,101,1,Ibid. Us. B3 (87): «...unius autem testimonium <…> nullatenus audiendum». P. 170.,relational_reference,Us. B3 (87): «...unius autem testimonium <…> nullatenus audiendum». P. 170.,P. 170,P. 170,same_work,Ibid.,mention-1080,,,work-family-usatges_de_barcelona,work-family-usatges_de_barcelona,korneeva-sources-037;korneeva-sources-038;korneeva-sources-039;korneeva-sources-040;korneeva-sources-041;korneeva-sources-042,resolved_relation,same_work_previous_citation,1.0,,,,
mention-1082,ГЛАВА_3_ВЕРСИЯ_3.docx,102,102,1,Ibid. Us. B3 (86): «...duo vel tres idonei testes ad omnia probanda negocia sufficiunt». P. 170.,relational_reference,Us. B3 (86): «...duo vel tres idonei testes ad omnia probanda negocia sufficiunt». P. 170.,P. 170,P. 170,same_work,Ibid.,mention-1081,,,work-family-usatges_de_barcelona,work-family-usatges_de_barcelona,korneeva-sources-037;korneeva-sources-038;korneeva-sources-039;korneeva-sources-040;korneeva-sources-041;korneeva-sources-042,resolved_relation,same_work_previous_citation,1.0,,,,
mention-1083,ГЛАВА_3_ВЕРСИЯ_3.docx,103,103,1,"Ibid. Us. B6 (89): «Accusatores et testes esse non possunt qui ante esternum diem aut nudius tercius inimici fuerunt ne irati nocere cupiant, ne lesi se ulcisci uelint; inoffensus igitur accusatorum et testium affectus querendus est et non suspectus...». P. 170.",relational_reference,"Us. B6 (89): «Accusatores et testes esse non possunt qui ante esternum diem aut nudius tercius inimici fuerunt ne irati nocere cupiant, ne lesi se ulcisci uelint; inoffensus igitur accusatorum et testium affectus querendus est et non suspectus...». P. 170.",P. 170,P. 170,same_work,Ibid.,mention-1082,,,work-family-usatges_de_barcelona,work-family-usatges_de_barcelona,korneeva-sources-037;korneeva-sources-038;korneeva-sources-039;korneeva-sources-040;korneeva-sources-041;korneeva-sources-042,resolved_relation,same_work_previous_citation,1.0,,,,
mention-1084,ГЛАВА_3_ВЕРСИЯ_3.docx,104,104,1,Ibid. : «...Idonei testes non uidentur esse quibus imperari potest ut testes fiant». P. 170.,relational_reference,«...Idonei testes non uidentur esse quibus imperari potest ut testes fiant». P. 170.,P. 170,P. 170,same_work,Ibid. :,mention-1083,,,work-family-usatges_de_barcelona,work-family-usatges_de_barcelona,korneeva-sources-037;korneeva-sources-038;korneeva-sources-039;korneeva-sources-040;korneeva-sources-041;korneeva-sources-042,resolved_relation,same_work_previous_citation,1.0,,,,
mention-1085,ГЛАВА_3_ВЕРСИЯ_3.docx,105,105,1,Costumbres de Lleida. [131]: «…Probatur solucio crediti publici instrumenti per duos testes sufficientes...». P. 137.,short_title_reference,Costumbres de Lleida. [131]: «…Probatur solucio crediti publici instrumenti per duos testes sufficientes...». P. 137.,P. 137,P. 137,,,,,,,work-family-costums_de_lleida,korneeva-sources-011;korneeva-sources-012;korneeva-sources-019,resolved_work_edition_ambiguous,work_resolved_edition_ambiguous,0.9,,,costums_de_lleida,
mention-1086,ГЛАВА_3_ВЕРСИЯ_3.docx,106,106,1,"LV. II.4.2: «…quia testes sine sacramento testimonium peribere non possunt» («…поскольку свидетели не могут свидетельствовать без клятвы»). P. 95; Подробнее о рецепции этой нормы в каталонском праве («Обычаи Тарреги», «Обычаи Балагера», «Обычаи Пералады») см.",commentary,"LV. II.4.2: «…quia testes sine sacramento testimonium peribere non possunt» («…поскольку свидетели не могут свидетельствовать без клятвы»). P. 95; Подробнее о рецепции этой нормы в каталонском праве («Обычаи Тарреги», «Обычаи Балагера», «Обычаи Пералады») см.",P. 95,P. 95,,,,,,,,,not_bibliographic,commentary_or_internal_cross_reference,,,,,
mention-1087,ГЛАВА_3_ВЕРСИЯ_3.docx,106,106,2,Font Rius J.M. Costumbres de Tárrega // Anuario de Historia del Derecho Español. 1953. № 23. P. 441.,full_reference,Font Rius J.M. Costumbres de Tárrega // Anuario de Historia del Derecho Español. 1953. № 23. P. 441.,P. 441,P. 441,,,,,,,korneeva-sources-022,korneeva-sources-022,resolved_explicit,duplicate_structured_identity,0.98,,,,
mention-1088,ГЛАВА_3_ВЕРСИЯ_3.docx,107,107,1,"Costumbres de Lleida. [133]: «Non coguntur testes nisi se promiserint probaturos, vel nisi in cartis scripti inveniantur, vel nisi eligantur ut sint testes, et tunc coguntur vel iurabunt se nichil scire». P. 137–138.",short_title_reference,"Costumbres de Lleida. [133]: «Non coguntur testes nisi se promiserint probaturos, vel nisi in cartis scripti inveniantur, vel nisi eligantur ut sint testes, et tunc coguntur vel iurabunt se nichil scire». P. 137–138.",P. 137–138,P. 137–138,,,,,,,work-family-costums_de_lleida,korneeva-sources-011;korneeva-sources-012;korneeva-sources-019,resolved_work_edition_ambiguous,work_resolved_edition_ambiguous,0.9,,,costums_de_lleida,
mention-1089,ГЛАВА_3_ВЕРСИЯ_3.docx,108,108,1,"Ibid. [133]: «In quolibet instrumento sufficiunt duo testes et in qualibet re vel causa. Suspectum potest quis dicere quodlibet instrumentum etiam sine inscripcione non abolitum, vel deletum, et est ei fides facienda». P. 138.",relational_reference,"[133]: «In quolibet instrumento sufficiunt duo testes et in qualibet re vel causa. Suspectum potest quis dicere quodlibet instrumentum etiam sine inscripcione non abolitum, vel deletum, et est ei fides facienda». P. 138.",P. 138,P. 138,same_work,Ibid.,mention-1088,,,work-family-costums_de_lleida,work-family-costums_de_lleida,korneeva-sources-011;korneeva-sources-012;korneeva-sources-019,resolved_relation,same_work_previous_citation,1.0,,,,
mention-1090,ГЛАВА_3_ВЕРСИЯ_3.docx,109,109,1,"Costums de Tortosa. 4.11.8: «E totes coses a provar basten II testimonis o plus, ab que no sien de mala fama, o carta pública, o testament, o tota altra derrera volentat, en què aja II testimonis o plus». P. 208.",short_title_reference,"Costums de Tortosa. 4.11.8: «E totes coses a provar basten II testimonis o plus, ab que no sien de mala fama, o carta pública, o testament, o tota altra derrera volentat, en què aja II testimonis o plus». P. 208.",P. 208,P. 208,,,,,,,work-family-costums_de_tortosa,korneeva-sources-004;korneeva-sources-005;korneeva-sources-009;korneeva-sources-014;korneeva-sources-015;korneeva-sources-016;korneeva-sources-030;korneeva-sources-031;korneeva-sources-032,resolved_work_edition_ambiguous,work_resolved_edition_ambiguous,0.9,,,costums_de_tortosa,
mention-1091,ГЛАВА_3_ВЕРСИЯ_3.docx,110,110,1,Ibid. 4.11.11: «…asò tota ora entés que testimoni d 'oyda ren no val…». P. 208.,relational_reference,4.11.11: «…asò tota ora entés que testimoni d 'oyda ren no val…». P. 208.,P. 208,P. 208,same_work,Ibid.,mention-1090,,,work-family-costums_de_tortosa,work-family-costums_de_tortosa,korneeva-sources-004;korneeva-sources-005;korneeva-sources-009;korneeva-sources-014;korneeva-sources-015;korneeva-sources-016;korneeva-sources-030;korneeva-sources-031;korneeva-sources-032,resolved_relation,same_work_previous_citation,1.0,,,,
mention-1092,ГЛАВА_3_ВЕРСИЯ_3.docx,111,111,1,Costumbres de Orta. [LX]: «Duo testes legitimi sufficiant in qualibet re vel causa». P. 622.,short_title_reference,Costumbres de Orta. [LX]: «Duo testes legitimi sufficiant in qualibet re vel causa». P. 622.,P. 622,P. 622,,,,,,,korneeva-sources-013,korneeva-sources-013,resolved_explicit,source_family_unique,0.97,,,costums_d_orta,
mention-1093,ГЛАВА_3_ВЕРСИЯ_3.docx,112,112,1,"Presumpcio veritatis — презумпция истинности; неполное доказательство, которое делало для суда позицию той или иной стороны более вероятной, но требовало дополнительного подтверждения (см.",commentary,"Presumpcio veritatis — презумпция истинности; неполное доказательство, которое делало для суда позицию той или иной стороны более вероятной, но требовало дополнительного подтверждения (см.",,,,,,,,,,,not_bibliographic,commentary_or_internal_cross_reference,,,,,
mention-1094,ГЛАВА_3_ВЕРСИЯ_3.docx,112,112,2,"Baldwin J.W. The Intellectual Preparation for the Canon of 1215 against Ordeals // Speculum. 1961. Vol. 4 (36). P. 616). Стоит также отметить, что «Обычаи Орты» предложили более чёткое разграничение полного и неполного доказательства в зависимости от предварительного заявления сторон: Costumbres de Orta. [LXI]: «Item, quod unus testis productus in presumpcionem veritatis sufficiat usque ad sumam centum solidos cum sacramento principalis, sit quod probans nisi dixerit tempore quo dicit se probatorum quod probabit in presumpcione veritatis videatur se strinxisse probare in plenam probacionem, et si unus testes hoc casum probaret, pro eo non obtineat nisi delato ei sacramento ubi modica quantitas pete- retur judicanti videretur aliud faciendum ». P. 622.",full_reference,"Baldwin J.W. The Intellectual Preparation for the Canon of 1215 against Ordeals // Speculum. 1961. Vol. 4 (36). P. 616). Стоит также отметить, что «Обычаи Орты» предложили более чёткое разграничение полного и неполного доказательства в зависимости от предварительного заявления сторон: Costumbres de Orta. [LXI]: «Item, quod unus testis productus in presumpcionem veritatis sufficiat usque ad sumam centum solidos cum sacramento principalis, sit quod probans nisi dixerit tempore quo dicit se probatorum quod probabit in presumpcione veritatis videatur se strinxisse probare in plenam probacionem, et si unus testes hoc casum probaret, pro eo non obtineat nisi delato ei sacramento ubi modica quantitas pete- retur judicanti videretur aliud faciendum ». P. 622.",Vol. 4 (36); P. 616; P. 622,Vol. 4 (36); P. 616; P. 622,,,,,,,korneeva-research-179,korneeva-research-179,resolved_explicit,exact_title,0.98,,,,
mention-1095,ГЛАВА_3_ВЕРСИЯ_3.docx,113,113,1,Ibid. [LXI]: «Mulieres discrete et bone fame possint facere testimonium in causis civilibus prout mares ». P. 622.,relational_reference,[LXI]: «Mulieres discrete et bone fame possint facere testimonium in causis civilibus prout mares ». P. 622.,P. 622,P. 622,same_work,Ibid.,mention-1094,,"Baldwin, J",korneeva-research-179,korneeva-research-179,korneeva-research-179,resolved_relation,same_work_previous_citation,1.0,,,,
mention-1096,ГЛАВА_3_ВЕРСИЯ_3.docx,114,114,1,Подробнее об этих нормах в контексте репутационного критерия см. §3.3 настоящего исследования.,commentary,Подробнее об этих нормах в контексте репутационного критерия см. §3.3 настоящего исследования.,,,,,,,,,,,not_bibliographic,commentary_or_internal_cross_reference,,,,,
mention-1097,ГЛАВА_3_ВЕРСИЯ_3.docx,115,115,1,Constituciones baiulie Mirabeti. 107: «In quocumque instrumento sufficiunt duo testes vel in qualibet re ». P. 28.,short_title_reference,Constituciones baiulie Mirabeti. 107: «In quocumque instrumento sufficiunt duo testes vel in qualibet re ». P. 28.,P. 28,P. 28,,,,,,,korneeva-sources-007,korneeva-sources-007,resolved_explicit,exact_title,0.98,,,,
mention-1098,ГЛАВА_3_ВЕРСИЯ_3.docx,116,116,1,Ibid. 106: «Testis qui nominatus fuerit in testimonium [cogatur facere testimonium] satisfaciendo illi testi in suis laboribus ». P. 28.,relational_reference,106: «Testis qui nominatus fuerit in testimonium [cogatur facere testimonium] satisfaciendo illi testi in suis laboribus ». P. 28.,P. 28,P. 28,same_work,Ibid.,mention-1097,,,korneeva-sources-007,korneeva-sources-007,korneeva-sources-007,resolved_relation,same_work_previous_citation,1.0,,,,
mention-1099,ГЛАВА_3_ВЕРСИЯ_3.docx,117,117,1,"Consuetudines ville Tarege. [3]: «Castlani nec illorum baiuli non faciant inquisicionem in aliqua causa criminali nisi in eorum presencia crimen fuerit comissum et tunc accipiant fideiussorem ab illo a quo querimonia facta fuerit et fideiussione receipta si querelator ab accusacione voluerit desistere, dominus ex officio suo possit de maleficio inquirere». P. 437.",short_title_reference,"Consuetudines ville Tarege. [3]: «Castlani nec illorum baiuli non faciant inquisicionem in aliqua causa criminali nisi in eorum presencia crimen fuerit comissum et tunc accipiant fideiussorem ab illo a quo querimonia facta fuerit et fideiussione receipta si querelator ab accusacione voluerit desistere, dominus ex officio suo possit de maleficio inquirere». P. 437.",P. 437,P. 437,,,,,,,korneeva-sources-022,korneeva-sources-022,resolved_explicit,source_family_unique,0.97,,,costums_de_tarrega,
mention-1100,ГЛАВА_3_ВЕРСИЯ_3.docx,118,118,1,"Les Coutumes de Perpignan. [LXVII] : «…curia <…> confirmare vel infirmare interlocutoriam <…> dum per alium ydoneum faciat consilio proborum hominum, non illius qui illam protulit». P. 585–586.",short_title_reference,"Les Coutumes de Perpignan. [LXVII] : «…curia <…> confirmare vel infirmare interlocutoriam <…> dum per alium ydoneum faciat consilio proborum hominum, non illius qui illam protulit». P. 585–586.",P. 585–586,P. 585–586,,,,,,,korneeva-sources-029,korneeva-sources-029,resolved_explicit,source_family_unique,0.97,,,coutumes_de_perpignan,
mention-1101,ГЛАВА_3_ВЕРСИЯ_3.docx,119,119,1,Recognoverunt proceres. [C]: «…cum uni iurisperito et duobus probis hominibus…». P. 610.,short_title_reference,Recognoverunt proceres. [C]: «…cum uni iurisperito et duobus probis hominibus…». P. 610.,P. 610,P. 610,,,,,,,korneeva-sources-034,korneeva-sources-034,resolved_explicit,source_family_unique,0.97,,,recognoverunt_proceres,
mention-1102,ГЛАВА_3_ВЕРСИЯ_3.docx,120,120,1,Ibid. [CIV]: «...quod vicarii vel baiuli non possint comitere iudicia vel inquisitiones aliquibus qui non sint iurisperiti...». P. 611.,relational_reference,[CIV]: «...quod vicarii vel baiuli non possint comitere iudicia vel inquisitiones aliquibus qui non sint iurisperiti...». P. 611.,P. 611,P. 611,same_work,Ibid.,mention-1101,,,korneeva-sources-034,korneeva-sources-034,korneeva-sources-034,resolved_relation,same_work_previous_citation,1.0,,,,
mention-1103,ГЛАВА_3_ВЕРСИЯ_3.docx,121,121,1,"Usatges de Barcelona. Us. 54(57): «Illos autem quos non tenuerint et clamauerint, aut probent per testes uel per scripturas eos a senioribus eorum adquisisse, aut dimittant eos». P. 90–91.",short_title_reference,"Usatges de Barcelona. Us. 54(57): «Illos autem quos non tenuerint et clamauerint, aut probent per testes uel per scripturas eos a senioribus eorum adquisisse, aut dimittant eos». P. 90–91.",P. 90–91,P. 90–91,,,,,,,work-family-usatges_de_barcelona,korneeva-sources-037;korneeva-sources-038;korneeva-sources-039;korneeva-sources-040;korneeva-sources-041;korneeva-sources-042,resolved_work_edition_ambiguous,work_resolved_edition_ambiguous,0.9,,,usatges_de_barcelona,
mention-1104,ГЛАВА_3_ВЕРСИЯ_3.docx,122,122,1,Ibid. C3 (148): «...testamentum vel carta firmata de aliqua contencione...». P. 171.,relational_reference,C3 (148): «...testamentum vel carta firmata de aliqua contencione...». P. 171.,P. 171,P. 171,same_work,Ibid.,mention-1103,,,work-family-usatges_de_barcelona,work-family-usatges_de_barcelona,korneeva-sources-037;korneeva-sources-038;korneeva-sources-039;korneeva-sources-040;korneeva-sources-041;korneeva-sources-042,resolved_relation,same_work_previous_citation,1.0,,,,
mention-1105,ГЛАВА_3_ВЕРСИЯ_3.docx,123,123,1,"Costums de Lleida. [131] // Villanueva J. Viage literario á las iglesias de España. T. XVI: Viage á Lérida. Madrid: Imprenta de la Real Academia de la Historia, 1851. Apéndice: «Probatur solucio crediti publici instrumenti per duos testes sufficientes…». P. 187.",full_reference,"Costums de Lleida. [131] // Villanueva J. Viage literario á las iglesias de España. T. XVI: Viage á Lérida. Madrid: Imprenta de la Real Academia de la Historia, 1851. Apéndice: «Probatur solucio crediti publici instrumenti per duos testes sufficientes…». P. 187.",P. 187,P. 187,,,,,,,work-family-costums_de_lleida,korneeva-sources-011;korneeva-sources-012;korneeva-sources-019,resolved_work_edition_ambiguous,work_resolved_edition_ambiguous,0.9,,,costums_de_lleida,
mention-1106,ГЛАВА_3_ВЕРСИЯ_3.docx,124,124,1,"Consuetudines ville Tarege. [11]: «Emphiteota si vendiderit, alienaverit vel ad aliquem transtulerit rem quam pro domino teneat, donet quinquagesimam partem precii domino pro quo rem tenuerit et firmet cartam dominus nisi amplius vel paucis ex conventione inhita inter partes statutum fuerit, exceptis tamen hiis qui pro nobis tenuerint». P. 439.",short_title_reference,"Consuetudines ville Tarege. [11]: «Emphiteota si vendiderit, alienaverit vel ad aliquem transtulerit rem quam pro domino teneat, donet quinquagesimam partem precii domino pro quo rem tenuerit et firmet cartam dominus nisi amplius vel paucis ex conventione inhita inter partes statutum fuerit, exceptis tamen hiis qui pro nobis tenuerint». P. 439.",P. 439,P. 439,,,,,,,korneeva-sources-022,korneeva-sources-022,resolved_explicit,source_family_unique,0.97,,,costums_de_tarrega,
mention-1107,ГЛАВА_3_ВЕРСИЯ_3.docx,125,125,1,"Costumbres de Orta. [XIII]: «Item, quod dicti homines habeant vias, vicos et plateas in Orta et aliis locis termini de Orta, et inde possint ire, redire et manere libere et spaciose, prout in instrumentis concessis eis a fratribus Templi continetur. Item, quod mercatum ville de Orta non mutetur de loco et die, prout in instrumentis factis super dicto mercato eisdem hominibus continetur». P. 619",short_title_reference,"Costumbres de Orta. [XIII]: «Item, quod dicti homines habeant vias, vicos et plateas in Orta et aliis locis termini de Orta, et inde possint ire, redire et manere libere et spaciose, prout in instrumentis concessis eis a fratribus Templi continetur. Item, quod mercatum ville de Orta non mutetur de loco et die, prout in instrumentis factis super dicto mercato eisdem hominibus continetur». P. 619",P. 619,P. 619,,,,,,,korneeva-sources-013,korneeva-sources-013,resolved_explicit,source_family_unique,0.97,,,costums_d_orta,
mention-1108,ГЛАВА_3_ВЕРСИЯ_3.docx,126,126,1,"Ibid. [VII]: «…comendator vel bajulus compellat solvere debitorem illud debitum et tercium Templi, prout in instrumento a fratribus Templi super hoc eis facto continetur». P. 618.",relational_reference,"[VII]: «…comendator vel bajulus compellat solvere debitorem illud debitum et tercium Templi, prout in instrumento a fratribus Templi super hoc eis facto continetur». P. 618.",P. 618,P. 618,same_work,Ibid.,mention-1107,,,korneeva-sources-013,korneeva-sources-013,korneeva-sources-013,resolved_relation,same_work_previous_citation,1.0,,,,
mention-1109,ГЛАВА_3_ВЕРСИЯ_3.docx,127,127,1,Constituciones baiulie Mirabeti. 107: «In quocumque instrumento sufficiunt duo testes vel in qualibet re». P. 28.,short_title_reference,Constituciones baiulie Mirabeti. 107: «In quocumque instrumento sufficiunt duo testes vel in qualibet re». P. 28.,P. 28,P. 28,,,,,,,korneeva-sources-007,korneeva-sources-007,resolved_explicit,exact_title,0.98,,,,
mention-1110,ГЛАВА_3_ВЕРСИЯ_3.docx,128,128,1,"Costums de Tortosa. 4.11.8: «E totes coses a provar basten II testimonis o plus, ab que no sien de mala fama, o carta pública, o testament, o tota altra derrera volentat, en què aja II testimonis o plus». P. 208.",short_title_reference,"Costums de Tortosa. 4.11.8: «E totes coses a provar basten II testimonis o plus, ab que no sien de mala fama, o carta pública, o testament, o tota altra derrera volentat, en què aja II testimonis o plus». P. 208.",P. 208,P. 208,,,,,,,work-family-costums_de_tortosa,korneeva-sources-004;korneeva-sources-005;korneeva-sources-009;korneeva-sources-014;korneeva-sources-015;korneeva-sources-016;korneeva-sources-030;korneeva-sources-031;korneeva-sources-032,resolved_work_edition_ambiguous,work_resolved_edition_ambiguous,0.9,,,costums_de_tortosa,
mention-1111,ГЛАВА_3_ВЕРСИЯ_3.docx,129,129,1,Les Coutumes de Perpignan. [LXII]: «…cum instrumento publico facto in scribania Perpinyani». P. 32.,short_title_reference,Les Coutumes de Perpignan. [LXII]: «…cum instrumento publico facto in scribania Perpinyani». P. 32.,P. 32,P. 32,,,,,,,korneeva-sources-029,korneeva-sources-029,resolved_explicit,source_family_unique,0.97,,,coutumes_de_perpignan,
mention-1112,ГЛАВА_3_ВЕРСИЯ_3.docx,130,130,1,"Recognoverunt proceres. [LVI]: «Item, quando instrumentum dotalium fit in hec verba: “Ego, talis, dono tibi tali uxori mee, tantum pro dote tua et sponsalicio”, quod intelligatur tercia pars ipsius quantitatis esse donatio propter nuptias→Encara con la carta de l’espoali se ffa en estes paraules: “Jo aytal do a tu aytal, muller mia, aytant per ton exovar e per ton espoali”. Que la terça part d’aquella cantitat es entesa que es creix». P. 601.",short_title_reference,"Recognoverunt proceres. [LVI]: «Item, quando instrumentum dotalium fit in hec verba: “Ego, talis, dono tibi tali uxori mee, tantum pro dote tua et sponsalicio”, quod intelligatur tercia pars ipsius quantitatis esse donatio propter nuptias→Encara con la carta de l’espoali se ffa en estes paraules: “Jo aytal do a tu aytal, muller mia, aytant per ton exovar e per ton espoali”. Que la terça part d’aquella cantitat es entesa que es creix». P. 601.",P. 601,P. 601,,,,,,,korneeva-sources-034,korneeva-sources-034,resolved_explicit,source_family_unique,0.97,,,recognoverunt_proceres,
mention-1113,ГЛАВА_3_ВЕРСИЯ_3.docx,131,131,1,Justícia i resolució… 2018. Doc. 174: «…protulit iam dictus abbas scripturas confectas; unam venditionis <…> et alteram donationis». P. 336.,short_title_reference,Justícia i resolució… 2018. Doc. 174: «…protulit iam dictus abbas scripturas confectas; unam venditionis <…> et alteram donationis». P. 336.,Doc. 174; P. 336,Doc. 174; P. 336,,,,,,,korneeva-sources-026,korneeva-sources-026,resolved_explicit,source_family_unique,0.97,,,justicia_i_resolucio,
mention-1114,ГЛАВА_3_ВЕРСИЯ_3.docx,132,132,1,Justícia i resolució … 2024. Doc. 328: «…per scripturam donationis et postea illud eidem ecclesie in testamento suo dimisit…». P. 375.,short_title_reference,Justícia i resolució … 2024. Doc. 328: «…per scripturam donationis et postea illud eidem ecclesie in testamento suo dimisit…». P. 375.,Doc. 328; P. 375,Doc. 328; P. 375,,,,,,,korneeva-sources-025,korneeva-sources-025,resolved_explicit,source_family_unique,0.97,,,justicia_i_resolucio,
mention-1115,ГЛАВА_3_ВЕРСИЯ_3.docx,133,133,1,Justícia i resolució… 2024. Doc. 327: «…diffinio et evacuo et omnibus modis derelinquo...». P. 374.,short_title_reference,Justícia i resolució… 2024. Doc. 327: «…diffinio et evacuo et omnibus modis derelinquo...». P. 374.,Doc. 327; P. 374,Doc. 327; P. 374,,,,,,,korneeva-sources-025,korneeva-sources-025,resolved_explicit,source_family_unique,0.97,,,justicia_i_resolucio,
mention-1116,ГЛАВА_3_ВЕРСИЯ_3.docx,134,134,1,Ibid. Doc. 327:«...scriptura diffinitionis...». P. 375.,relational_reference,Doc. 327:«...scriptura diffinitionis...». P. 375.,Doc. 327; P. 375,Doc. 327; P. 375,same_work,Ibid.,mention-1115,,,korneeva-sources-025,korneeva-sources-025,korneeva-sources-025,resolved_relation,same_work_previous_citation,1.0,,,,
mention-1117,ГЛАВА_3_ВЕРСИЯ_3.docx,135,135,1,Ibid. Doc. 17: «…per pled et per gera tro lor dret los en sia exid…». P. 23.,relational_reference,Doc. 17: «…per pled et per gera tro lor dret los en sia exid…». P. 23.,Doc. 17; P. 23,Doc. 17; P. 23,same_work,Ibid.,mention-1116,,,korneeva-sources-025,korneeva-sources-025,korneeva-sources-025,resolved_relation,same_work_previous_citation,1.0,,,,
mention-1118,ГЛАВА_3_ВЕРСИЯ_3.docx,136,136,1,Ibid. Doc. 527. P. 643–644.,relational_reference,Doc. 527. P. 643–644.,Doc. 527.; P. 643–644,Doc. 527.; P. 643–644,same_work,Ibid.,mention-1117,,,korneeva-sources-025,korneeva-sources-025,korneeva-sources-025,resolved_relation,same_work_previous_citation,1.0,,,,
mention-1119,ГЛАВА_3_ВЕРСИЯ_3.docx,137,137,1,Ibid. Doc. 528: «Hoc est iudicium de querimoniis que sunt inter comitem Paliarensem et Raimundum de Eril». P. 645.,relational_reference,Doc. 528: «Hoc est iudicium de querimoniis que sunt inter comitem Paliarensem et Raimundum de Eril». P. 645.,Doc. 528; P. 645,Doc. 528; P. 645,same_work,Ibid.,mention-1118,,,korneeva-sources-025,korneeva-sources-025,korneeva-sources-025,resolved_relation,same_work_previous_citation,1.0,,,,
mention-1120,ГЛАВА_3_ВЕРСИЯ_3.docx,138,138,1,Usatges de Barcelona. Us. 54(57): «…per testes uel per scripturas…». P. 90–91.,short_title_reference,Usatges de Barcelona. Us. 54(57): «…per testes uel per scripturas…». P. 90–91.,P. 90–91,P. 90–91,,,,,,,work-family-usatges_de_barcelona,korneeva-sources-037;korneeva-sources-038;korneeva-sources-039;korneeva-sources-040;korneeva-sources-041;korneeva-sources-042,resolved_work_edition_ambiguous,work_resolved_edition_ambiguous,0.9,,,usatges_de_barcelona,
mention-1121,ГЛАВА_3_ВЕРСИЯ_3.docx,139,139,1,"Costums de Tortosa. 4.11.8: «E totes coses a provar basten II testimonis o plus, ab que no sien de mala fama, o carta pública, o testament, o tota altra derrera volentat, en què aja II testimonis o plus». P. 208.",short_title_reference,"Costums de Tortosa. 4.11.8: «E totes coses a provar basten II testimonis o plus, ab que no sien de mala fama, o carta pública, o testament, o tota altra derrera volentat, en què aja II testimonis o plus». P. 208.",P. 208,P. 208,,,,,,,work-family-costums_de_tortosa,korneeva-sources-004;korneeva-sources-005;korneeva-sources-009;korneeva-sources-014;korneeva-sources-015;korneeva-sources-016;korneeva-sources-030;korneeva-sources-031;korneeva-sources-032,resolved_work_edition_ambiguous,work_resolved_edition_ambiguous,0.9,,,costums_de_tortosa,
mention-1122,ГЛАВА_3_ВЕРСИЯ_3.docx,140,140,1,"Costumbres de Lleida. [133]: «Non coguntur testes nisi se promiserint probaturos, vel nisi in cartis scripti inveniantur, vel nisi eligantur ut sint testes, et tunc coguntur vel iurabunt se nichil scire». P. 188.",short_title_reference,"Costumbres de Lleida. [133]: «Non coguntur testes nisi se promiserint probaturos, vel nisi in cartis scripti inveniantur, vel nisi eligantur ut sint testes, et tunc coguntur vel iurabunt se nichil scire». P. 188.",P. 188,P. 188,,,,,,,work-family-costums_de_lleida,korneeva-sources-011;korneeva-sources-012;korneeva-sources-019,resolved_work_edition_ambiguous,work_resolved_edition_ambiguous,0.9,,,costums_de_lleida,
mention-1123,ГЛАВА_3_ВЕРСИЯ_3.docx,141,141,1,Ibid. [134]: «In quolibet instrumento sufficiunt duo testes et in qualibet re vel causa». P. 188.,relational_reference,[134]: «In quolibet instrumento sufficiunt duo testes et in qualibet re vel causa». P. 188.,P. 188,P. 188,same_work,Ibid.,mention-1122,,,work-family-costums_de_lleida,work-family-costums_de_lleida,korneeva-sources-011;korneeva-sources-012;korneeva-sources-019,resolved_relation,same_work_previous_citation,1.0,,,,
mention-1124,ГЛАВА_3_ВЕРСИЯ_3.docx,142,142,1,Constituciones baiulie Mirabeti. 107: «In quocumque instrumento sufficiunt duo testes vel in qualibet re». P. 28.,short_title_reference,Constituciones baiulie Mirabeti. 107: «In quocumque instrumento sufficiunt duo testes vel in qualibet re». P. 28.,P. 28,P. 28,,,,,,,korneeva-sources-007,korneeva-sources-007,resolved_explicit,exact_title,0.98,,,,
mention-1125,ГЛАВА_3_ВЕРСИЯ_3.docx,143,143,1,Costumbres de Lleida. [131]: «Probatur solucio crediti publici instrumenti per duos testes sufficientes». P. 187.,short_title_reference,Costumbres de Lleida. [131]: «Probatur solucio crediti publici instrumenti per duos testes sufficientes». P. 187.,P. 187,P. 187,,,,,,,work-family-costums_de_lleida,korneeva-sources-011;korneeva-sources-012;korneeva-sources-019,resolved_work_edition_ambiguous,work_resolved_edition_ambiguous,0.9,,,costums_de_lleida,
mention-1126,ГЛАВА_3_ВЕРСИЯ_3.docx,144,144,1,Ibid. [129]: «...unius testis presumpcio contra instrumentum non admittitur». P. 187.,relational_reference,[129]: «...unius testis presumpcio contra instrumentum non admittitur». P. 187.,P. 187,P. 187,same_work,Ibid.,mention-1125,,,work-family-costums_de_lleida,work-family-costums_de_lleida,korneeva-sources-011;korneeva-sources-012;korneeva-sources-019,resolved_relation,same_work_previous_citation,1.0,,,,
mention-1127,ГЛАВА_3_ВЕРСИЯ_3.docx,145,145,1,Justícia i resolució… 2018. Doc. 68: «Et ego Sesuldus presbiter eam legi et relegi plures vices <…>. Et omnem testum firmitatis ipsius scripture firmiter novi oculis meis videndo. Et nos alii predicti testes <…> eam audivimus legentem et relegentem et omnem testum firmitatis ipsius scripture firmiter novimus». P. 152.,short_title_reference,Justícia i resolució… 2018. Doc. 68: «Et ego Sesuldus presbiter eam legi et relegi plures vices <…>. Et omnem testum firmitatis ipsius scripture firmiter novi oculis meis videndo. Et nos alii predicti testes <…> eam audivimus legentem et relegentem et omnem testum firmitatis ipsius scripture firmiter novimus». P. 152.,Doc. 68; P. 152,Doc. 68; P. 152,,,,,,,korneeva-sources-026,korneeva-sources-026,resolved_explicit,source_family_unique,0.97,,,justicia_i_resolucio,
mention-1128,ГЛАВА_3_ВЕРСИЯ_3.docx,146,146,1,"LV. VII.5.2 : «Si testis, qui in eadem scriptura suscripsit, adhuc supprestis existit, per ipsum poterit coram iudice omnis ordo scripture perdite reparari. Quod si testem ipsum, qui in eadem scriptura suscriptor accessit, mortuum esse contigerit, tunc si legitimi et cognitiores repperti fuerint alii testes, qui eandem scripturam se dicant vidisse et omnem textum vel firmitatem eiusdem scripture plenissime nosse, similiter publica iudicum investigatione per eorum testimonium ille, qui scripturam perdidit, poterit suam reparare et percipere veritatem». P. 305. См. также:",short_title_reference,"LV. VII.5.2 : «Si testis, qui in eadem scriptura suscripsit, adhuc supprestis existit, per ipsum poterit coram iudice omnis ordo scripture perdite reparari. Quod si testem ipsum, qui in eadem scriptura suscriptor accessit, mortuum esse contigerit, tunc si legitimi et cognitiores repperti fuerint alii testes, qui eandem scripturam se dicant vidisse et omnem textum vel firmitatem eiusdem scripture plenissime nosse, similiter publica iudicum investigatione per eorum testimonium ille, qui scripturam perdidit, poterit suam reparare et percipere veritatem». P. 305. См. также:",P. 305,P. 305,,,,,,,korneeva-sources-027,korneeva-sources-027,resolved_explicit,authoritative_abbreviation_list,1.0,LV,Lex Visigothorum — «Вестготская правда» / «Книга приговоров»,,
mention-1129,ГЛАВА_3_ВЕРСИЯ_3.docx,146,146,2,"Сафронова Д.П. Фальшивые грамоты в леонской правовой практике X–XI веков // История: переводить, понимать, оценивать: к юбилею М.А. Юсима. М.: Институт всеобщей истории РАН, 2021. С. 126.",full_reference,"Сафронова Д.П. Фальшивые грамоты в леонской правовой практике X–XI веков // История: переводить, понимать, оценивать: к юбилею М.А. Юсима. М.: Институт всеобщей истории РАН, 2021. С. 126.",С. 126,С. 126,,,,,,,korneeva-research-106,korneeva-research-106,resolved_explicit,exact_title,0.98,,,,
mention-1130,ГЛАВА_3_ВЕРСИЯ_3.docx,147,147,1,"Costums de Tortosa. 4.10.1: «En la ciutat de Tortosa prova hom tots feyts e tots contrayts, per tres coses: per confessió de son adversari, o per testimonis, o per cartes publiques». P. 202.",short_title_reference,"Costums de Tortosa. 4.10.1: «En la ciutat de Tortosa prova hom tots feyts e tots contrayts, per tres coses: per confessió de son adversari, o per testimonis, o per cartes publiques». P. 202.",P. 202,P. 202,,,,,,,work-family-costums_de_tortosa,korneeva-sources-004;korneeva-sources-005;korneeva-sources-009;korneeva-sources-014;korneeva-sources-015;korneeva-sources-016;korneeva-sources-030;korneeva-sources-031;korneeva-sources-032,resolved_work_edition_ambiguous,work_resolved_edition_ambiguous,0.9,,,costums_de_tortosa,
mention-1131,ГЛАВА_3_ВЕРСИЯ_3.docx,148,148,1,"Ibid. 4.10.1: «Per cartes: ço és a saber, publiques, o per testaments o codicils o altres derreres volentats en què aja dos o tres testimonis o plus e l’escrivà». P. 202.",relational_reference,"4.10.1: «Per cartes: ço és a saber, publiques, o per testaments o codicils o altres derreres volentats en què aja dos o tres testimonis o plus e l’escrivà». P. 202.",P. 202,P. 202,same_work,Ibid.,mention-1130,,,work-family-costums_de_tortosa,work-family-costums_de_tortosa,korneeva-sources-004;korneeva-sources-005;korneeva-sources-009;korneeva-sources-014;korneeva-sources-015;korneeva-sources-016;korneeva-sources-030;korneeva-sources-031;korneeva-sources-032,resolved_relation,same_work_previous_citation,1.0,,,,
mention-1132,ГЛАВА_3_ВЕРСИЯ_3.docx,149,149,1,"Ibid. 4.9.4: «Ús e costuma general és que tot hom se pot obligar ab carta pública deutor a altre, jassia ço que·l creedor sia present o absent, per ço com l’escrivà en qui poder se fa la carta tota via té loc del creedor». P. 200.",relational_reference,"4.9.4: «Ús e costuma general és que tot hom se pot obligar ab carta pública deutor a altre, jassia ço que·l creedor sia present o absent, per ço com l’escrivà en qui poder se fa la carta tota via té loc del creedor». P. 200.",P. 200,P. 200,same_work,Ibid.,mention-1131,,,work-family-costums_de_tortosa,work-family-costums_de_tortosa,korneeva-sources-004;korneeva-sources-005;korneeva-sources-009;korneeva-sources-014;korneeva-sources-015;korneeva-sources-016;korneeva-sources-030;korneeva-sources-031;korneeva-sources-032,resolved_relation,same_work_previous_citation,1.0,,,,
mention-1133,ГЛАВА_3_ВЕРСИЯ_3.docx,150,150,1,Ibid. 6.4.26: «Ego talis rogatus a tali me subscribo pro teste et signum meum appono». P. 314.,relational_reference,6.4.26: «Ego talis rogatus a tali me subscribo pro teste et signum meum appono». P. 314.,P. 314,P. 314,same_work,Ibid.,mention-1132,,,work-family-costums_de_tortosa,work-family-costums_de_tortosa,korneeva-sources-004;korneeva-sources-005;korneeva-sources-009;korneeva-sources-014;korneeva-sources-015;korneeva-sources-016;korneeva-sources-030;korneeva-sources-031;korneeva-sources-032,resolved_relation,same_work_previous_citation,1.0,,,,
mention-1134,ГЛАВА_3_ВЕРСИЯ_3.docx,151,151,1,"Recognoverunt proceres. [XXV]: «Item, quod notarius potest facere testamentum ipso solo existente cum testatore, et quod, ipso facto sive notato in papiro, vocet testes coram quibus dicat se fecisse testamentum ipsius testatoris, et quod valet ac si audivissent testamentum ipsi testes». P. 595.",short_title_reference,"Recognoverunt proceres. [XXV]: «Item, quod notarius potest facere testamentum ipso solo existente cum testatore, et quod, ipso facto sive notato in papiro, vocet testes coram quibus dicat se fecisse testamentum ipsius testatoris, et quod valet ac si audivissent testamentum ipsi testes». P. 595.",P. 595,P. 595,,,,,,,korneeva-sources-034,korneeva-sources-034,resolved_explicit,source_family_unique,0.97,,,recognoverunt_proceres,
mention-1135,ГЛАВА_3_ВЕРСИЯ_3.docx,152,152,1,"Ibid. [XLVIII]: «Item, est consuetudo quod si aliquis fecerit testamentum presentibus testibus, in terra vel in mare ubicumque sit, in scriptis vel sine scriptis, seu suam voluntatem etiam aliquo notario non presente, in ipsa voluntate verbotenus dicta vel scripta, quod valeat ipsa ultima voluntas sive testamentum, dum testes qui interfuerint ipsi ultime voluntati vel testamento infra sex menses ex quo fuerint in Barchinona iurent in ecclesia sancti Iusti, super altare sancti Felicis martiris». P. 599.",relational_reference,"[XLVIII]: «Item, est consuetudo quod si aliquis fecerit testamentum presentibus testibus, in terra vel in mare ubicumque sit, in scriptis vel sine scriptis, seu suam voluntatem etiam aliquo notario non presente, in ipsa voluntate verbotenus dicta vel scripta, quod valeat ipsa ultima voluntas sive testamentum, dum testes qui interfuerint ipsi ultime voluntati vel testamento infra sex menses ex quo fuerint in Barchinona iurent in ecclesia sancti Iusti, super altare sancti Felicis martiris». P. 599.",P. 599,P. 599,same_work,Ibid.,mention-1134,,,korneeva-sources-034,korneeva-sources-034,korneeva-sources-034,resolved_relation,same_work_previous_citation,1.0,,,,
mention-1136,ГЛАВА_3_ВЕРСИЯ_3.docx,153,153,1,"Ibid. [LI]: «Creditur et statur relationi unius sagionis, dummodo reperiatur scriptura in capibrevio vel in actis iudicis». P. 600.",relational_reference,"[LI]: «Creditur et statur relationi unius sagionis, dummodo reperiatur scriptura in capibrevio vel in actis iudicis». P. 600.",P. 600,P. 600,same_work,Ibid.,mention-1135,,,korneeva-sources-034,korneeva-sources-034,korneeva-sources-034,resolved_relation,same_work_previous_citation,1.0,,,,
mention-1137,ГЛАВА_3_ВЕРСИЯ_3.docx,154,154,1,"Les Coutumes de Perpignan. [LXII]: «Nemo agens teneatur in tota causa exprimere causam seu peticionis, dum tamen eam de pecunia sibi solvenda faciat cum instrumento publico facto in scribania Perpinyani». P. 584–585.",short_title_reference,"Les Coutumes de Perpignan. [LXII]: «Nemo agens teneatur in tota causa exprimere causam seu peticionis, dum tamen eam de pecunia sibi solvenda faciat cum instrumento publico facto in scribania Perpinyani». P. 584–585.",P. 584–585,P. 584–585,,,,,,,korneeva-sources-029,korneeva-sources-029,resolved_explicit,source_family_unique,0.97,,,coutumes_de_perpignan,
mention-1138,ГЛАВА_3_ВЕРСИЯ_3.docx,155,155,1,"Ibid. [XI]: «Contra instrumenta scribanie Perpinyani non admittitur probatio, nisi per testes eorum instrumentorum, vel nisi per tabellionem et testes». P. 570.",relational_reference,"[XI]: «Contra instrumenta scribanie Perpinyani non admittitur probatio, nisi per testes eorum instrumentorum, vel nisi per tabellionem et testes». P. 570.",P. 570,P. 570,same_work,Ibid.,mention-1137,,,korneeva-sources-029,korneeva-sources-029,korneeva-sources-029,resolved_relation,same_work_previous_citation,1.0,,,,
mention-1139,ГЛАВА_3_ВЕРСИЯ_3.docx,156,156,1,"Usatges de Barcelona. Us. C3 (148): «Si quis testamentum uel cartam firmatam de aliqua contencione in placito ostenderit, de alia parte neque per testes neque per firmas scripturas conuincere potuerit, iudex dicat quod rectum ei uidetur, et seruet unicuique suum directum». P. 171.",short_title_reference,"Usatges de Barcelona. Us. C3 (148): «Si quis testamentum uel cartam firmatam de aliqua contencione in placito ostenderit, de alia parte neque per testes neque per firmas scripturas conuincere potuerit, iudex dicat quod rectum ei uidetur, et seruet unicuique suum directum». P. 171.",P. 171,P. 171,,,,,,,work-family-usatges_de_barcelona,korneeva-sources-037;korneeva-sources-038;korneeva-sources-039;korneeva-sources-040;korneeva-sources-041;korneeva-sources-042,resolved_work_edition_ambiguous,work_resolved_edition_ambiguous,0.9,,,usatges_de_barcelona,
mention-1140,ГЛАВА_3_ВЕРСИЯ_3.docx,157,157,1,"Justícia i resolució…2024. Doc. 830: «Auditis racionibus et allegacionibus utriusque partis, visis instrumentis et cognitis, testibus etiam receptis et diligenter examinatis». P. 1023.",short_title_reference,"Justícia i resolució…2024. Doc. 830: «Auditis racionibus et allegacionibus utriusque partis, visis instrumentis et cognitis, testibus etiam receptis et diligenter examinatis». P. 1023.",Doc. 830; P. 1023,Doc. 830; P. 1023,,,,,,,korneeva-sources-025,korneeva-sources-025,resolved_explicit,source_family_unique,0.97,,,justicia_i_resolucio,
mention-1141,ГЛАВА_3_ВЕРСИЯ_3.docx,158,158,1,Ibid. Doc. 830: «Sicut continetur in instrumentis a monachis Sancti Cucufatis prolatis atque utpote dicta testium a predictis monachis prolata asserunt». P. 1024.,relational_reference,Doc. 830: «Sicut continetur in instrumentis a monachis Sancti Cucufatis prolatis atque utpote dicta testium a predictis monachis prolata asserunt». P. 1024.,Doc. 830; P. 1024,Doc. 830; P. 1024,same_work,Ibid.,mention-1140,,,korneeva-sources-025,korneeva-sources-025,korneeva-sources-025,resolved_relation,same_work_previous_citation,1.0,,,,
mention-1142,ГЛАВА_3_ВЕРСИЯ_3.docx,159,159,1,Ibid. Doc. 830: «Per instrumenta vel testes seu per affrontaciones». P. 1024.,relational_reference,Doc. 830: «Per instrumenta vel testes seu per affrontaciones». P. 1024.,Doc. 830; P. 1024,Doc. 830; P. 1024,same_work,Ibid.,mention-1141,,,korneeva-sources-025,korneeva-sources-025,korneeva-sources-025,resolved_relation,same_work_previous_citation,1.0,,,,
mention-1143,ГЛАВА_3_ВЕРСИЯ_3.docx,160,160,1,Costumbres de Lérida. [134]: «Suspectum potest quis dicere quodlibet instrumentum etiam sine inscripcione non abolitum vel deletum». P. 188.,short_title_reference,Costumbres de Lérida. [134]: «Suspectum potest quis dicere quodlibet instrumentum etiam sine inscripcione non abolitum vel deletum». P. 188.,P. 188,P. 188,,,,,,,work-family-costums_de_lleida,korneeva-sources-011;korneeva-sources-012;korneeva-sources-019,resolved_work_edition_ambiguous,work_resolved_edition_ambiguous,0.9,,,costums_de_lleida,
mention-1144,ГЛАВА_3_ВЕРСИЯ_3.docx,161,161,1,Ibid. [134]: «Et est ei fides facienda». P. 188.,relational_reference,[134]: «Et est ei fides facienda». P. 188.,P. 188,P. 188,same_work,Ibid.,mention-1143,,,work-family-costums_de_lleida,work-family-costums_de_lleida,korneeva-sources-011;korneeva-sources-012;korneeva-sources-019,resolved_relation,same_work_previous_citation,1.0,,,,
mention-1145,ГЛАВА_3_ВЕРСИЯ_3.docx,162,162,1,Ibid. [129]: «Unius testis presumpcio contra instrumentum non admittitur». P. 187.,relational_reference,[129]: «Unius testis presumpcio contra instrumentum non admittitur». P. 187.,P. 187,P. 187,same_work,Ibid.,mention-1144,,,work-family-costums_de_lleida,work-family-costums_de_lleida,korneeva-sources-011;korneeva-sources-012;korneeva-sources-019,resolved_relation,same_work_previous_citation,1.0,,,,
mention-1146,ГЛАВА_3_ВЕРСИЯ_3.docx,163,163,1,Ibid. [136]: «Illum talionem non facit iudex solvi». P. 188.,relational_reference,[136]: «Illum talionem non facit iudex solvi». P. 188.,P. 188,P. 188,same_work,Ibid.,mention-1145,,,work-family-costums_de_lleida,work-family-costums_de_lleida,korneeva-sources-011;korneeva-sources-012;korneeva-sources-019,resolved_relation,same_work_previous_citation,1.0,,,,
mention-1147,ГЛАВА_3_ВЕРСИЯ_3.docx,164,164,1,"Les Coutumes de Perpignan. [XI]: «Contra instrumenta scribanie Perpinyani non admittitur probatio, nisi per testes eorum instrumentorum, vel nisi per tabellionem et testes». P. 570.",short_title_reference,"Les Coutumes de Perpignan. [XI]: «Contra instrumenta scribanie Perpinyani non admittitur probatio, nisi per testes eorum instrumentorum, vel nisi per tabellionem et testes». P. 570.",P. 570,P. 570,,,,,,,korneeva-sources-029,korneeva-sources-029,resolved_explicit,source_family_unique,0.97,,,coutumes_de_perpignan,
mention-1148,ГЛАВА_3_ВЕРСИЯ_3.docx,165,165,1,"Bowman J.A. Shifting Landmarks: Property, Proof, and Dispute in Catalonia around the Year 1000. Ithaca; London: Cornell University Press, 2004. P. 152–156.",full_reference,"Bowman J.A. Shifting Landmarks: Property, Proof, and Dispute in Catalonia around the Year 1000. Ithaca; London: Cornell University Press, 2004. P. 152–156.",P. 152–156,P. 152–156,,,,,,,korneeva-research-207,korneeva-research-207,resolved_explicit,exact_title,0.98,,,,
mention-1149,ГЛАВА_3_ВЕРСИЯ_3.docx,166,166,1,"Justícia i resolució... 2018. Doc. 25: «…scripturae emptionis, donationis et commutationis, quae perditae fuerunt in Exalata ad delavatione fluvii Tete». P. 73.",short_title_reference,"Justícia i resolució... 2018. Doc. 25: «…scripturae emptionis, donationis et commutationis, quae perditae fuerunt in Exalata ad delavatione fluvii Tete». P. 73.",Doc. 25; P. 73,Doc. 25; P. 73,,,,,,,korneeva-sources-026,korneeva-sources-026,resolved_explicit,source_family_unique,0.97,,,justicia_i_resolucio,
mention-1150,ГЛАВА_3_ВЕРСИЯ_3.docx,167,167,1,Ibid. Doc. 25. P. 73.,relational_reference,Doc. 25. P. 73.,Doc. 25.; P. 73,Doc. 25.; P. 73,same_work,Ibid.,mention-1149,,,korneeva-sources-026,korneeva-sources-026,korneeva-sources-026,resolved_relation,same_work_previous_citation,1.0,,,,
mention-1151,ГЛАВА_3_ВЕРСИЯ_3.docx,168,168,1,LV. VII.5.2. P. 304–305.,short_title_reference,LV. VII.5.2. P. 304–305.,P. 304–305,P. 304–305,,,,,,,korneeva-sources-027,korneeva-sources-027,resolved_explicit,authoritative_abbreviation_list,1.0,LV,Lex Visigothorum — «Вестготская правда» / «Книга приговоров»,,
mention-1152,ГЛАВА_3_ВЕРСИЯ_3.docx,169,169,1,"Bowman J.A. Shifting Landmarks: Property, Proof, and Dispute in Catalonia around the Year 1000. Ithaca; London: Cornell University Press, 2004. P. 152–156.",full_reference,"Bowman J.A. Shifting Landmarks: Property, Proof, and Dispute in Catalonia around the Year 1000. Ithaca; London: Cornell University Press, 2004. P. 152–156.",P. 152–156,P. 152–156,,,,,,,korneeva-research-207,korneeva-research-207,resolved_explicit,exact_title,0.98,,,,
mention-1153,ГЛАВА_3_ВЕРСИЯ_3.docx,170,170,1,"Iglesias Rábade L. Estudio comparado del régimen jurídico del delito de falsedad documental en el Derecho hispánico e inglés en el Medievo // Estudios de Deusto. 2016. Vol. 64, № 2. P. 76. DOI: 10.18543/ed-64(2)-2016pp67-100.",full_reference,"Iglesias Rábade L. Estudio comparado del régimen jurídico del delito de falsedad documental en el Derecho hispánico e inglés en el Medievo // Estudios de Deusto. 2016. Vol. 64, № 2. P. 76. DOI: 10.18543/ed-64(2)-2016pp67-100.","Vol. 64, № 2; P. 76","Vol. 64, № 2; P. 76",,,,,,,korneeva-footnote-169,korneeva-footnote-169,new_footnote_only_record,new_footnote_only_record,0.9,,,,
mention-1154,ГЛАВА_3_ВЕРСИЯ_3.docx,171,171,1,Idem. Op. cit. P. 76,relational_reference,P. 76,P. 76,P. 76,same_author_op_cit,Idem. Op. cit.,mention-1153,,"Iglesias Rábade, L.",korneeva-footnote-169,korneeva-footnote-169,korneeva-footnote-169,resolved_relation,op_cit_nearest_prior_work_by_author,0.95,,,,
mention-1155,ГЛАВА_3_ВЕРСИЯ_3.docx,171,171,2,Alejandre García J.A. Estudio histórico del delito de falsedad documental // Anuario de Historia del Derecho Español. 1972. T. 42. P. 117–188. Здесь: P. 153–156,full_reference,Alejandre García J.A. Estudio histórico del delito de falsedad documental // Anuario de Historia del Derecho Español. 1972. T. 42. P. 117–188. Здесь: P. 153–156,P. 117–188; P. 153–156,P. 117–188; P. 153–156,,,,,,,korneeva-footnote-170,korneeva-footnote-170,new_footnote_only_record,new_footnote_only_record,0.9,,,,
mention-1156,ГЛАВА_3_ВЕРСИЯ_3.docx,171,171,3,"Филиппов И.С. Рукописи не горят: проблема реконструкции погибших архивов и возможности расширения базы источников по истории Средневековья // Как мы пишем историю? / отв. ред. Г. Гаррета, Г. Дюфо, Л. А. Пименова. М.: РОССПЭН, 2013. С. 213–214",full_reference,"Филиппов И.С. Рукописи не горят: проблема реконструкции погибших архивов и возможности расширения базы источников по истории Средневековья // Как мы пишем историю? / отв. ред. Г. Гаррета, Г. Дюфо, Л. А. Пименова. М.: РОССПЭН, 2013. С. 213–214",С. 213–214,С. 213–214,,,,,,,korneeva-footnote-125,korneeva-footnote-125,resolved_explicit,token_overlap,0.76,,,,
mention-1157,ГЛАВА_3_ВЕРСИЯ_3.docx,171,171,4,"Сафронова Д.П. Фальшивые грамоты в леонской правовой практике X–XI веков // История: переводить, понимать, оценивать (к юбилею М. А. Юсима) / отв. ред. П. Ю. Уваров. М.: Институт всеобщей истории РАН, 2021. С. 123–124.",full_reference,"Сафронова Д.П. Фальшивые грамоты в леонской правовой практике X–XI веков // История: переводить, понимать, оценивать (к юбилею М. А. Юсима) / отв. ред. П. Ю. Уваров. М.: Институт всеобщей истории РАН, 2021. С. 123–124.",С. 123–124,С. 123–124,,,,,,,korneeva-research-106,korneeva-research-106,resolved_explicit,exact_title,0.98,,,,
mention-1158,ГЛАВА_3_ВЕРСИЯ_3.docx,172,172,1,Justícia i resolució… 2024. Doc. 89: «…qui scripturam falsissimam in eius iuditio protulerunt <…> nostreque legis censura qua merebamini eis indulgemus». P. 195.,short_title_reference,Justícia i resolució… 2024. Doc. 89: «…qui scripturam falsissimam in eius iuditio protulerunt <…> nostreque legis censura qua merebamini eis indulgemus». P. 195.,Doc. 89; P. 195,Doc. 89; P. 195,,,,,,,korneeva-sources-025,korneeva-sources-025,resolved_explicit,source_family_unique,0.97,,,justicia_i_resolucio,
mention-1159,ГЛАВА_3_ВЕРСИЯ_3.docx,173,173,1,"Сафронова Д.П. Фальшивые грамоты в леонской правовой практике X–XI веков // История: переводить, понимать, оценивать (к юбилею М. А. Юсима) / отв. ред. П. Ю. Уваров. М.: Институт всеобщей истории РАН, 2021. С. 139–140.",full_reference,"Сафронова Д.П. Фальшивые грамоты в леонской правовой практике X–XI веков // История: переводить, понимать, оценивать (к юбилею М. А. Юсима) / отв. ред. П. Ю. Уваров. М.: Институт всеобщей истории РАН, 2021. С. 139–140.",С. 139–140,С. 139–140,,,,,,,korneeva-research-106,korneeva-research-106,resolved_explicit,exact_title,0.98,,,,
